date,market_transformed,yield_curve_transformed,oil ($/bbl)_transformed,copper ($/metric ton)_transformed,monetary_policy_transformed,volatility_transformed,stock_bond_corr_transformed
1973-12-31,-2.249706491845986,-1.3889542335245144,3.0,2.5313658365906857,1.3507300212916211,2.869834009826377,0.6484704321899624
1974-01-31,-2.093306321811106,-1.0017904564624238,3.0,1.788305448783575,0.976163574614141,1.9141324545571026,0.9782115790657496
1974-02-28,-1.6899557941211785,-0.862877244323974,3.0,2.037113040453374,0.836261362320568,0.43955226241009937,0.9954442529465116
1974-03-31,-1.8351590154391395,-1.0233405619565452,3.0,2.369870756772423,1.0119822019439404,-0.05196731983534781,0.8746009510207274
1974-04-30,-1.7172537431416124,-1.5426048733933038,3.0,2.712842835750554,1.5305784803373255,-0.04642552526964177,0.3960535951328551
1974-05-31,-1.76587909958329,-0.49099817434920995,3.0,2.3821519546357797,0.49255570439053564,-1.075054449450397,0.5182579685222107
1974-06-30,-1.7768110152049819,0.4638672200856193,3.0,1.0746024116571946,-0.4196479964681251,-0.07505212646061538,0.480507336191735
1974-07-31,-2.6050980360496663,0.7732714725807507,2.995808841716202,-0.534520923833178,-0.7343459874729136,1.2827609492240957,-1.2826720868582584
1974-08-31,-2.7576999464994203,0.15091885009437092,2.864377296733502,-0.9631628586023958,-0.10802287702793185,1.8380081099671701,-1.574848115021305
1974-09-30,-3.0,0.9533537759618248,2.7468069271936724,-1.255928409901435,-0.8699554110031277,3.0,0.5401359029180679
1974-10-31,-2.6494196227059716,0.04086752444112675,2.2139920330817358,-1.6089481923346096,0.011672475468337263,2.747801790915008,-0.3066916216933396
1974-11-30,-1.962963486931752,0.2206308247596754,2.150321681316029,-1.9438966062171499,-0.17093162558255304,-0.38954604812353816,-0.7444021642472863
1974-12-31,-2.1253955921379477,0.5856352304345483,2.090701786067335,-2.083902499669159,-0.5537290438429625,-0.9113277634386927,-0.9129069218147344
1975-01-31,-1.409265756653215,1.5448408755929617,-1.3883767448788933,-1.7795388528076883,-1.478186129917557,-0.44528532029296974,-0.67515310861578
1975-02-28,-1.030579080820341,1.685386069846895,-1.3697981893884443,-2.11356794656417,-1.620998003258741,-0.06719650173816519,-0.822544190291268
1975-03-31,-0.7274731145264315,2.1113297210532678,-1.3516575015075214,-2.712906805584095,-2.026202018780117,0.1523510678231052,-0.39021449684992027
1975-04-30,-0.16724718034538782,2.4657334503928183,-0.4158898806053354,-3.0,-2.3713971124208033,0.011404215052497387,0.015116181862151109
1975-05-31,0.3367237026296915,2.0588488637809554,-0.41532408765546325,-2.843159532601968,-1.9882019349657047,-0.11248723158434148,-0.34943971957749653
1975-06-30,0.7190956931145263,1.1254616504431312,-0.4147586233757046,-2.1379154181317097,-1.0953163196275137,-0.8834656510122719,-0.38602422101391987
1975-07-31,0.7312816319733026,1.0714588718470688,-0.17876237112928173,-1.1893248474657083,-1.0438940197731852,-2.071734067638525,0.6407908338715458
1975-08-31,1.10486729312207,1.75490612230244,-0.1803289492538515,-0.8895498517048916,-1.720622613425231,-1.1313167172525158,1.1662119773333204
1975-09-30,1.488141142468959,-0.13036359299707978,-0.1818972382606052,-0.4225620371520829,0.13707655546364714,-2.403193539517463,-0.8286818950905938
1975-10-31,1.1073444364024063,1.5482364011651917,-0.2878508006897564,-0.3678190705526271,-1.5197036903774346,-2.701253314750424,0.02428567443997761
1975-11-30,1.523380155416401,1.3254366433547855,-0.28852673413484126,-0.3917525072126772,-1.2809171367654422,-1.6037523321512153,-0.13438658591983935
1975-12-31,1.5273718814119,1.2523626535561507,-0.28920306464074713,-0.22103873781468755,-1.2186878299242505,-1.3583562170829675,0.04914729653614537
1976-01-31,1.6558794513315742,0.6764867734826179,0.06994330625827819,-0.01107402755429896,-0.6638845491027466,-0.9642193873007093,-0.3653999601833518
1976-02-29,1.2400438113869925,0.3353507968779371,0.06624125016592082,-0.050245033672782144,-0.32944247729201903,-0.5532147958320702,-0.17311375244853539
1976-03-31,1.310213829467955,0.3875903711491166,0.06253572559832037,0.013666478025055436,-0.41926872306145563,-0.7506137220392026,-0.6530690957359195
1976-04-30,0.9523427369344297,0.38198176213029283,0.058826566549612574,0.3536033853950903,-0.4304800520926739,-0.7574806064274785,-1.22078207675188
1976-05-31,0.5829210273706217,-0.12691961438779184,0.05511360593685266,0.4861767389013745,0.09823312746038636,-0.588004943689343,-0.9355562468243833
1976-06-30,0.5813657566325967,0.3457705570310347,0.05139667555866895,0.6554454048364827,-0.36224285344298596,-0.37509234315810064,-0.9093384855884529
1976-07-31,0.9495118659399939,0.6835153037578776,0.07876133797142988,0.7710842284895817,-0.7044154206149793,-0.5607498834736715,-0.651656854367527
1976-08-31,1.0233342667578817,0.7744169846735826,0.07479467039892346,0.48881621095644295,-0.8050522253116158,-1.0780909797256035,-0.8095495074054844
1976-09-30,1.3595309271921208,0.8905782224437018,0.07082390362222339,0.4600246388590588,-0.9388870488650287,-0.9163300418022217,0.15726904874525655
1976-10-31,0.8393969715841334,0.35735711788393765,0.17196262219064204,0.21339309184640798,-0.39380331280312963,-0.32203483766689567,1.019654429214741
1976-11-30,0.6257135841732964,0.614994135433913,0.16715840377966248,0.1978583741274507,-0.6812983104464061,0.36022001685803823,1.3380863686094253
1976-12-31,1.0407705850234688,0.46046582454918594,0.16235224995199554,0.25438499405075715,-0.5197470291312876,-0.7381083973983782,0.8107801962029563
1977-01-31,-0.04895912300466769,-0.026779786507639715,-0.01789945196913237,0.36023417479425796,-0.01356299107359312,-0.6365957624095974,-0.9271918594686602
1977-02-28,-0.12316290063099199,0.1550897094386282,-0.021259078109939003,0.35646476357491447,-0.1854350301436698,-1.027184422380906,-1.0413877040240542
1977-03-31,-0.4211512732272527,0.2402304507370711,-0.024623994703355533,0.30883815949617827,-0.26335472132539,-0.5146919792655641,-0.8513866865445074
1977-04-30,-0.33990188085695144,0.11640150314469233,-0.04754408072522525,-0.16672450442615364,-0.14181161691560634,0.012605906091855702,-0.49633265131627835
1977-05-31,-0.39373786655917464,0.24623321095495923,-0.05077043301025745,-0.28011055536869695,-0.289171526868606,-0.28080093721619387,-0.4505380116636959
1977-06-30,-0.37066055069352355,0.19973157011137946,-0.05400236692426165,-0.4595615511759365,-0.24833233425162363,-0.4046614154440517,-0.5613079301014633
1977-07-31,-0.41548686480050045,-0.16392177534170604,-0.021967552245051033,-0.7482537825292983,0.11820958171426474,0.14570386189706358,-0.9013858165830041
1977-08-31,-0.5089766685260512,-0.30219792268002865,-0.02547955440634402,-0.7082456242202099,0.2562468728583647,-0.21528764112679727,-0.9564701711318617
1977-09-30,-0.6700135058496983,-0.5002675003700734,-0.0289977114869068,-0.5015812943504533,0.46321336104154764,-0.39651990611298843,-1.2635129176251143
1977-10-31,-0.782635409779934,-0.7516955501424971,-0.13073949100888382,-0.16873382365416503,0.7280282006784394,-0.5257142076112344,-2.373941285412013
1977-11-30,-0.5479518001442687,-0.9214156393859072,-0.13351908591027,-0.20407878755057896,0.9132097404965435,0.04063849208682177,-2.697255597037727
1977-12-31,-0.8800064542935098,-0.9872543841551581,-0.1363041461698228,-0.0766684687975478,1.0025547574018299,0.1811991015693729,-1.8905836767951927
1978-01-31,-0.8956092658579838,-0.9479261823815106,-0.38297955452073335,-0.26481526237423,0.9391117741609835,0.1358427966690114,0.32237706026740165
1978-02-28,-0.8840382350652537,-0.9471609068158168,-0.3836325517649115,-0.38607442312146883,0.9414638143276227,0.4491684634310935,0.3224059608760659
1978-03-31,-0.6354936348017481,-1.0583233046127998,-0.38428600212198216,-0.4671831353090604,1.0580973153492677,0.016594789589336814,0.4969444348824332
1978-04-30,-0.11782929343572433,-0.8923631864941193,-0.3573992867306776,-0.25335654752987574,0.900535451373684,0.3167784767115351,0.9631798166631105
1978-05-31,0.07204092954597316,-0.8587689851135265,-0.3504378527369651,-0.11626073190628676,0.8827230324762094,0.3469389886910522,0.6848669841326213
1978-06-30,-0.3324152044998698,-1.0782854006769154,-0.33960791911245747,0.043553000825949637,1.1172749564588798,0.5458821947153771,1.2040384576257916
1978-07-31,0.12889155197544866,-0.6881486131515183,-0.3958406217588411,0.1640503456781669,0.7212109888452705,0.09749728952858949,0.8871148447710001
1978-08-31,0.44669744951168394,-1.05521853239041,-0.38854528162006713,0.4747250833916702,1.0749437590953392,-0.03645096070632737,0.22047070906570054
1978-09-30,0.41202112875284486,-1.1078152773377679,-0.3852623093984975,0.4376941736838322,1.1273635864755562,0.457049114017105,0.14683685114393102
1978-10-31,0.06419529527637682,-1.3670476638318076,-0.3859568688355482,0.5189001636226118,1.3883956895296299,0.7519737867384652,-0.05000416158235708
1978-11-30,0.00847456519964222,-1.5792001726425975,-0.2486072354162437,0.5149683277460815,1.5909343475871958,0.9347262491081403,0.3949687994647534
1978-12-31,0.09012433116100586,-1.6442713492827974,0.2630653460159626,0.4606850508459309,1.6560836904735976,0.796467294987852,0.2394834451524484
1979-01-31,0.7518530275985165,-1.4943510249169631,1.4193319982221277,0.6749799426057816,1.489936551857376,0.11891766570457589,-0.2570294013237453
1979-02-28,0.6529398171768289,-1.5568643253992511,2.620266785039433,1.2358107353557781,1.5567218791433364,0.0455573335279657,-0.3329332413479794
1979-03-31,0.8667057927767566,-1.5080626004894895,2.966035234502833,1.333060221957685,1.499580178693587,-0.003301955254039914,-0.6083169865121469
1979-04-30,0.3581328965428437,-1.604921722374476,2.9630963626124793,1.346147062269267,1.601101811558356,-0.6721689006315108,-1.3915036971927826
1979-05-31,0.14851748368259665,-1.4436432795873475,3.0,1.0033892790152563,1.4193364821552392,-0.15155411514214379,-0.498860096392655
1979-06-30,0.5217555534812803,-0.915274887463731,3.0,0.8631738177765801,0.8830412067773484,-0.5356669361374123,-0.9846044631101115
1979-07-31,0.22620323344492277,-1.1612216317533126,3.0,0.7438285138042664,1.1366430194902426,-0.05960679167719923,-0.5745449380800108
1979-08-31,0.4189340361449672,-1.051014572962449,3.0,0.8709208730294574,1.0515674116169136,-0.19410676777060756,0.49623276846904685
1979-09-30,0.46129151555077436,-0.975169897498278,3.0,1.044969876686269,0.9804353407552097,0.18858634634016025,0.5209470400137841
1979-10-31,0.5816719680200013,-1.582313039064994,3.0,0.8974829183601998,1.616314929770555,0.3113400297478713,0.31442148726313507
1979-11-30,0.7589837546914034,-1.1042279205811039,3.0,0.9628647539962294,1.1388959642930914,-0.9310714170004445,0.10823755357424208
1979-12-31,0.7711686039014551,-1.2753381029045885,3.0,1.082132814877875,1.2874043750293254,-0.9983281132761892,-0.10076803715221037
1980-01-31,0.9202433670540877,-1.1738423812251273,2.9101962663615106,1.5099662381633354,1.2403485045101346,0.21996017174060303,0.895320051999619
1980-02-29,1.1179361121565243,-2.0466150750752345,2.054210257728966,1.5421129421126718,2.1516279156432256,0.778914458463334,0.9331416881043524
1980-03-31,-0.04557319156712399,-2.115535445303803,1.7754969012228459,0.33223670941372346,2.209121971768018,1.926703242636473,1.8783852459502781
1980-04-30,0.21846300186432666,-0.1590639798056864,1.6144629673587565,-0.1466448667315942,0.20895252473005888,1.240922188068079,1.765267869976953
1980-05-31,0.7364373709076636,1.191446693043858,-0.0017254027326955583,0.09362997248435968,-1.1103629307456782,0.39304330663331566,0.8182237554239732
1980-06-30,0.6654347548531493,0.7999511456502316,-0.19145108701796273,0.1204512727798512,-0.7271952594349678,0.742415379795973,0.8915517687378615
1980-07-31,1.1131864559604363,0.5608994664778124,-0.26275679795878365,0.5101050679608148,-0.47252797038702016,0.3877344036659009,1.0673711865587454
1980-08-31,0.7566897955939557,0.2259116406544299,-0.707164562203861,0.06991676932015188,-0.12037114283741591,1.1385459853327902,0.531650789484675
1980-09-30,0.9614531160233067,-0.36410618109554055,-0.9491573442304486,-0.1748408006505961,0.45607477065507995,0.8247764168021526,0.5112698437000337
1980-10-31,1.6104986551526277,-0.014073344478653412,-0.527472005387574,-0.1806526037030476,0.08233636362942637,-0.16930685349266802,1.7020353390271676
1980-11-30,2.1666042397560705,-1.2113082412407583,-0.6104393796508082,-0.26359143314602956,1.2708305535499942,0.4584650455483387,1.9200839360574553
1980-12-31,1.6732109180010422,-0.8304075775032764,-0.5421265315164315,-0.7078413417616151,0.8894060542491693,1.3597235799635277,2.0770085776645937
1981-01-31,0.8100398967440119,-1.0221569037341356,-0.4248234145904291,-1.385698120594605,1.047072735672874,0.18282542011827377,0.983163470373676
1981-02-28,0.9538178454486965,0.2256695935440331,-0.44416748000587164,-2.0169728953370267,-0.2059976961446289,-0.295479633526527,1.1849513118495953
1981-03-31,2.0269378475226794,1.3082332423300405,-0.45203283942333095,-0.95314242311911,-1.2690895001213225,-1.0652690425200153,0.07724709067500243
1981-04-30,1.5200960769948682,-1.924411877279522,-0.5734215661513361,-0.5517057508033781,2.015709716537871,-1.2179678315555877,0.3613431703389668
1981-05-31,1.1740591159466776,-3.0,-0.9557798546833028,-0.6341415476050538,3.0,-0.4508130597338811,1.1592021617050614
1981-06-30,0.8889839672666027,-2.699287805615067,-1.1751670002238999,-0.6545636310508339,2.7702770967328507,-0.34575767343768193,1.1835996068619115
1981-07-31,0.3707150761862691,-2.5239529835103696,-0.8048350226377938,-0.9700521456643465,2.597900224629837,-0.22849171866560672,0.5590592788753963
1981-08-31,-0.22232581343400712,-2.125815292484928,-0.36895534217321885,-0.6283961814441711,2.2044977899574376,-0.10698184208632223,0.22887072329911354
1981-09-30,-0.8702626697422059,-0.7918826028836626,-0.3510331016813726,-0.7180091313150452,0.9196392950244171,-0.08401471750187556,0.17608249405189436
1981-10-31,-0.608003635383315,0.5408793437997845,-0.931772837747149,-0.7535995612779102,-0.45512528473448133,-0.10562580901358193,-0.9911659625659052
1981-11-30,-1.1755126247480223,2.443029323267154,-1.2013079440254089,-0.7224787997279859,-2.3816202181095614,-0.29058494811316177,-1.9583211580358482
1981-12-31,-1.0927080397623419,2.029061445933554,-1.1478583994924212,-0.49042216658768506,-1.9324927770221783,-1.1453918996039865,-2.2617236450909526
1982-01-31,-0.8068917536912602,1.4591877128838606,-1.1930180591685753,-0.5440342787929495,-1.386112357350556,0.5565454597344994,-2.072544469978797
1982-02-28,-1.3883669807151247,1.2648509937508834,-1.3109268575493345,-0.44568607079736,-1.2378596554408092,0.6635696537579878,-2.1014136065487583
1982-03-31,-1.7423682006167194,0.0687901251290238,-1.552577357836109,-0.6176028701390011,-0.05580317448595731,-0.21369308621716543,-1.8721414293368603
1982-04-30,-1.2168416716575086,1.5550250918721749,-1.1579627046428287,-0.6003724605213288,-1.5579628898114746,0.24064218530274264,-1.7431288889570538
1982-05-31,-1.4729638316451676,2.036634089143975,-0.6395650725125606,-0.4539170190342256,-2.0064339314272837,-0.19392732138837065,-2.1180072331829805
1982-06-30,-1.5012430339532175,1.0908801535143204,-0.4514717398799461,-0.7592017403163254,-1.071551627166566,0.297956767205672,-2.1073463779033643
1982-07-31,-1.6109770532995857,2.418857263471865,-0.5444732895038875,-0.48958292293506966,-2.4315371294671264,-0.12057360127868201,-1.806855627512173
1982-08-31,-0.28900798305514397,3.0,-0.6827376095330882,-0.6431076884904716,-3.0,1.7468565273384464,-1.2940407165105343
1982-09-30,0.19735246298540382,2.8903578831161836,-0.5299726243246956,-0.5519531676136817,-2.994545423069144,-0.39259417608407826,-1.0796222522069432
1982-10-31,0.6892289454134728,2.067110524989954,-0.5730386294591978,-0.41915543232250585,-2.180205144821143,1.5704544074110096,-0.5035771048632287
1982-11-30,0.7217068303039157,0.9948504122870876,-0.856799288407429,-0.41990286880715244,-1.079661018087133,1.4797067223375422,0.3485856934561953
1982-12-31,1.1018313287552859,1.3528056138349296,-1.0087360059557755,-0.37473475950824936,-1.470680745387249,0.9472104722050708,0.6102705452128043
1983-01-31,1.5233810336601648,1.8274937714680557,-1.0637708517201359,-0.134120862494244,-1.911390586660156,0.20890512178900358,0.9578022897342503
1983-02-28,2.111743262161722,1.8038404203485183,-0.8804872838359564,0.014144731082181495,-1.8981446289145185,-0.6428152395550736,0.8813858954389605
1983-03-31,2.411970122243735,1.8120978613742365,-0.6896862831394809,0.08193694282868634,-1.8925948476843077,-0.5902757679658841,1.0947452273361657
1983-04-30,2.726297062899112,1.6357532391007745,-0.6895258398312533,0.1967519144326901,-1.7197607234136576,-0.10020859756170948,1.1127955538858625
1983-05-31,2.7573334106502174,1.1082337689129933,-0.9387675596050006,0.3422817879679921,-1.1859778592971877,0.1461575496557291,0.8011767674677605
1983-06-30,3.0,1.4820638338710752,-0.8077293294112443,0.6223113280693586,-1.5611413401624794,-0.21200391029121915,1.1081490533352314
1983-07-31,2.774437618054879,0.37003865941396447,-0.7528383899639867,0.40456210703822765,-0.4405627484706249,0.8802524733379691,0.36240800391124917
1983-08-31,2.145892122488887,-0.29457947784394856,-0.6519491533385556,0.293246617758294,0.23454843652335117,-2.122693191798525,0.3750476859483082
1983-09-30,2.124005682039328,-0.37642754940230455,-0.8745883358534559,0.21253383048419686,0.332929857162474,-0.8079628753289158,-0.14660192487712917
1983-10-31,1.2875721599339556,-0.14356868893115746,-0.9714036725190069,-0.049757758638814,0.15991122769453184,-2.248658010917137,0.44849767413362396
1983-11-30,1.1682571434361924,-0.15371857699205355,-0.8938517556384379,-0.08321337386650103,0.16232062146336848,-2.36095274881974,0.36625504453973656
1983-12-31,0.9690856976431279,-0.3123420322994551,-0.7427977239522339,-0.07142953426879552,0.3366601339395182,-1.41915079536597,0.21171512154328553
1984-01-31,0.638937378782042,-0.2365526407894604,-0.5855146044699642,-0.3135511301972837,0.24197043272832028,-1.5134430465714224,-0.1350072657388274
1984-02-29,0.15885933101401542,-0.3695862173408387,-0.3371634301311992,-0.3395780715308147,0.4023306707777478,0.10863357270783501,-0.22252359255153822
1984-03-31,0.004363782773938588,-0.315941873410935,-0.16900057047388717,-0.09032474241556238,0.35611272724300624,0.20678364867851726,-0.4980119135012411
1984-04-30,-0.5571076409824882,-0.5186990989774231,-0.3483581165522808,-0.15977285508318506,0.5730139931921097,-0.057321786460389886,-0.10553137557249175
1984-05-31,-0.9537496765933242,-0.2903946755272827,-0.30837461626279244,-0.5602139888841192,0.37561150504869295,-0.4037923179674342,-0.45307544982250414
1984-06-30,-1.095461572093945,-0.29944124301860614,-0.4428714585321391,-0.5263506997376665,0.37506183557178024,0.30355347664306404,-0.9550127572360215
1984-07-31,-0.9784434193388563,-0.3824683046403872,-0.6540247457546058,-0.6027199635600076,0.38815751709325624,-0.9583610947467979,0.7063857702842302
1984-08-31,-0.24237629882284262,-0.4677032957363487,-0.6432517745063843,-0.4527098126726722,0.4564051986257868,0.41438423504845506,0.7240656729349134
1984-09-30,-0.39796743134059565,-0.506695256578333,-0.523981424563597,-0.3828705715484496,0.5018008550974575,0.04445148634078766,1.1433314500755694
1984-10-31,-0.2808226646755789,-0.14285219328576573,-0.5213814158986534,-0.1707424985190912,0.11869462387386523,0.21152746984010112,0.6744722527958324
1984-11-30,-0.6083984127148293,0.2258480455136757,-0.4773164751821968,0.06746019019953176,-0.2356911819187701,0.37221345297052233,0.7563166259081745
1984-12-31,-0.3310028712367737,0.4853806138916457,-0.5367981061226073,-0.05687982165224267,-0.49075429834121725,0.850123231741688,0.8557129411916341
1985-01-31,0.4824105572116692,0.369091432761813,-0.5956353531294759,0.09925226667057543,-0.38841782788875784,0.5307644318598308,0.7253647336409149
1985-02-28,0.9411191848513185,0.30993047684415037,-0.48187717189384005,0.026912003988999473,-0.3178736943291159,-0.9175584095555244,1.0171898520318527
1985-03-31,0.7683081658355239,0.6471148647622357,-0.49467806040088014,-0.16190145898948624,-0.666357592699817,-0.3131729943670629,1.0872167078205668
1985-04-30,0.6542658381966969,0.7691929499651067,-0.5052715405601825,-0.005672629431267648,-0.8014723723883455,-0.4945828495963473,0.7098107586243452
1985-05-31,1.775496928473119,0.9834697859686945,-0.6493494524865916,0.3358270538011003,-1.0873920988842098,0.1695993087562781,1.9463704381767697
1985-06-30,1.7191937912398005,1.1710100066364637,-0.6274462933842471,0.19688667898442494,-1.260351004836902,-0.5834952532824049,2.04543864868153
1985-07-31,1.7736429193421848,1.2231699816013433,-0.4707360526720511,0.40544154487001177,-1.2599234406614919,-0.0009597635871726124,0.656444762544972
1985-08-31,0.704239468781493,1.3591293101841497,-0.4045502365795044,0.21589723966195562,-1.3927073990171641,-1.0014363357939489,0.08956786422088121
1985-09-30,0.3601834011234256,1.2297441390636223,-0.43296730016912083,0.17947191343405336,-1.2553406759699346,-0.0043031338576551515,-0.08441063792008642
1985-10-31,0.8044557761242979,0.7067321600711336,-0.24307787875081394,0.28588339611003766,-0.7458412038336366,-0.5632003595847394,-0.40596343901227155
1985-11-30,1.641528846767167,0.48685511559853806,-0.1037014376489689,0.02316085438661094,-0.5451246085605748,-0.18692322525124858,-0.6196231909197955
1985-12-31,1.916821636219198,0.27774881035869964,-0.2828047474524443,0.15181923604344139,-0.3680163991191827,0.07863368325516269,-0.7337092415039004
1986-01-31,1.2348622085086682,0.40882566131533626,-0.5114256693367827,0.1186918820872858,-0.4733870053408757,0.7391002562080332,-0.6306973529351468
1986-02-28,1.9573617616880765,0.4987701207183097,-1.8516912660305078,-0.0072061447221589735,-0.6203056532328082,0.3568138443385902,-1.338632866429615
1986-03-31,2.561754934183978,0.6199440173766714,-2.273557794970861,0.10361366476032582,-0.7506138745376334,0.5547905327757124,-1.4019366968132863
1986-04-30,2.3488856750429563,0.5897121535530044,-2.2968922801613796,-0.251095038818097,-0.7117727459584378,1.8461622012143053,-1.489265188956319
1986-05-31,2.37962482926032,0.2949094046870856,-1.8565821695176747,-0.3742488638114468,-0.36585152396162457,0.8115972349756099,-1.2723171765084254
1986-06-30,2.3617516858538856,0.2797749746563803,-2.012715734429732,-0.09195242616015156,-0.375798273900647,0.828914702601696,-1.093610136458379
1986-07-31,1.6374823534132534,0.5136890786777815,-2.2359291296871717,-0.4098590113628451,-0.6070150734612564,1.4447923577916473,-0.44424043369640187
1986-08-31,2.497683421268063,0.6993275698652319,-1.759691361814942,-0.36175648744702016,-0.7838916767438325,0.5429026329374529,-0.14339604784534488
1986-09-30,1.7371570792447473,0.665613403233839,-1.6727246198723866,-0.0632766837396995,-0.7336597863354238,2.342472837754159,-0.4016674449915455
1986-10-31,1.9251222890438273,0.7277769442982411,-1.7532375475835489,-0.20423273467842196,-0.7837825048990738,0.26723114383272406,-0.13248382866710517
1986-11-30,1.5605213551781758,0.6470285344981694,-1.748935797883819,-0.19534707730090825,-0.698704318843203,0.9978716181006942,0.05703761384620656
1986-12-31,0.801512408542575,0.5168046891498175,-1.325368045348159,-0.15770807963174852,-0.5510817261243317,0.0303486730343591,0.16908643698663442
1987-01-31,2.1921638672323143,0.503117777582713,-0.8135229467467936,-0.2020882076373456,-0.5424494574526757,-0.1939063935437292,0.6139559985686481
1987-02-28,1.9149570619895762,0.6156918406059463,0.13371238431872876,-0.056361199542109656,-0.6121026459324591,0.33659295516169807,1.3507751073847356
1987-03-31,1.677431690830351,0.3235404181796317,0.5777738332549928,0.087123399226791,-0.29860469422557023,0.513152996491225,1.5836283831354512
1987-04-30,1.6439489651938366,0.28668372161772204,0.6785682200934902,0.17125836312135106,-0.2379644297264667,1.1370262843345882,1.4688224562777454
1987-05-31,1.1787821879252067,0.29011633488321587,0.5178732386544734,0.32204948164515307,-0.2560332509380204,1.011287047430409,0.23882170097861244
1987-06-30,1.602925086334318,0.158985904992547,0.7691749709238614,0.4844334388430705,-0.11152465224791179,-0.745606756572339,-0.2751184990612194
1987-07-31,2.768290333800593,-0.03194061913618899,1.125156927480005,1.0449687811842217,0.0779642355104919,-1.5645912367761503,-0.5261163116071013
1987-08-31,2.444987209004496,-0.31858309192003725,0.5455352888143752,1.3323073461646187,0.37336663654078484,0.5393462165599461,-0.3156399732973487
1987-09-30,2.883603111317613,-0.442762374424647,0.43430052679048553,1.3402070946549587,0.4938728683588495,-1.0004846555389373,0.0847911000304074
1987-10-31,-0.4434223345809025,0.05785247368438603,0.4790362256409355,1.8543316695985363,-3.091392738187985e-05,3.0,2.6734662605900787
1987-11-30,-1.5099146257852514,0.16263224497360326,0.3218778771149341,3.0,-0.08750561947213169,1.4652396042258364,2.6497878254591782
1987-12-31,-0.5624059627259015,0.07177146648326828,0.04598367314145233,3.0,-0.011280073604739583,1.5235007920071117,2.346254476573759
1988-01-31,-1.4424392052476736,0.03356464997700385,-0.25142252710206614,3.0,0.005073340465032088,1.8119905489407533,1.882986258539418
1988-02-29,-1.413555067931586,-0.027889017953442657,-0.22639041425658227,2.1766767129394466,0.0585510450866586,0.10841400139541935,1.5854566614356314
1988-03-31,-2.040286428129067,-0.0025784898141929524,-0.40678397629252666,1.9843724612081104,0.03815043671018334,-0.3042984075681927,1.2600910313936546
1988-04-30,-1.7828651948225644,-0.16273763074798772,-0.2254143576059327,1.7223989568010045,0.17342462484737067,-0.364011083582016,1.4929273323387917
1988-05-31,-1.7878980783795555,-0.28401233686016575,-0.31078923516398255,1.972388948098009,0.28915932625319296,-0.21200557992699837,1.7913831367278008
1988-06-30,-1.8576241011091872,-0.33126937201554946,-0.4473810077660994,2.0151310824529296,0.3236690137685458,0.33536276988590963,1.9708817695989458
1988-07-31,-2.404156519761589,-0.35214478563951374,-0.6458869259860176,0.9565559079781885,0.3442409526951145,0.4884954880719866,2.0113024973169296
1988-08-31,-3.0,-0.43249173188285767,-0.5396714751969781,0.778735682491382,0.41196541285067023,-0.3509657532272221,1.7148853777333113
1988-09-30,-2.3328225678632193,-0.31304278591315765,-0.6403024343911861,1.1818682704648595,0.2623321137252643,-0.7599701017683735,1.5907763817113474
1988-10-31,0.3705259471773714,-0.8789284316048029,-0.77175161711941,1.9392679667372394,0.8139268823389824,-3.0,-2.7004645136092096
1988-11-30,0.9264384715663889,-1.08265680673531,-0.6296018514361195,1.4830872879886934,1.0171907949243473,-1.4391003841428094,-2.948614439968136
1988-12-31,0.4699805763711277,-0.9963879311828316,-0.2508913231339757,1.1320243260002394,0.9458324395129115,-1.5871312271982514,-2.7432133566551458
1989-01-31,0.8020603834740009,-1.1130361320222562,-0.014361859071848884,1.3430737963467245,1.0722288387202998,-1.9044836638131721,-2.510121438879821
1989-02-28,0.12038868152276724,-1.2337911892225348,0.04927829056684478,1.4205731578807006,1.2011889880981976,-0.2714714024316582,-2.4099406375245
1989-03-31,0.6360585193230215,-1.289615616177174,0.37731830641372655,1.719574266922534,1.2375067164034699,-0.1537603216168266,-2.191812614686803
1989-04-30,1.050786861531921,-1.010327999907212,0.3253297080235883,1.5564935464807639,0.953598374000095,-0.8230637977937347,-2.3282603067543652
1989-05-31,1.3754077231380197,-0.9434673088878684,0.24030029837955738,0.3686265196577345,0.8626738378132068,-0.5098595083112154,-2.27107150538706
1989-06-30,0.8817978118485733,-0.645218127754994,0.3304253197150558,-0.25599930364403356,0.5782817581580455,-0.2088993513570038,-1.7519224801722968
1989-07-31,1.857412064806443,-0.43880270903498597,0.47214571753431506,0.38525739630379263,0.3625711135999578,-0.471617759929317,-1.6344270870146411
1989-08-31,2.32144115757859,-0.3259912160697551,0.39633324548373583,0.9880620359409805,0.26898749444832787,-0.010526817897212947,-1.38863110250431
1989-09-30,1.8532371807821544,-0.3425997447329149,0.7413363754842034,0.7430544716051845,0.3015410713610254,-0.2613553118377048,-1.3083934090129357
1989-10-31,1.3094470065575299,-0.25802352530823897,1.0422976079297381,-0.4277508449243509,0.21614143525149096,0.9610349921110218,0.5725878092233202
1989-11-30,1.6306011448901316,-0.017467114693983675,1.0871593264782384,-1.816050353110848,-0.02811093347775853,-0.2186523124825425,1.0279154951844434
1989-12-31,1.7022961618449428,0.10187044899515117,1.008238227128512,-2.5472243381702904,-0.13921201716904247,0.14459010049567012,1.1221709497187333
1990-01-31,0.29228731332209484,0.16020075959036661,0.9509698097233057,-2.373392670631772,-0.16842658061459395,3.0,0.5639125506245976
1990-02-28,0.6485331889722653,0.2585686769916305,0.8976379207190816,-1.72036476259395,-0.26894741045911225,3.0,0.6839376960298194
1990-03-31,0.701664706398323,0.3195984029848491,0.36428432726036253,-1.4782345955690623,-0.3189203839870536,3.0,0.6749741800444519
1990-04-30,-0.0639955831181777,0.13553482888595958,-0.16518544698449222,-1.0215125844672273,-0.11812484869272334,3.0,0.7313459262621878
1990-05-31,0.5512612900474566,0.2433635720111961,0.08984325547347775,-0.08782541435244506,-0.21976232174921767,3.0,0.5769038002769722
1990-06-30,0.5220187971241357,-0.004623320226416563,-0.09228627639018366,-0.009964188038491618,0.027050450109088686,3.0,0.02639900517285364
1990-07-31,-0.42985887936329903,0.032030476853505616,0.2931478189998916,0.47661544904345826,0.0016372537325820221,3.0,0.14829571477769635
1990-08-31,-1.6401650484962467,0.11572146292720632,2.27173738468125,0.32541710095126736,-0.07393240724396306,3.0,-0.37040801018574826
1990-09-30,-2.0355368117576744,0.22287876367520798,3.0,0.2194650447118106,-0.1776579562355523,3.0,-0.2801166914826919
1990-10-31,-1.7865706690110517,0.1803443839214007,3.0,-0.34693725067103987,-0.12834013788619036,3.0,-0.7927337296670952
1990-11-30,-1.3774234149022826,0.11615040317001246,2.517636597384621,-0.1072344219264141,-0.07986887865419932,2.9552649916617253,-1.038187369323574
1990-12-31,-1.336658558283744,0.3316040178085367,1.441118316555791,0.040520818039441305,-0.29299753465668,3.0,-1.09242910273196
1991-01-31,-0.19394839757445945,0.4898870001537919,0.6369013077745678,0.05911925974284933,-0.4641584049413292,-0.9416678436379043,-0.5030105950299109
1991-02-28,0.41215427162420526,0.558518383896888,-0.010952890103287928,0.05474593851945265,-0.5321630700680505,-0.42320280260330984,-0.5077224924935511
1991-03-31,0.41475746221259985,0.6991595436767575,0.22198899205330236,-0.6368282692993287,-0.6685959171073749,-0.7117363807460871,-0.5905533492200031
1991-04-30,0.6869155825618766,0.7662987684374581,0.5820580900793478,-0.6335557840149849,-0.7487259013278006,-0.4903359162847948,-0.5631155415576488
1991-05-31,0.20747474739358368,0.762416973053326,0.6295193737912788,-1.127643910008635,-0.722839133900238,-0.5107150797889557,-0.14729358038806648
1991-06-30,-0.25464522429544484,0.7674397938068354,0.6947982665143753,-0.9666157513742696,-0.7103455801336153,0.2519368161880174,-0.10089076089387337
1991-07-31,0.29451146207825063,0.6461897475393092,0.5511933356892862,-1.3412742299467895,-0.593055946465867,-1.1306071047195785,-0.2407946451336398
1991-08-31,1.4991175604957612,0.6460446361915941,-0.9959940562163159,-1.7424775666657037,-0.6351281652571837,-2.3773880940266654,0.8215524954711437
1991-09-30,1.7266378047374593,0.6007088774218017,-1.927160357808114,-1.683513517547037,-0.6074003602498511,-2.030652495753293,1.0853211946288492
1991-10-31,1.876318397119498,0.739921911896219,-1.9467190734003748,-0.96448761418992,-0.7290360101556029,-2.1454469255217035,1.1807610702027378
1991-11-30,0.8302976016189226,0.9776357238898431,-1.4670827915373204,-0.5862292628480247,-0.9360981682842953,-0.4866383699166165,1.596725685933164
1991-12-31,1.7788768639112336,0.8999270361836323,-1.131706225298353,-0.7089941919754236,-0.8851155287078103,-1.1487450115628155,0.7556610822649673
1992-01-31,1.1228559417616761,0.8201237317576596,-0.5988302722303104,-0.8111071993237343,-0.7751503654412263,-0.6807678380217256,0.5489713827053022
1992-02-29,0.5553160104612698,0.6859247735946906,0.17674441443125533,-0.6650682235691113,-0.6497702117947096,-0.8087110812302901,0.33414394190711955
1992-03-31,0.04442601906331983,0.45966082053060175,0.15110526963446336,-0.5337647842109592,-0.42422315909214364,-0.3094211624428244,0.30080095245809874
1992-04-30,0.3596893528310975,0.5354941780765733,0.2760314475000575,-0.6988979191719614,-0.49009327845260264,-0.566013348646858,0.35207399225060254
1992-05-31,-0.06806560674054857,0.5423298494159343,0.360033553485438,-0.3326311710241287,-0.5118200953410965,-0.4806639702550803,0.07857646799432044
1992-06-30,0.2608426088851294,0.5976872550564397,0.7272239029587779,0.0322680678886112,-0.5821374722143384,-1.0034344973646767,0.3307535614005435
1992-07-31,0.2307051597993379,0.8114170568015898,0.4253657147381628,0.4755057860612962,-0.8012868519186761,-0.46181717449496296,0.18266013962622207
1992-08-31,-0.31607615751961937,0.7864022170484524,0.2774403561629488,0.4749305550458406,-0.7624090913022287,-0.3153680996087125,-0.4889697352689988
1992-09-30,0.02279310456410073,1.003405067704601,0.25139387573945543,0.025517196692241655,-0.9612783673351767,-0.4021961472356014,-1.0114592088748067
1992-10-31,-0.09423233499476794,0.7125558657247789,0.0036167478881656777,-0.43151704503769933,-0.6674646524794818,-0.11501733604668904,-0.8283528894700352
1992-11-30,0.8070724290430941,0.23978907664406138,-0.08150832682666201,-0.6700788795125643,-0.21302208569255768,-1.1189582253857258,-1.2555242496069379
1992-12-31,-0.33760796086314204,0.1004361255238053,0.25924245590274925,-0.21541639005464874,-0.05964562200878525,-1.0418358017888976,0.1878015075432618
1993-01-31,0.008346348738296877,0.15204741246875525,0.19482277370524437,0.08102411958391594,-0.1638829460404831,-0.8104120677827527,0.6127336378127674
1993-02-28,0.030186594001472288,0.17906527832558725,0.3099213936983133,-0.1662714416947222,-0.21108527330230656,-0.6204990493587543,0.6935704511798775
1993-03-31,0.5559593916021,0.3068875585984509,0.3840178715619237,-0.34495737387745196,-0.35043173392683297,-0.632162955898615,1.1804464918825057
1993-04-30,-0.13188849047343856,0.07067003377576288,0.17757132686065746,-0.7614328941667043,-0.13516952989278067,-0.5598800354143688,0.8015890081493475
1993-05-31,0.1654856058128863,0.0050738641751811924,-0.015819728707191266,-1.0931704080261866,-0.04948136282966209,-0.21568932189092505,0.9300756728129161
1993-06-30,0.4014007510780268,-0.05979165288259618,-0.3562312315019245,-1.1267021229875345,-0.0022555769836419145,-0.4280373269666016,0.7815108309009959
1993-07-31,-0.15726634308861248,-0.30404361098648874,-0.43510642400781835,-1.4256445532393538,0.257151911254128,-0.34423482372681696,1.257206681381708
1993-08-31,0.6284314899030607,-0.3312336402390801,-0.31288545304491094,-1.3597771426711904,0.2636192356762496,-0.37898346947424816,0.8472162524011161
1993-09-30,0.37171819205721607,-0.5988102371336216,-0.4986317410897685,-1.2904072680341423,0.5286240623931314,-0.3220583202737551,0.9477415965601842
1993-10-31,0.6123098947789067,-0.5171066632058023,-0.38511781362835507,-1.378250268819637,0.42340853302344117,-0.7444798346549049,1.0143806689831134
1993-11-30,0.0374683920517813,-0.3569028904687692,-0.4046726136302494,-1.2028079671771907,0.29162018891440805,-0.06079874551835339,0.3605376818395868
1993-12-31,0.04503001311559671,-0.3828682218952239,-0.48320319044245075,-1.0924741590131881,0.3338512165143767,-0.2688327147590725,-0.11657902758960471
1994-01-31,0.40967775268185236,-0.4849902944207229,-0.2995947343717949,-1.0184030032670888,0.44240795203292843,-0.377621463387775,-0.4802187814187844
1994-02-28,-0.1795314627936375,-0.6764871320547213,-0.5105553390990328,-0.7922228134616731,0.6845547404444928,0.06083229170270115,-0.8250216187078747
1994-03-31,-1.0848795232799837,-0.7595707079774786,-0.5797838508867803,-0.5600550002056547,0.8075191698133214,0.8313500656284895,-1.4737072332631718
1994-04-30,-0.5812366362299362,-1.0218275134533357,-0.3244511991699415,-0.20349373872676577,1.0742545523017288,0.005814689533558607,-1.1590214385702602
1994-05-31,-0.7248609767849519,-1.1369340631918927,-0.07659366939037357,0.6798430568188606,1.1861518141561243,-0.2182951185606893,-1.299024199421646
1994-06-30,-1.1181822800320833,-1.095723863785386,0.18720173458560724,0.9900634954329867,1.1864342785698874,0.2983391144255569,-1.3842742999349174
1994-07-31,-0.61968261139892,-1.2104596702205581,0.4931249408928184,1.015710626458219,1.276341250980031,-0.24157731490852885,-1.7498073642051235
1994-08-31,-0.5671601442353799,-1.40441621763426,0.3135200034723696,0.849546092290351,1.4895233996041564,-0.15140243794112254,-1.2591671757409544
1994-09-30,-0.8230989035265758,-1.5137621440109374,0.27445862190817477,1.2181911710738262,1.6240573056591325,-0.006046084922712089,-1.3613648340719535
1994-10-31,-0.8008539350581053,-1.6522334014275952,0.21362460680203016,1.7182996035537415,1.7630245521152736,0.21768831536496352,-1.4403837207885246
1994-11-30,-1.1918560621223686,-1.9341201813377735,0.5308769305318713,2.2120896818895166,2.0009568244562623,0.10130697037713697,-0.5659462341916791
1994-12-31,-1.157780022121266,-1.9716411736586397,0.5726504422003628,2.315828194627789,2.0266459003038593,0.018225311383276217,-0.5859418837038393
1995-01-31,-1.2677040793102219,-2.15465475925378,0.6630922949887125,2.139317874844677,2.1869067189482623,-0.009482488615111636,-0.5073246683579444
1995-02-28,-0.2944418289570719,-1.8404108273115294,0.7977031632575698,1.7267018403412422,1.8312304679927014,-0.5638082434531392,-0.15858190251063342
1995-03-31,0.7676685676842684,-1.7356543584680462,0.8040589306433985,1.685448773727288,1.690920962635907,-1.047814829375054,0.3020681086963374
1995-04-30,1.025489818672493,-1.4643881842788313,0.7672796819643737,1.6729468445967626,1.410081161728267,-0.414420352285675,0.23320620997897187
1995-05-31,1.4067128643975717,-1.2537690628883005,0.5253882078024262,0.9131030042602899,1.157646025251207,-0.18488212742608467,0.3097407685023808
1995-06-30,2.0713531494025283,-1.1403559029424497,0.20134496721974168,0.9155542918947113,1.0351901493834497,-0.605352303219047,0.4914498696722274
1995-07-31,2.1142885572812573,-1.0005224528049939,-0.1273280600834432,0.8811407840496353,0.9321747797064203,0.132740851090784,0.7276941619476669
1995-08-31,1.5712785583120223,-0.7039780310400406,0.08049321509087813,0.8940486018699748,0.6358983842093417,-0.21659159803326528,0.5526068825130643
1995-09-30,2.504830793717676,-0.632579459301999,0.2676824857386943,0.47936113520769225,0.5311556887539101,-0.3505163002720983,1.0369049530142893
1995-10-31,2.090326465725715,-0.4495847534849267,0.10945719801826034,0.21120851132134474,0.33427576943962234,-0.24899146861132493,0.9542936019818343
1995-11-30,3.0,-0.10177913774419708,0.11182008650081864,0.040709800405504204,-0.01967658912089045,-0.6958877337676925,0.9806941199416167
1995-12-31,3.0,0.13184890726373852,0.4817635274313012,-0.3897274448181663,-0.24913694613949416,-0.23705999569453273,1.0194467914353467
1996-01-31,3.0,0.40409574667272535,0.30875988707030616,-0.9950496982423124,-0.49178841813436974,-0.08246243905187316,1.048782652994175
1996-02-29,2.726716997199378,0.4287747418915771,0.19284902631192405,-0.8900077940526884,-0.45595167326285446,0.4975239173758583,0.8104970468186703
1996-03-31,2.4519934960729985,0.33137600248457855,0.4757633637778356,-0.9227238422082266,-0.34959497382287213,0.5185992368859487,0.4707041302897074
1996-04-30,2.2636409261221897,0.3536342204351062,0.45620660057360973,-0.8161321519657102,-0.3435684643110118,0.33719126620941503,0.5213574340815563
1996-05-31,2.1243191842003566,0.35849264876521636,0.19904843860081906,-0.4645433385102216,-0.28402335548680907,0.22738128959635284,0.7946844525094214
1996-06-30,1.8671294486794952,0.22060346636744996,0.27445682803261434,-1.7194446075211418,-0.15774178951622062,0.11113573423057752,0.881728050864593
1996-07-31,0.810423447371479,0.10182500282526638,0.7032886490816931,-2.1483520867027677,-0.05622919233162959,0.5588511283632106,0.5857792890921345
1996-08-31,1.068002023519914,0.053748827275159776,0.7850199012089395,-1.9927701779347113,0.008412195074582038,0.4934072870493949,0.5675373204122738
1996-09-30,1.3265515684543483,0.19620956171742984,1.0664111567189312,-1.857341006088968,-0.1383600678426644,0.33090956979704417,0.06057093253403759
1996-10-31,1.7410987920277152,0.16979252077822618,1.4792313782608306,-1.6198408222610174,-0.12825846879159766,0.33505772602958567,-0.09481083959686035
1996-11-30,2.2649632220924443,0.195699712253619,1.1030298513743775,-1.418909537015707,-0.15834322601075945,0.48704298146535585,-0.48119029754659004
1996-12-31,1.6704676696743646,-0.06338144316343461,1.118953364847227,-1.2538291740877023,0.12723592630092398,0.8265621995732548,-0.6800655542147692
1997-01-31,2.1352770223279167,-0.05705102126409743,1.031632706882878,-0.45542532745245684,0.12607961611694002,0.638797781321417,-0.6403573107458811
1997-02-28,2.085739675817783,-0.1500610158955218,0.4378349391211517,-0.37091569791368406,0.17993337150653796,0.28078997021324603,-0.4233102057873352
1997-03-31,1.298758008980155,-0.11926255154297716,-0.16354187149880856,-0.3816099684261174,0.16061764083764163,0.17922239138897503,-0.4568631828314204
1997-04-30,1.9504945273744112,-0.09307981862123813,-0.7442766295228765,-0.485836450833385,0.10014993853458022,0.2940678763380045,-0.5273771708479752
1997-05-31,2.4803088293747364,0.11942744430330068,-0.05786584288676891,-0.3810587943786963,-0.121825952954643,0.1546117453992683,-0.8570798928068163
1997-06-30,2.999782796017845,-0.05698216271202073,-0.244222724540128,0.5856996410870068,0.046772723231064434,0.72611015561596,-1.084026232957353
1997-07-31,3.0,-0.026763602578099017,-0.37796991277565295,0.6262817288403251,-0.02197389131080971,0.00925948291084171,-1.1242103549738236
1997-08-31,3.0,-0.04097859269158742,-0.4764578484932231,0.26009764543545616,0.00598249364002816,0.7026957817798087,-1.1032977627490925
1997-09-30,3.0,-0.12811525930148954,-0.8838596072828523,0.13666706160596054,0.09258784836702252,0.47714949056062766,-0.9369459614356174
1997-10-31,2.3021762292193793,-0.11496549469763229,-0.8634877294065698,0.019890835274045175,0.08556719219971816,1.7841970557218645,-0.5055108687061844
1997-11-30,2.082887910017322,-0.10175587025221793,-0.789751969558013,-0.6444801341340555,0.09835952266900938,0.9632355411511725,-0.26445210068334873
1997-12-31,2.4578278143630987,-0.19414077301673274,-1.4968484441614356,-0.9639307898836215,0.15463585644137262,0.09478066889879756,-0.012888185562719598
1998-01-31,1.9004008480050054,-0.1280078549146125,-1.8405246171256275,-1.369664705822613,0.06901815944777816,-0.03810137391266508,-0.22119933016609505
1998-02-28,2.711144694010113,-0.18107052616347483,-1.3962120153796802,-1.3400134583694283,0.12650046143885876,-0.5821183065769893,0.04942635614741148
1998-03-31,3.0,0.00909782531258658,-1.3570239202646268,-1.2022695669443015,-0.07890220620082138,-0.02797087832291255,0.5992443195549398
1998-04-30,3.0,0.07319486804430617,-0.9476790109116621,-1.038634020879389,-0.12478443200897141,-0.14451929434066013,0.7347924500913373
1998-05-31,2.1466291732296776,-0.17302613418115576,-1.1466003844085546,-1.3594075059539033,0.10803032323058089,-0.02525490339212153,0.7809066178815269
1998-06-30,2.1655884784979986,-0.06301959654520917,-1.160571081483296,-1.638140027966052,0.006151609240301361,-0.4979985346455153,0.8984239177890243
1998-07-31,1.129949250191667,0.02463653523797445,-1.1994817960839195,-1.340576718304926,-0.03794436459063713,0.11639813363344567,1.4627043092775043
1998-08-31,-0.2339432050095604,0.09255962247818601,-1.3167934673109805,-1.0217333631469998,-0.1594010131440533,2.009348423210628,3.0
1998-09-30,-0.09754111762745463,0.34611096351871473,-1.0259574547292156,-0.7046454365214879,-0.4323017122965512,1.792455307711323,2.3897966344513786
1998-10-31,1.332168323722379,0.46631413943007755,-1.437963501890296,-0.7032089667812091,-0.5132911954881795,-1.1202524626289876,2.1859715629063046
1998-11-30,1.6041621429104806,0.3003084279918828,-1.5199421519268186,-0.4689272165371366,-0.34655750920530426,-0.4666545145199269,2.0962596449918802
1998-12-31,2.172211207386501,0.45026508815892397,-1.3879552776785593,-0.3572301523986872,-0.4889808649520644,-0.2550280722614953,1.9701573737098805
1999-01-31,2.5716654678784847,0.3219224192856465,-0.714632563678545,-0.2868049631074856,-0.34695305337740406,0.2471238624219488,2.052217489686015
1999-02-28,1.2311437256160678,0.30769876141978736,-0.6620022835911601,-0.2678524561906361,-0.29288537953130417,0.7644367868814872,1.243818397872899
1999-03-31,1.1594557538379613,0.28460790385442003,0.06322627828868367,-0.4720884597338221,-0.2765011781803291,-0.42602242438345267,0.8349928023362574
1999-04-30,1.5862914218749755,0.09892697722326081,0.5582765174366892,-0.3925948213231467,-0.08806659564083184,0.13157814704230764,0.8404940512117627
1999-05-31,1.4143527988246478,0.08007898838694416,0.4875416661615645,-0.16528754715962882,-0.037763660588706977,0.14848357059942416,0.6772024799426333
1999-06-30,1.7004426977703935,0.02370858667428154,0.8823287169474231,-0.1936984913901293,0.04261655352347189,-0.16453753618750475,0.7295995725818588
1999-07-31,1.323158410185344,0.04395144698995204,1.372588377080084,0.2520203296969982,0.02548417300483345,-0.34288445879308455,0.2946579945802755
1999-08-31,2.9534518456956427,-0.29066538184785773,1.66087972524182,0.33654870414124016,0.3907003512248716,-2.532404226983376,-2.646700452749543
1999-09-30,1.8382891950269133,-0.58018152956313,1.865863809976508,0.4934203102078036,0.7114847593282918,-2.00020283669555,-1.5182408901392406
1999-10-31,1.781011652059028,-0.8466455356902386,1.8062362864306165,0.558130020115138,0.9570731036226375,-0.9175486497762927,-1.7262057348217845
1999-11-30,1.3404588385389846,-0.817822119484411,2.4821017161550207,0.577359431795449,0.9295391372156995,-0.4714502424051568,-1.762909343401966
1999-12-31,1.469213551273014,-0.8556749949227429,2.856625226350249,0.8361579075590843,0.9928346706224997,-0.2452943237516314,-1.3699185707009094
2000-01-31,0.144496829478402,-1.1320217951259712,2.60786149199981,1.0646378430042687,1.2702334272090179,-0.3993202792640798,-1.3347756922259022
2000-02-29,0.2773385769515051,-1.1204236675413732,2.967271186282722,1.0022863826407635,1.1823443509174276,-0.7527641013213581,0.061820393934984036
2000-03-31,1.1463294615086639,-1.3652360759416662,2.4864199481755054,0.9280343178292246,1.3841409302225316,-0.11700017081682469,-0.718587300579886
2000-04-30,0.139553209140981,-1.2151757951629782,1.2695583709276004,0.6174638626463356,1.2460099363437598,-0.06733688415209595,-0.8319416358476879
2000-05-31,0.14889007459954812,-1.0054757223066568,1.8467520000801156,0.7361505051680872,1.0296218880150407,-0.39811243179390027,-0.5836261208610154
2000-06-30,-0.2449139168076316,-1.0751474224576283,2.149723678053276,0.8424661502867397,1.0572417268767214,-0.3620277648867254,-0.871075676582228
2000-07-31,-0.03911909233628726,-1.3803278804393653,1.4331906451615832,0.4998208388140371,1.3409334467950251,-0.6405592370300277,-0.7941529112905299
2000-08-31,0.9573519901952577,-1.2701533698183511,1.4020310119362325,0.5980287209146481,1.2068113238087559,-1.126639903643397,0.21736020024974834
2000-09-30,0.48018121076405307,-1.2863896273857567,1.49996941226634,0.6003120332012177,1.2345340252558727,-0.7663037598488338,-0.2784208096421741
2000-10-31,-0.47627806478828905,-1.1679940765973793,1.5525923522563352,0.5231092531251181,1.111440508276196,0.1639174126882196,-0.3218107947480449
2000-11-30,-1.9864497213253822,-0.9152352587492845,1.3493469655333759,0.30673031837933945,0.8334376079606011,0.838359034062929,0.10495673580036773
2000-12-31,-2.7212711067710478,-0.7002926811522586,-0.07704212958240471,0.34305800813433157,0.581359702577621,0.37874116148514403,-0.7393982312033379
2001-01-31,-1.4379495014217412,0.3516119114103771,0.022462295598688363,0.059296557574758185,-0.4333471897150987,-0.5114993733236342,-0.44425647379270294
2001-02-28,-2.39965433270942,0.5558723916315041,-0.09251077808959907,0.10428362251688464,-0.6282302732349984,0.8451840994159449,-0.9829478285376282
2001-03-31,-3.0,1.1301814394753773,-0.5337178690827719,0.17026042248241652,-1.1416042267009179,0.7559986870604509,0.1929557925806616
2001-04-30,-2.8014657642449103,1.4013319491702716,0.3096196137049233,0.13881862268983447,-1.3804389739460763,-0.14853257835113734,1.043130026370627
2001-05-31,-2.38098333522021,1.521780713988064,-0.025399229606715874,-0.04570020027587781,-1.493538263568005,-0.19910537390200797,0.9892305010100136
2001-06-30,-2.8544723780160792,1.7108365154188503,-0.5567689524168281,-0.13296021325446097,-1.6516496278406732,-0.10153665542007344,1.319806291931992
2001-07-31,-2.6639540850759467,2.0430445118820644,-0.6762902868510342,-0.3999718388120467,-1.9951779726631849,0.12384995128680752,1.2000028958582516
2001-08-31,-3.0,2.2356178684148826,-0.6977300634521967,-0.6468232455618453,-2.172969327096872,1.3700767870594455,1.7623493486530686
2001-09-30,-3.0,2.888222125981049,-1.344610583574689,-0.9435438022030352,-2.8196236372397996,1.9337708539906113,1.9352338250533396
2001-10-31,-3.0,3.0,-2.0574034436084476,-0.9133174896626306,-3.0,1.674338558264475,1.8736191112068457
2001-11-30,-1.8136879355206734,3.0,-2.5695239128149847,-0.5957533284572668,-3.0,-1.190960042797395,1.6392290057170422
2001-12-31,-1.7520886723567897,2.9633216919404375,-1.3114944060008042,-0.6164552440480362,-2.8252021366314155,-0.6996214921201324,2.134347490749014
2002-01-31,-2.1336105327056183,2.2112457847059166,-1.326663831736336,-0.4229951920672342,-2.113324833069428,-0.3161287847212079,1.8140410416795318
2002-02-28,-1.4138668965701744,2.0998553226813006,-1.3890792950172837,-0.26122794813023287,-2.002371142934535,-1.3768820375481179,1.497574430073961
2002-03-31,-0.599740685926928,1.7029817765341015,-0.32568721767526904,-0.11976621553345997,-1.5853286715528954,-2.1375605318016606,1.2445843781658747
2002-04-30,-1.6443290361219285,1.3901483060920157,-0.12675187739643484,-0.0005158853662197218,-1.3374810176263825,-0.7609524862713902,0.5171710410432159
2002-05-31,-1.718802338818628,1.1839559070635701,-0.40977374421722335,-0.026451690278819676,-1.148238209244795,-0.5968341971678752,0.455865659964131
2002-06-30,-1.9729132349023142,1.2185870990968584,-0.5104326900034151,0.2303297444968844,-1.1963663369078814,0.9974849853527364,0.3399925440883923
2002-07-31,-2.3214045513429498,1.1322034607244535,0.10824757854840278,0.2859273546591258,-1.1148643188134044,1.6899695171481461,0.5150829621346273
2002-08-31,-1.766644594202494,1.026780760088083,0.10782777773915697,0.19064051883929006,-1.021607000500275,1.1933333943385782,-0.02570968194120559
2002-09-30,-1.7802040915486934,0.37531347001252585,0.48494247359989806,0.26760407937458497,-0.4147705871706834,1.1806376654999464,-0.060879701492863925
2002-10-31,-1.4393782583734938,0.29550186328139716,1.1374196334303677,0.374394363691364,-0.29319821054203943,-0.6003564574312963,0.26212080085963857
2002-11-30,-1.5868045030616649,0.2365159029206683,0.9542555557769237,0.4661173106207416,-0.24937777830553234,0.4526825099466811,0.07417030341102014
2002-12-31,-1.9348151908191336,0.15706197637952318,1.552245624314769,0.4008495571489088,-0.2221094967828237,0.6446955673339916,0.018546617841371318
2003-01-31,-1.9260398257125726,0.236090177710761,1.8994446085438035,0.4407134484149118,-0.2862367346851742,1.5494968569069878,-0.03752244699586076
2003-02-28,-1.8328840128814987,0.20984589453019015,2.0713972359636013,0.3939826042791364,-0.2693863989268856,1.1684891246493645,-0.007459471387484494
2003-03-31,-1.9766469919004819,0.26155799363596893,1.0008467959986587,0.25322962531727455,-0.3502699095258778,1.7819012297795813,-0.06880326834612359
2003-04-30,-1.1714352485278545,0.273060479682923,-0.12260316232747204,0.13254870266787627,-0.3359298816386194,-0.3960876341798648,-0.09936465572537727
2003-05-31,-0.8440166605707285,0.23161947999284735,-0.07898656002024622,0.23823527038959677,-0.3294380564124016,-0.3626470316161666,-0.4228679750031173
2003-06-30,-0.3450218132325804,0.41342404827064355,0.42920772261051404,0.20256180849673594,-0.4754422270965111,-1.289678856143287,-0.4286097089021467
2003-07-31,0.18075284124426852,0.44500759235008147,0.319434526776431,0.3593899377284874,-0.41045277666425184,-2.3763113469473365,-0.8432009137607098
2003-08-31,0.2531601871516303,0.4234218752932106,0.32212634524543116,0.6769372512581077,-0.3679815525907584,-2.53963764886894,-0.6805668473110614
2003-09-30,0.7435011697259035,0.35430160489512874,-0.41922074181645114,0.7260293703954502,-0.3011469593353383,-2.9009466290974486,-1.0072478709971429
2003-10-31,0.6487083827515073,0.26579796686786117,0.06937304904662106,0.970916299186717,-0.21246968983193276,-2.5183463451646446,-1.1487557215353554
2003-11-30,0.4032598861310595,0.09678331928032997,0.5908324102011864,1.0291055588642868,-0.07106743933872017,-1.8728555977617936,-1.1857015817466536
2003-12-31,1.0058257398338446,0.10551242353695837,0.15165704382219639,1.2813440761515518,-0.05590798653612095,-1.7064657219012804,-1.5231208781690484
2004-01-31,1.2283665472738994,0.06356983498038095,-0.10737662048456166,1.6006906712413316,-0.036305851389706024,-2.2815325523540513,-1.340818627188491
2004-02-29,1.3616776019529206,0.06658024134404503,-0.4891775153887215,2.153375686650763,-0.030094698201264827,-2.288527383243401,-1.436117955703982
2004-03-31,1.2004790591782115,-0.020457399947706033,0.345508686419019,2.604253807565865,0.03413484456343468,-1.8576431757401866,-1.3515860088577851
2004-04-30,0.7125691263728243,0.007164735592157477,1.1724227398630667,2.532088006416217,0.0543154234003989,-0.6453033558736934,-1.6120881123912754
2004-05-31,0.5239399837626847,-0.03870572052304495,1.7149805142567354,1.9642554261159209,0.1476921465749637,-0.6328886777070774,-0.9435327354381556
2004-06-30,0.5660130368645725,-0.4432737536713391,1.0332597797944485,1.7784966270151183,0.5228650724274653,-0.7940681862465088,-0.9567199687045504
2004-07-31,0.2626610638329448,-0.5483759666941793,1.300060950725833,1.928112193168136,0.5445529209622251,-0.6444339114111953,-0.5668827865029251
2004-08-31,0.17630385720375313,-0.676366156784145,1.7880310110378477,1.8715136074096004,0.6461403720097512,-0.5213378459386525,-0.5622643030913159
2004-09-30,0.2928824815597721,-0.755365661283345,2.114558735627155,1.8804151314342925,0.7631449683164124,-1.3585379550208483,-0.5123138113887412
2004-10-31,0.07666443838216161,-0.9482188636029296,2.53834667867804,1.8441746358114,0.919500998687644,-0.0050925331988812385,-0.9991730218147958
2004-11-30,0.26782068547286203,-1.2081926694425342,1.7216472933845088,1.8076957902507553,1.1999254220205589,-0.4583684811845456,-0.5925852816449931
2004-12-31,0.1779975539252045,-1.2363779147965754,1.0854169288015358,1.6060962347222538,1.225789921820794,-0.7234255617402492,-0.2828327427777008
2005-01-31,-0.09651334627795807,-1.4637439768078635,1.4588496118859264,1.2702506898260775,1.4559889791644067,-0.546041491295406,-0.2990306254866642
2005-02-28,-0.05181839980417431,-1.6423397203178087,1.7182756751648693,0.8251611459565175,1.6633824363302865,-0.35807117038478437,-0.04875283861526231
2005-03-31,-0.0751355375909842,-1.6613191347511023,2.236729605718322,0.6142146016903538,1.7045238785547634,-0.39989134727284364,-0.32418103964366174
2005-04-30,-0.10082635928788543,-1.8090731437577945,2.1256641059885917,0.7725695304907013,1.7725450424805147,-0.28122047332789424,0.7614669604961608
2005-05-31,0.015449107596819207,-1.7830099420930272,1.123975028641863,0.9080350362943654,1.7188018070150606,-0.3253762836474685,0.1955111783106001
2005-06-30,-0.09316117320434797,-1.7142889905912517,2.242712415223081,1.5083240755210034,1.649257513905398,-0.33984975783557625,0.20682867847730504
2005-07-31,0.352491129816024,-1.7898440781932237,2.1945079605277087,1.440286357595261,1.7613671746193187,-0.5374297112586478,0.26358676372368756
2005-08-31,0.2618231594368071,-1.7130079967136969,2.3075059153949176,1.6975127558410292,1.691363536727454,-0.38465856053565034,0.33715765432815986
2005-09-30,0.25204803067671633,-1.6130966292103441,2.2740557550967924,1.692531571366888,1.6162792522990492,-0.20532005551272065,0.4452785231126215
2005-10-31,0.04953546650285555,-1.6734786991327122,1.0678788981771221,1.8122807250289765,1.696718424242343,-0.13863054646297224,0.7774827813175408
2005-11-30,0.04676020946533683,-1.471978408269704,1.263176286937044,1.94649308510554,1.4679773832866914,-0.1751572065127712,0.13538675368910613
2005-12-31,-0.16233340040528924,-1.5396730897042339,1.8189299413201847,2.3767390732523603,1.535538803285184,-0.18016558530985102,0.3475888687517197
2006-01-31,0.18197053065067947,-1.6017120211113953,2.0401685316484333,2.5179878081656777,1.6110911717592025,0.011416886382661966,0.23558555778131385
2006-02-28,0.06656110165457842,-1.4878685575647068,1.4162601173649427,2.68934101066491,1.4836841650276946,0.03583194469824499,0.05604545602825666
2006-03-31,0.2718123675009726,-1.4299553934802622,0.7744191390009719,2.5823094822674415,1.4385449571416407,-0.3652637169953804,0.3753288606907084
2006-04-30,0.4872181585617178,-1.3812023171234424,1.6821660218574652,3.0,1.4264171251120845,-0.5111512594898874,-0.6679852286412317
2006-05-31,0.07834424879338209,-1.353782906169874,2.0709604044182424,3.0,1.4147852795752083,0.46586696714211606,-0.1474756112826154
2006-06-30,0.08206150180063185,-1.3006569412555298,1.2446132133975372,3.0,1.3668453026820464,0.16736992837252368,-0.14823335625843073
2006-07-31,-0.11575240503558432,-1.173676152044369,1.4281955570400844,3.0,1.2065464496996912,0.5044034404078677,-0.6579230964184578
2006-08-31,0.10930159861760745,-1.0642258946148242,0.6627100379572608,3.0,1.0997462756214686,-0.011972662994188515,-1.2611885696300231
2006-09-30,0.23816901090180007,-0.945579020563045,-0.49670339202666247,3.0,0.9549148803040513,0.04307869127197636,-1.30891976145109
2006-10-31,0.5855684667162148,-0.8404093158350352,-0.5751637861449753,2.943634914969286,0.8341793972269955,-0.5599171080760732,-0.9065058083579853
2006-11-30,0.4773047076343507,-0.7627741526978477,-0.1589130736629574,2.222028253428302,0.7523564430187739,-0.1124225272209108,-0.5617556797594779
2006-12-31,0.577951483276988,-0.6344642826858837,0.021812561020222596,1.5626794969693576,0.6526172900805255,-0.009861032894976527,-0.7770780978158776
2007-01-31,0.5126770998333439,-0.4188651850479999,-1.6013766457512968,0.456435133177185,0.44157946723956276,-0.29197149885598656,-0.848472876792391
2007-02-28,0.3389340358905459,-0.3535839775614806,-0.7704115959025997,0.2223067601829082,0.35735241279187074,0.5247988210477644,-0.29906382946199267
2007-03-31,0.33728270499046786,-0.28886759673712564,-0.5507668123385505,0.8290946364834968,0.2800960073821563,0.5495355828560476,-0.47252065599986925
2007-04-30,0.5861847368306846,-0.08561259455517346,-0.8629983385705399,0.8429883266746705,0.06573976784100756,0.4618362174157668,-0.19891536953244826
2007-05-31,1.0644092208447788,0.07476297423270707,-0.9298643296065932,-0.797661579832403,-0.07544142879492477,-0.4068776319002371,-0.031315009774443785
2007-06-30,0.9136770495311444,0.12880694776172225,-0.5184428726365901,-0.1925924668045417,-0.11990834150986146,0.5542645871578905,-0.328692873047626
2007-07-31,0.6266947729243331,0.07325242179854796,-0.3700967726986757,-0.20628923720981776,-0.07394181839515639,1.3305698665085097,0.297932637958046
2007-08-31,0.5856364292274231,0.6378732432114722,-0.7128107647314784,-0.6187346553438295,-0.623289045073971,1.6801856488458393,0.8956458484281192
2007-09-30,0.7047139771859877,0.7436228601329927,1.2375189817170769,-0.40262472445597086,-0.7169629185035141,0.9500667589058946,1.0989316884080036
2007-10-31,0.5999581903310601,0.7720067288886329,2.2997969464104027,0.027716672017498972,-0.750373836013651,1.1912126212170742,0.8709815604122101
2007-11-30,0.10391532333147602,1.2289734034023188,3.0,-0.5112843049052735,-1.220748281600758,1.8517910788064622,1.2206133115970244
2007-12-31,-0.0564123310218743,1.1446694091685852,2.5867976517998934,-0.5393733720215433,-1.1512930222871434,1.673906909192872,1.2024049263259453
2008-01-31,-0.6541994637285455,2.017185565079467,3.0,0.8415821482526823,-2.035669719311992,2.309449911410081,1.3847762427014656
2008-02-29,-0.732535638291915,2.046000395409814,3.0,1.5863336737119857,-2.05076022077919,1.612229817609988,0.830882702674385
2008-03-31,-0.8411628734674662,2.24345668331025,3.0,1.3509475750135,-2.2546080383030858,1.5649355403849565,0.8321248519188968
2008-04-30,-0.8194029995750955,2.0541197691337514,3.0,0.336991129189437,-2.047130776122666,0.9415138681266775,1.028938149223866
2008-05-31,-0.9918531609587993,1.5996734519989049,3.0,0.12127970803744097,-1.6018394173312602,0.6886108682100448,0.47156200674127774
2008-06-30,-1.4904614441559276,1.695648396285904,3.0,0.18982551516611024,-1.7076100004728518,1.0803636745004594,0.5863818013911642
2008-07-31,-1.2680114949878853,1.8057314721830289,3.0,-0.1516108087102288,-1.7980168902224438,-0.06138222446204366,0.27560315816461683
2008-08-31,-1.2660911246073936,1.2376661280801735,2.5964064161829232,-0.46927393120871597,-1.240229076737719,-0.3436872074612478,0.26063580437294176
2008-09-30,-2.1458362421867383,1.5237873704913003,1.0107026552490292,-1.2217386841516251,-1.5212354895631535,3.0,-0.058322320890326185
2008-10-31,-3.0,1.8623977383376513,-1.3270822393040784,-3.0,-1.837390017960337,3.0,-0.6273528177813421
2008-11-30,-3.0,1.5958806108576566,-3.0,-3.0,-1.6073305170192065,3.0,-0.8660694271860188
2008-12-31,-2.832290340593312,1.508634371533704,-3.0,-3.0,-1.5659091161784244,1.9540458410605004,-1.1211058453673926
2009-01-31,-2.6747298596323055,0.7355079802415158,-3.0,-3.0,-0.7539605792922547,2.0373420781042264,-1.5182745825691917
2009-02-28,-2.764079519397847,0.6789349461033553,-3.0,-3.0,-0.6810640470049752,2.1268735056576458,-1.5226973313092573
2009-03-31,-2.3579474503148554,0.38607874852521756,-3.0,-3.0,-0.41027749893769827,1.9348823416192693,-1.6445527984569681
2009-04-30,-2.2368500610622646,0.47229331677728714,-3.0,-3.0,-0.4875525884598767,1.5977577247702213,-1.6213029335184488
2009-05-31,-2.041707170933874,0.7691005989832917,-3.0,-2.7419482313321817,-0.7732299820435363,1.0847274221259493,-1.413520088798561
2009-06-30,-1.4817036637608272,0.6534263151684595,-3.0,-2.301339004812865,-0.6528306158837076,0.1443155820468375,-1.1979590534770552
2009-07-31,-1.1077255197825322,0.6073164554379127,-3.0,-2.2068976724661473,-0.6087188818031426,0.20416494363047702,-1.1447379159728233
2009-08-31,-1.0154681473533929,0.6620797341957946,-2.12886016676816,-1.107002393819648,-0.6576855872395099,0.4481752570113556,-1.219863457295283
2009-09-30,-0.32641039406110794,0.19083214110237443,-1.5756263623466495,-0.6790983529708687,-0.20378250591771313,-1.6716542600022062,-0.9421462088333779
2009-10-31,0.4724805259123734,-0.05183837037174584,-0.12119513448931792,0.6590263985676045,0.030370815917204728,-3.0,-0.22020836772882277
2009-11-30,1.0672666071862134,-0.2558736165607825,0.8577885830157086,1.6204205214105327,0.27775356253303546,-3.0,-1.087835947379947
2009-12-31,1.1257701402458864,-0.12315230217273514,1.2842047242219088,2.1445898448645133,0.22733264136506,-1.9008558329394476,-0.9481421577094161
2010-01-31,1.2771485364560837,-0.12850768276669067,1.2573253583716808,2.2315457691905984,0.18493823821841388,-2.0382560812615087,-0.04449291571284622
2010-02-28,1.7913928308878286,-0.15637016594615122,1.2296414521239636,1.8166152857574107,0.2003332787607756,-2.595473893935018,0.2975433536807686
2010-03-31,1.7798886538284138,-0.17975024801431028,1.2048029681358752,1.8763617101815093,0.25823972880913626,-2.4780357097964587,0.9314299741614455
2010-04-30,1.5075102367132756,-0.271427572444112,1.2414187372931156,1.628018174084042,0.3124020751440464,-1.333018529981828,0.432418056887693
2010-05-31,0.8786624665299655,-0.3131041564969606,0.5316140746002378,1.0074867411338744,0.31210306646885505,0.28413401259527843,0.6870140797953541
2010-06-30,0.6210515888123462,-0.3254908231419349,0.02351542408723963,0.5585641752837678,0.3003992530995009,0.7390933193966813,0.8759802643389264
2010-07-31,0.6323185015988665,-0.3201674564650675,0.20971202507711276,0.570856053367797,0.29415720793402905,-0.2369122587969572,0.8455388528103469
2010-08-31,0.26819873998062954,-0.3724918327485839,-0.034298582597895706,0.34044526184272245,0.3257532684283625,-0.016717257822996746,0.9908652429360766
2010-09-30,0.5134059614840749,-0.39382726160211023,0.11992709376629708,0.5557396025168168,0.35485920754874517,-0.19872185078053037,0.9784684625025798
2010-10-31,0.78422555626052,-0.4158560318758559,0.11493915764345654,0.8215193861270629,0.3771320754578717,-0.8861034750122875,0.9058352472110379
2010-11-30,0.5067802847146348,-0.42562854238712644,0.08711669696819012,0.6943135946801952,0.4091676503196906,-0.09851398421906495,1.6310274013941213
2010-12-31,0.7464363644434596,-0.40969144789111644,0.4316213441653026,0.8898295067855758,0.3848662379730669,-0.3658661915871585,2.065077997581779
2011-01-31,1.0364568291472167,-0.39324070101495706,0.44511194982446606,0.8792165713931365,0.38683392774792785,-0.470551380258432,1.4056414579183079
2011-02-28,1.0649545593275682,-0.3515978524877561,0.7607358837256732,1.3290218774324414,0.3485424253609385,-0.10398806352277049,1.1555281749457358
2011-03-31,0.7649483886423284,-0.3071844577560502,1.0109789129596225,0.7766788239791278,0.29279104179494314,0.018908343743582696,0.638562305675191
2011-04-30,0.8399961285755089,-0.26421488748359223,1.1104245947784992,0.6063618500224001,0.2512770133982912,-0.6603197470983243,0.9016917707599195
2011-05-31,1.1622921345031876,-0.2515655053998148,1.1100470325287508,0.8009955533674027,0.24569962335797732,-1.4901703170446408,0.47815764976258246
2011-06-30,1.2867958975848517,-0.18565091923463703,1.0378147120037762,1.0297980233042727,0.20891451070219752,-1.5870318261603917,-0.007437107248332428
2011-07-31,0.8450297514619536,-0.2598654057696586,1.113154652244806,1.1998464775047,0.26217656243550175,0.19162366136170692,0.2367713448476901
2011-08-31,0.740844701573394,-0.2134953789070287,0.7386858170483565,0.5367440862346716,0.20679040646115368,0.5379402195676855,0.1775103716969744
2011-09-30,-0.053569881135153485,-0.20367530286742822,0.7288723187679861,-0.08291673981902382,0.17569200927436004,1.7507927670567653,0.37601224554020196
2011-10-31,0.2849228407442874,-0.20294774253413528,0.4447390417901037,-0.8941028090302994,0.18411032293423918,0.8140909990686318,0.26393316542453255
2011-11-30,0.2604305961259312,-0.17783458023249574,0.5486284334433527,-0.8850484311536957,0.13952555431493446,0.4043282681022033,0.2906912331519871
2011-12-31,-0.042703553520103965,-0.23303979577465783,0.2628631299520077,-1.2508306468241805,0.14472045653461318,0.521711565905267,-0.11654483012471185
2012-01-31,0.06570813714444648,-0.24266777998816608,0.2624970051705237,-1.2032627575392554,0.14336507111705582,0.008110337709208442,-0.097653399385183
2012-02-29,0.11422373783564128,-0.23943900713854377,0.2715470944398209,-1.1444715343302378,0.14945795158583547,0.01823588968749782,-0.07464665628358233
2012-03-31,0.3096364932517755,-0.2373696679365788,0.030605133748898426,-0.9264768968140851,0.16159822109578545,-0.19691514912740793,0.031032296440339346
2012-04-30,0.08433812544836415,-0.291216842057337,-0.4622903982852882,-1.0092354030583803,0.20391135502335325,0.21563347452652862,0.09654100613042779
2012-05-31,-0.23480209715385356,-0.2649275910857581,-0.5205539554076368,-0.8964977371397663,0.17210993951682102,0.7636676513611095,0.22705657217506844
2012-06-30,0.10167433766263771,-0.28960738553870335,-0.98192702431745,-1.2222610245456997,0.19404032081000755,0.046091211840818894,0.7306252725175929
2012-07-31,0.29706941731461384,-0.2242127143890353,-0.8097259599804852,-1.4245787015986955,0.14389091359079384,-0.5605473881499903,0.45996947474208916
2012-08-31,0.746492429071965,-0.21022331936634026,-0.1430893464230691,-1.1078263105230997,0.17828992723100834,-1.2433528232786109,0.31620829182708415
2012-09-30,1.284832838827294,-0.18506507699168206,-0.11551883113082125,-0.44164790698176787,0.1805446474154851,-2.338454771149884,0.051425355610724276
2012-10-31,0.5807843001830559,-0.21104604184229006,-0.19420393703366992,0.015489983577813084,0.19107974646806514,-0.9366863094399683,-0.183294162149121
2012-11-30,0.6164081647647391,-0.17513531675272692,-0.5165116645130107,-0.2651857795219236,0.15801162540633346,-0.9718152497599353,-0.2629370960569864
2012-12-31,0.6007959057086514,-0.12365778767451596,-0.4618140016459202,-0.1249951114376558,0.13273179205067848,-0.3941271747427573,-0.21436136986400758
2013-01-31,0.6675734690868917,-0.08291051776304903,-0.4124042711410467,-0.3302197865048214,0.11444551870292541,-0.36509871672866023,0.07830316550415876
2013-02-28,0.4827584253491173,-0.11215768811333725,-0.5341257769601847,-0.529928143300676,0.12204490443084662,-0.16173698903363623,0.00012618036789984716
2013-03-31,0.5255344010440925,-0.1107523309633557,-0.9491410458594375,-0.7565789353021667,0.09965329625232155,-0.14134344813931743,-0.12592289341249882
2013-04-30,0.6991367516412001,-0.0642882121843771,-0.9223286926466135,-0.8693902708356214,0.06286613000302853,-0.2122698898302719,-0.2511342050337123
2013-05-31,1.2559923551191954,-0.011064388651566887,-0.5018018942344878,-0.6837680840255267,0.07035333381736947,-0.5699251731194045,-1.1544181168226089
2013-06-30,0.8788460800380037,0.025498632727578813,0.06514730045326753,-0.5343632663498892,0.05087648564344163,0.08917293897255436,-1.7775537977546787
2013-07-31,1.1598700235394361,0.06561668847174423,0.04204465022713589,-0.6618833981473506,0.031984931148547134,-0.38032603947721444,-1.7205491865302582
2013-08-31,0.7736889616896075,0.07178289432437099,-0.19078479941961884,-0.4752609306568757,0.03188559128878073,0.053415198849444435,-1.7566216022974073
2013-09-30,0.8383766276861161,0.07400624105865039,-0.20924073790258865,-0.7810767442476226,0.013881348368530189,0.1596751830377462,-1.8087514062417405
2013-10-31,1.3111183379844917,0.05720623594123078,-0.2282306760293752,-0.7380111552807505,0.020977429601451235,-0.36251937034230847,-1.7194727778149506
2013-11-30,1.4987223036316533,0.03997665989998164,-0.2506089776066954,-0.6198850144288856,0.05786682398180494,-0.12820213038397607,-1.7718912775540887
2013-12-31,1.6279754131376394,0.015145132140093664,-0.13386692578092277,-0.6698074124958255,0.09161097132659729,-0.3262970503504044,-1.680339444263428
2014-01-31,0.9936039319519472,0.03453554800645252,-0.43462711823265127,-0.6642612126451077,0.028815451596134217,0.4267666087761195,-1.3029935015673995
2014-02-28,1.2670500114444443,0.04358010420058147,-0.4261313625514,-0.7340573422921216,0.026151704267870994,-0.0989167444808346,-1.323242138336513
2014-03-31,1.0739050718827023,0.03633314446782682,-0.2462034343769233,-0.7655472330548725,0.040189404081276255,0.13866676930878474,-1.172388193971803
2014-04-30,0.9904638510889443,0.0355431037865829,-0.05921263796635287,-0.5355352143558734,0.048327359757034255,0.01647037407734534,-1.0269068945923696
2014-05-31,1.0110721014127635,-0.03433062865699849,-0.043691662866523415,-0.4261056341042488,0.06667431425095387,-0.425501958044556,-0.29844036267185525
2014-06-30,1.2746762462752295,-0.048483794105076514,0.05056075575659075,-0.3297893728657794,0.062234717043992686,-0.4614425425243314,0.5660728095208148
2014-07-31,0.7739634745300759,-0.05583786328629364,-0.3048707547283136,-0.12958111448527132,0.06387399669075318,0.3449901184868564,0.3504852873859343
2014-08-31,1.3207748807603263,-0.09548326383726712,-0.6312326635013009,-0.3268005322747889,0.07516913383002452,-0.43176526586171277,0.6556803426540745
2014-09-30,0.9534690323400287,-0.0849670932652688,-0.818166845031652,-0.3697350090618017,0.0873428593817626,-0.011088097919836434,0.5529245891861276
2014-10-31,0.8137682829603814,-0.06995980983752166,-1.0666880386967754,-0.4538531963155357,0.06518281528416245,0.0416416642305017,0.7604904355643959
2014-11-30,0.8072645044086514,-0.08916800877927186,-1.3025887947447254,-0.3928757682192534,0.05875208221285009,-0.020684325059374408,0.6181307015162772
2014-12-31,0.5747723256586674,-0.13988487571653788,-2.0290250830643437,-0.5939316198496233,0.08530302704645114,0.5132868827095401,0.3222555987409823
2015-01-31,0.5762603507340385,-0.17712102223672885,-2.358917112836282,-0.9333066442870581,0.11149506113341495,0.23785908463181987,-0.10023352104381154
2015-02-28,0.7125975042461784,-0.13977473207199145,-2.1046681899628354,-0.9013539030490042,0.10099909981881848,-0.062005124072184295,0.5316921687415599
2015-03-31,0.4879806818222271,-0.18789881787173718,-2.090220851094399,-0.5379094594176754,0.13833907801867118,0.1267322226969934,0.45782479324890263
2015-04-30,0.5084380701557462,-0.17794851513074622,-1.8956220060774935,-0.4930936485384284,0.1428467222019912,0.09937209908906532,0.373024053285262
2015-05-31,0.42564305193968,-0.16359365235125464,-1.7050330286397857,-0.4703079970227115,0.14712559492717012,0.21633072845690915,0.5757123643931993
2015-06-30,0.06665687640297027,-0.1769681298768439,-1.8037919816951942,-0.6587851970766513,0.17397040147048765,0.5999497539880171,-0.15817898422235427
2015-07-31,0.37511129862103526,-0.24787134649996448,-1.8945647350017536,-0.9806071511150241,0.22922212380831097,-0.4631566615430795,0.03420055082337382
2015-08-31,-0.5201422227925332,-0.20042176389556032,-1.9670167729296018,-1.0731019202410645,0.1998414333586358,1.4688824188210572,-0.058290774068170514
2015-09-30,-0.6059414266344452,-0.2471420178903484,-1.757594708820686,-0.9496327550648015,0.22048537641440336,0.712265654744153,0.33013760121353375
2015-10-31,-0.10581404602396903,-0.3038159515421561,-1.3688725782702513,-0.8704188202752493,0.29802364411892485,0.056035234923666306,0.47577921494472813
2015-11-30,-0.3165304335589877,-0.3873552421719135,-1.1682283298012428,-1.0477643796049347,0.3969219116981998,0.21414508358276776,0.7767503971318555
2015-12-31,-0.4366502803815415,-0.35058034315846487,-0.8198380977885396,-0.979966400210439,0.367848479529339,-0.1330611884377982,0.9812063023786395
2016-01-31,-0.6049321558718354,-0.5195593312207387,-0.5759105402610111,-0.746715008332934,0.5461901800717244,-0.11222403246872716,0.9336203430581397
2016-02-29,-1.105630462610172,-0.5898304295196698,-0.7848418300162363,-0.6233049691201006,0.5693788153732557,0.6121619807944151,0.00981031004475033
2016-03-31,-0.38468245105657817,-0.4779241067228362,-0.4933852358323011,-0.5416168910824001,0.4712369054643588,-0.17046925960187506,0.03361385446883223
2016-04-30,-0.43081507365037974,-0.5229235468843099,-0.5287272629235867,-0.6193135700687038,0.5090843770698813,0.053531817642003224,0.043381025149735734
2016-05-31,-0.3847357927106565,-0.6326564440903875,-0.5110565552639454,-0.8239061726018615,0.6144601634386814,-0.017532985459205477,-0.052845615728720104
2016-06-30,-0.18185748565904614,-0.6687563901164156,-0.40188385794566206,-0.6037334418460917,0.5971577743699427,-0.28463378665644723,0.4761637508984426
2016-07-31,-0.03466290316558443,-0.6232445113143393,-0.2775464227709763,-0.2810321073490605,0.5633437791917297,-0.06689405635996142,0.5204217696844333
2016-08-31,0.5227203233762029,-0.7604675004023224,0.04927603100701027,-0.15191686943360297,0.709791277526032,-1.3947509729169796,0.5688888405150101
2016-09-30,0.7313053925901483,-0.6957217292010134,0.03516796752051397,-0.20032398713382588,0.6646901904511988,-1.0366102612018988,0.29738000390758607
2016-10-31,-0.13917608097130582,-0.6668975773741841,0.15755165776753235,-0.1798676571453877,0.6500181252451344,0.15130634479252247,-0.34337339884580015
2016-11-30,0.17324327342577792,-0.7025020726197947,0.15128511284255375,0.4613071691630431,0.7307306315377337,-0.280370697720855,-0.15952963265500458
2016-12-31,0.5046194584327401,-0.7424679850235216,0.6261057234794989,0.6761705447845245,0.7729317966706247,-0.4011589803564603,-0.06887812282258342
2017-01-31,1.11724395724989,-0.5784558703322638,0.8811588604918759,0.8199385460823737,0.6467568821896055,-0.760084806672392,-0.7615450297340244
2017-02-28,1.4933735039408862,-0.587888709515074,0.8545266595589605,0.8484893702489805,0.6652196800224554,-0.6985227975734539,-0.6894922175731156
2017-03-31,0.9335579039043299,-0.9250983891963892,0.5161916085552029,0.588392222368097,0.9926080738182983,-0.15071608800044553,-0.6379075697720533
2017-04-30,0.9926973035537396,-0.9767811825305883,0.4383114255294718,0.5587287535252551,1.0268739431303537,-0.44173537572441224,-0.6110807262853956
2017-05-31,0.971927783373572,-1.0578454403058257,0.18163313400198594,0.604487730738282,1.0948109916905684,-0.3424975294455415,-0.5989922585674102
2017-06-30,1.007198374499046,-1.0789100097695299,-0.0048854000048375815,0.696183169278557,1.1580368640017051,-0.3969115087529236,-1.0503165372537828
2017-07-31,0.8827302113608939,-1.1328328223199382,0.16678446869718114,0.714504896236587,1.2102294495321315,-0.13435219022332423,-0.9698169787619051
2017-08-31,0.8924636165355546,-0.9896045990612288,0.21726412848663074,1.0429175591005382,1.0417474615553535,-0.2348005028025718,-0.9254300573959258
2017-09-30,1.0943246349992923,-1.0655896186041622,0.31634571880735274,1.0961353023173184,1.1300319489356445,-0.31365657171007394,-0.7530285526650716
2017-10-31,1.4823906429685856,-1.1240204706531223,0.2444494083417454,1.2043086320647078,1.168264363017417,-0.5839635445985464,0.3680990385733419
2017-11-30,1.4550083824633855,-1.098001366722268,0.5622128233838172,0.8107731772225931,1.094696196676245,-0.1364265028878377,-0.5937351801643675
2017-12-31,1.3732815489769936,-1.1926440979368915,0.3592504793545743,0.6929744324557439,1.17773896975842,-0.21333893859968703,-0.6692474208525131
2018-01-31,1.7815935238819092,-1.2142844481699593,0.5103180034435421,0.7688222560690391,1.2293827573901093,0.21590533984310173,0.8313130301378018
2018-02-28,0.9790185942869828,-1.3626103138346546,0.39795429251706527,0.642995874117123,1.398027595060049,0.7182549826427808,0.6145064371531451
2018-03-31,0.676660315818589,-1.224555726826456,0.5564416213013451,0.6000667713302876,1.2481551843980967,0.7848681120686815,0.803610807449098
2018-04-30,0.6076915595356396,-1.2640576354935869,0.6897603217895601,0.7048791593832284,1.320918239937263,0.5551157546354427,0.7392117162163884
2018-05-31,0.7144958029359223,-1.1960173726363503,0.9613123974561723,0.7334382464752282,1.2520501064562426,0.5465096768839641,0.6152082032818901
2018-06-30,0.7072626421345275,-1.176326314997665,1.0764679983122665,0.7415777133104543,1.2252555635923124,0.5392537592565074,0.9285685237068948
2018-07-31,0.8999469368228143,-1.2427749252250913,1.0768897145689031,0.2035565035639454,1.306463877351852,0.3188784354295657,0.8851054344084536
2018-08-31,1.2224970666201314,-1.4272441980279396,0.9481659451809946,-0.1788002826495847,1.492316398653661,0.2870280400212841,0.38428383369376873
2018-09-30,1.0659294779227462,-1.5177947263046043,0.9968978367162038,-0.22991744017244312,1.5802080069470872,0.3392357469315964,0.19401695235841898
2018-10-31,-0.028868786979799114,-1.6496391924288931,0.9603730538721839,-0.27829316343228133,1.714176481246733,1.2424600090381226,-0.7336858753228593
2018-11-30,-0.16369155299681457,-1.632315136224901,0.21323695845792584,-0.31817894034854605,1.671980911996698,0.8742160244814986,-0.11837032613598711
2018-12-31,-1.4875230544216616,-1.5755595405571212,-0.16853587779869417,-0.40947513273595526,1.5751671130215985,1.6920983853108964,0.7147883711776679
2019-01-31,-1.3379174958571005,-1.5892559961303643,-0.277196225260638,-0.6448841813610696,1.522628317564232,0.5032689797726893,-0.873774708995821
2019-02-28,-0.46755777691749445,-1.3298519344507187,-0.00724755863774195,-0.43124297799970757,1.2584292301659035,-0.36392934669176474,-0.04758115602805376
2019-03-31,0.14190307400754795,-1.1391449327955627,0.05294217820269549,-0.2536285413593003,1.0428270667484945,-0.483588561609019,-0.5685616042121517
2019-04-30,0.7139719493687624,-1.0469214024107885,0.040820175460161805,-0.31658705400912124,0.9334473325557535,-0.07491915675748935,-0.36127324407800476
2019-05-31,-0.8104673378164664,-0.7250197907026689,-0.25085610329090496,-0.600660542471587,0.56422116071393,0.6428553516703888,0.18481383247806044
2019-06-30,0.25754770170544594,-0.14092919149376446,-0.5235798902772566,-0.8089236086798642,-0.044107995210448746,0.14562507410509543,-0.02805212290231654
2019-07-31,-0.15503870524011534,0.1367951044119423,-0.5186794249584818,-0.31288414473425863,-0.34400262490460004,0.6476569097657316,-0.20863030745056083
2019-08-31,-1.144054031289866,0.5327658376398945,-0.6408981811569582,-0.3428678370982704,-0.8421975016689833,0.9768606198347782,0.14998479614544702
2019-09-30,-0.9048000156351215,1.2732098056098688,-0.7406685765856424,-0.31174104188612756,-1.5570609067785117,0.7299395026039748,0.3608306607010403
2019-10-31,0.9354017983780756,2.335823443861135,-0.9219151419671758,-0.4197611224471305,-2.571126357853087,-0.7457191945246106,1.169046803462667
2019-11-30,1.3030318960561478,2.3013138023615887,-0.09715026620130318,-0.31864789485565287,-2.458747330867702,-0.4838664737287009,1.3058195853407337
2019-12-31,3.0,2.4415378379957517,0.44467692715380025,-0.06094354982582617,-2.451979147206598,-1.30848916324147,0.20686359454390857
2020-01-31,2.084903966792036,2.384811233168141,0.25319743581667203,0.030056680000947085,-2.4667023003953106,0.5020063215651667,1.0201410961371815
2020-02-29,-0.19518966541643154,2.9828561619011267,-0.34552241159965985,-0.48728321743047004,-3.0,3.0,0.8166514689659324
2020-03-31,-2.822005336615068,3.0,-1.4679393123845224,-0.9839434376894124,-3.0,3.0,1.2541874895654461
2020-04-30,-1.4199527187747123,3.0,-2.185949484450518,-1.0794122053889044,-3.0,2.6059058878919776,0.8357522724265615
2020-05-31,0.6287980158694301,3.0,-1.6221251245195332,-0.5731684821780525,-3.0,1.0929959994525542,0.3362873198197328
2020-06-30,-0.21684103221411838,3.0,-0.8433990709123739,-0.021436888096275235,-3.0,1.8669358036605717,0.6030107724370647
2020-07-31,0.6077628105532905,3.0,-0.7886080196776454,0.4573579161512506,-3.0,1.00378731644205,0.6561930635268328
2020-08-31,2.320694656069051,3.0,-0.5358397894127893,0.7633678313823765,-2.9254522262077085,0.8837339695462256,0.7490144344637877
2020-09-30,1.1401398851578246,2.6435448749219814,-0.7704968831341876,0.9034632864425322,-2.591640082851881,1.1891580075822636,0.6537089053335626
2020-10-31,0.18672153732684,2.1761818041107728,-0.6624851045792511,0.9296047196744682,-2.128910330299369,2.8233928159821464,-0.18166490987106035
2020-11-30,1.6814824027500193,2.173881877755906,-0.686204550735086,1.1571704016257194,-2.1400950575993916,0.8575980987016356,-0.25329853425357807
2020-12-31,1.9059183202272942,2.0680267405195494,-0.5120492391985713,1.589762786448152,-2.048898819812641,0.9604432267966868,-0.012448496219425065
2021-01-31,1.6524906241527284,2.126376894245383,-0.19173705725123413,1.8105169083747579,-2.0257212059740146,1.5380176313268272,-0.3028599580157462
2021-02-28,3.0,1.8046292471934386,0.5347432402759067,2.5574659544799014,-1.6242549420223595,-1.459187927810141,-0.9698415225116105
2021-03-31,3.0,0.19923494684162335,1.6988883657496383,3.0,-0.014975191693726348,-3.0,-2.936509426780076
2021-04-30,3.0,0.2936410490410818,2.1673817552176566,3.0,-0.11095772538030432,-1.67973814805117,-2.3023249218356967
2021-05-31,3.0,0.32877647821225053,1.8832904509900317,3.0,-0.1559394553939942,-1.1880189752820725,-2.0125967229079618
2021-06-30,3.0,0.2718692169889373,1.7084576686308575,2.96507354203911,-0.12247173626933343,-1.6098483079919608,-1.9985257098497435
2021-07-31,3.0,0.18303111437240113,1.6584995886683056,2.3585715542506,-0.05148095232907219,-0.7040079805939399,-1.7081720105245106
2021-08-31,2.710403175588484,0.18681260860683713,1.3846809331084264,2.168421403312118,-0.06862806373329533,-1.0826669962579183,-1.9762050309782764
2021-09-30,2.355724188392965,0.22390455008528795,1.6933859261972295,1.9401091872974694,-0.0723738216091653,-0.35541937498211645,-2.3966240006348785
2021-10-31,3.0,0.16906195818184924,2.1192327730692915,2.2320432141028252,-0.04309933544309212,-2.2909943835702467,-1.9419093517482235
2021-11-30,2.1401630471557422,0.1431043371622983,1.8841069365911587,1.8607874561577213,-0.03351167858783397,0.7220981420317621,-1.538766669291635
2021-12-31,2.281443755817731,0.1482449242698604,1.2590530552077182,1.218739471547314,-0.04124072581942876,-0.5578030272756693,-1.5392439420346447
2022-01-31,1.5783508495821494,-0.06560888513570591,1.5235477341334964,1.2197993790827881,0.1709919239318066,-0.8379268764618526,-1.72023548239803
2022-02-28,0.8042389561587622,-0.2941486998223595,1.6277703679543105,0.9657719961149076,0.3422907458700436,0.2673975134998593,-1.4201443977430983
2022-03-31,0.7745752916548542,-0.5887586055623992,2.2601472401043696,0.7907862356319244,0.645651403152241,0.1543506513337224,0.406943322782045
2022-04-30,-1.1551547691963797,-0.9516204765670435,1.8604954220442673,0.4941572970168297,1.0751886741163479,1.5698416764981482,-0.40141428683863223
2022-05-31,-1.2250293492919355,-1.2463574385806593,1.9510304259161708,-0.652594138908133,1.3479662237391568,1.006912561577321,-0.5352619243532593
2022-06-30,-2.544443706230516,-1.9332208250974654,1.95517488305308,-0.5360192718034738,2.020127413942415,1.3468956056335355,-0.3967297834599128
2022-07-31,-1.7498681928372548,-2.8120335646524284,1.3764643360824136,-1.4622624828550008,2.8192539404801127,0.32217918210551416,-0.9360853791933388
2022-08-31,-2.5834256182817046,-3.0,1.1668679387810938,-1.0950851987988608,3.0,0.9622087121311724,-0.795389128774475
2022-09-30,-2.9071627237606066,-3.0,0.6784981928489021,-1.2152457550086306,3.0,0.8639153318429466,-0.5060212697738818
2022-10-31,-2.820401829631803,-3.0,0.3809067022900042,-1.6059404537213484,3.0,0.9711195181692611,-0.362031423575669
2022-11-30,-2.083191398920075,-3.0,0.3435493223804604,-1.2376170842536707,3.0,-0.7971977872514433,-0.8419569219045805
2022-12-31,-3.0,-3.0,0.24733329750948335,-0.875508971276264,3.0,0.3995735689374154,-0.7837345803958014
2023-01-31,-1.8084960929683822,-3.0,-0.11172903746394273,-0.5710541981538012,3.0,-0.6779880542778386,-0.5910110211353786
2023-02-28,-1.6861224257122855,-3.0,-0.5121444215132905,-0.7476611791408335,3.0,-1.1055653419131177,-0.42127759599573833
2023-03-31,-1.6971678919945257,-3.0,-1.428158602062663,-0.9964179283235233,3.0,-0.28228375932056743,-0.866419127357378
2023-04-30,-0.5408985780350485,-3.0,-0.8119183962785254,-0.9776342895561037,2.9062005949972516,-1.9511563298656254,-0.22546353611182723
2023-05-31,-0.5092759309292667,-2.9537827675256674,-1.403654678930918,-0.8410821102296556,2.855295861884655,-0.9481324039465621,-0.24577516581989958
2023-06-30,1.0248923927654048,-2.350463732000723,-1.673620989027401,-0.4741030108648388,2.286837203989987,-1.6500501615661027,-0.42615235029092924
2023-07-31,0.5062715076508575,-1.810515360968586,-0.9598845065029193,0.5883319473088964,1.8052862980811963,-0.8626924950626927,0.045692885344947747
2023-08-31,0.7321746969186984,-1.4243515909406328,-0.3615051498810358,0.19658903865450567,1.4114932230076838,-1.3277117276884707,0.17455149003516002
2023-09-30,1.0896531678297485,-1.1808956302946143,0.2471618873968506,0.30100126538725935,1.1659127459258853,-1.4889997944307745,0.6205781288799201
2023-10-31,0.14810762164635025,-0.5926361592858232,0.03881581555351621,0.12632954905476076,0.607917398445232,-0.8252515358236465,-0.17400291527563824
2023-11-30,0.5561579836646802,-0.32949221691908354,-0.14963167049043674,0.02096573799681846,0.3471906010117253,-0.8101771105856411,-0.13980152141774188
2023-12-31,1.6230103265507816,-0.3241654773242242,-0.0006055444404502488,-0.06308926449923856,0.29594667152763915,-0.9641652033318203,-0.30317148250134834
2024-01-31,1.2109093730499325,-0.06147511872749792,-0.01629259167758864,-0.5636619938167217,0.07824234697651684,-0.5265489656275596,-0.1163887757705233
2024-02-29,2.0273750201358522,0.012984791650808056,0.10384678403870563,-0.5191804293427899,0.0005020893080598827,-0.7514959931185842,0.27964737388586397
2024-03-31,2.0199944869145248,-0.033143982106924506,0.3726515994095244,-0.20303005938281113,0.0711036753360004,-0.57945558891209,0.45226296305328634
2024-04-30,1.343662541725799,0.22894363104159152,0.3120716573887907,0.3603805401346925,-0.14096592021848242,-0.009129063516363443,0.15679079856489417
2024-05-31,1.8402824323086546,0.4446028524860344,0.38241352200842527,1.219132639598569,-0.3715819681686048,-0.510584863771495,0.12293318151595617
2024-06-30,1.6088334867509886,0.37133446939959963,0.40744401345177983,0.7469474821155258,-0.3273362592885675,-0.11732158262580293,-0.10796311694269167
2024-07-31,1.4095818003571474,0.4717227102208552,0.25950522989272506,0.5062407281126051,-0.4494132966701225,0.2818286424531507,-0.2133284817569229
2024-08-31,1.8355207957029156,0.6061501847777631,-0.17541771180028476,0.3050086364561584,-0.6008800004808414,0.14301166525388226,-0.3082557704947687
2024-09-30,2.486488734093621,0.9069874064229991,-0.6990628214111057,0.5298111290166279,-0.9278075644535512,-0.08480076924024191,-0.39054529456204384
2024-10-31,2.477531921676679,0.9758762908694482,-0.5141429027780414,0.952128237718667,-0.9801262891082485,0.5079067111391099,0.192897285902875
2024-11-30,2.3040067388650702,0.9809823663955183,-0.27908076798025744,0.45811564170993957,-0.9560397882715879,0.052135876286968495,0.6455343489852361
2024-12-31,1.5477203629287974,1.112857702155599,-0.06725286624081808,0.19791970493237035,-1.0216545208141308,0.4953866476405164,0.6029895476785971
2025-01-31,1.6803029631337347,1.11312302401251,0.0735557831265674,0.2807465244706018,-1.0312812090471295,0.20613543266811643,0.5238145019621684
2025-02-28,0.9887619029918054,1.0781581165859235,-0.2442936710285719,0.5263742276165145,-1.04214381730145,0.6255574745832835,0.24599253155034623
2025-03-31,-0.017498719967657592,1.056730347900691,-0.5246995303390206,0.5338496240288376,-1.0184171093170569,0.9273103452004207,0.6060574691139939
2025-04-30,0.32960245123791687,1.0388040218195207,-0.9435020953815036,-0.3963092108667998,-1.0392155618787846,0.8950715739088536,1.1771226955797776
2025-05-31,0.5239123088128713,1.0278473143482718,-0.8139443275644594,-0.6174266547964584,-1.0008589314406842,0.5454632942752339,1.8561320634262424
2025-06-30,0.7334515181631165,1.0236675172236325,-0.5439999308985206,-0.07395484806887791,-0.9981042355444293,0.40953434034455427,1.9721298131157132
2025-07-31,0.8659424371077027,0.9522731183179771,-0.6612157049614605,0.0527307797515988,-0.9058887981697197,0.004835131973513709,1.9067223535542945
2025-08-31,0.8413880892587638,0.9655746470119361,-0.5703909477750455,0.25939590293192727,-0.9148401658808533,0.01862675347830417,1.8777287374787377
2025-09-30,1.0515240279384777,0.7683938753720566,-0.3405540773671632,0.2820179733013863,-0.7252841747298271,-0.05766246503222157,1.6381696056282078
2025-10-31,1.0980433249203454,0.6995900775944568,-0.840921831877681,0.7447999527640936,-0.7024681105861437,-0.45607151161431486,1.949542298578591
