date,market,yield_curve,oil ($/bbl),copper ($/metric ton),monetary_policy,volatility,stock_bond_corr
1/31/1962,68.83999633789062,-2.320000029,1.52,635.37,2.7300000190734863,0.093923652,
2/28/1962,69.95999908447266,-2.310000038,1.52,647.94,2.7100000381469727,0.064569672,
3/31/1962,69.55000305175781,-2.36400001,1.52,647.5,2.75,0.057722732,
4/30/1962,65.23999786376953,-2.35400002,1.52,645.95,2.740000009536743,0.098420624,
5/31/1962,59.630001068115234,-2.310000038,1.52,645.73,2.700000047683716,0.34710786071950334,
6/30/1962,54.75,-2.500000095,1.52,645.51,2.9000000953674316,0.26802296367302963,
7/31/1962,58.22999954223633,-2.455999899,1.52,645.51,2.859999895095825,0.14330887879213747,
8/31/1962,59.119998931884766,-2.413999939,1.52,645.51,2.809999942779541,0.093764122,
9/30/1962,56.27000045776367,-2.346000004,1.52,645.51,2.740000009536743,0.12108717731544019,
10/31/1962,56.52000045776367,-2.328000021,1.52,645.95,2.7200000286102295,0.19811701225321243,
11/30/1962,62.25999832,-2.467999887,1.52,645.51,2.859999895095825,0.10170773130895605,
12/31/1962,63.099998474121094,-2.535000086,1.52,645.73,2.9200000762939453,0.08822491,
1/31/1963,66.19999694824219,-2.543000078,1.5,645.51,2.930000066757202,0.080189721,-0.241523585
2/28/1963,64.29000091552734,-2.50600009,1.5,645.51,2.9000000953674316,0.072194722,-0.250770559
3/31/1963,66.56999969482422,-2.515000081,1.5,645.51,2.9100000858306885,0.061520013,-0.31580186
4/30/1963,69.80000305175781,-2.505000091,1.5,645.73,2.9000000953674316,0.051860719445054014,-0.34910155
5/31/1963,70.80000305175781,-2.603999996,1.5,645.51,3,0.060502364254600434,-0.295722667
6/30/1963,69.37000274658203,-2.59000001,1.5,645.73,2.990000009536743,0.061063264,-0.004798871
7/31/1963,69.12999725341797,-2.869999981,1.5,645.51,3.2699999809265137,0.077303556,-0.110372071
8/31/1963,72.5,-2.988000107,1.5,645.51,3.390000104904175,0.05179751,-0.097226641
9/30/1963,71.69999694824219,-2.962999868,1.5,645.51,3.369999885559082,0.066473388,-0.322666312
10/31/1963,74.01000213623047,-3.06500001,1.5,645.51,3.4800000190734863,0.080311667,-0.292627553
11/30/1963,73.23000336,-3.092000008,1.5,645.73,3.5,0.19911583176113448,-0.053824296
12/31/1963,75.01999664,-3.096000004,1.5,650.14,3.509999990463257,0.055565887546071224,-0.036298165
1/31/1964,77.04000091552734,-3.08499999,1.45,655.65,3.5,0.040785682106880806,-0.042309144
2/29/1964,77.80000305175781,-3.181999922,1.45,693.79,3.5999999046325684,0.031957604119430605,0.15801170849168492
3/31/1964,78.98000336,-3.086999989,1.45,745.16,3.509999990463257,0.036147272,0.18342955970966662
4/30/1964,79.45999908447266,-3.028000069,1.45,861.56,3.450000047683716,0.055400294,0.32246108149780556
5/31/1964,80.37000274658203,-3.051000023,1.45,828.28,3.4700000286102295,0.05763692,0.302822762
6/30/1964,81.69000244140625,-3.055000019,1.45,808.43,3.4700000286102295,0.068253533,0.3891586381774075
7/31/1964,83.18000030517578,-3.051000023,1.45,854.95,3.4700000286102295,0.042384017,0.3842659616126325
8/31/1964,81.83000183105469,-3.078999996,1.45,999.33,3.5,0.072371963,0.3789532820408921
9/30/1964,84.18000030517578,-3.131999969,1.45,1162.05,3.549999952316284,0.040748384386845075,0.4133436729850606
10/31/1964,84.86000061035156,-3.133999968,1.45,1358.27,3.549999952316284,0.047809317,0.28383848588552474
11/30/1964,84.41999816894531,-3.419999933,1.45,1400.37,3.8399999141693115,0.052109884810691474,-0.107064457
12/31/1964,84.75,-3.398999929,1.45,1269.2,3.819999933242798,0.05441442,-0.287760341
1/31/1965,87.55999755859375,-3.45099988,1.42,1000.68,3.869999885559082,0.039746786897708164,-0.398741382
2/28/1965,87.43000030517578,-3.568000031,1.42,1179.91,3.990000009536743,0.071281437,-0.44724255
3/31/1965,86.16000366210938,-3.510000086,1.42,1237.23,3.930000066757202,0.040171897,-0.415304083
4/30/1965,89.11000061035156,-3.489000082,1.42,1348.34,3.9100000858306885,0.036896890268982574,-0.319734346
5/31/1965,88.41999816894531,-3.446999884,1.42,1378.55,3.869999885559082,0.065136669,-0.360316721
6/30/1965,84.12000274658203,-3.389999962,1.42,1308.88,3.809999942779541,0.1557922277518599,0.043414709
7/31/1965,85.25,-3.387999964,1.42,1134.06,3.809999942779541,0.080446062,-0.013404129
8/31/1965,87.16999816894531,-3.473000097,1.42,1209.9,3.9000000953674316,0.032474572966325076,0.15027947733370986
9/30/1965,89.95999908447266,-3.58499999,1.42,1327.84,4.019999980926514,0.056227024,0.4421484291707661
10/31/1965,92.41999816894531,-3.618999958,1.42,1401.92,4.059999942779541,0.043908342,0.5229067155029573
11/30/1965,91.61000061035156,-3.682000113,1.42,1469.16,4.130000114440918,0.042719135,0.4275203745383534
12/31/1965,92.43000030517578,-4.024999762,1.42,1517.66,4.489999771118164,0.060972572659346344,0.29085649995373297
1/31/1966,92.87999725341797,-4.161000109,1.36,1679.04,4.630000114440918,0.043560061,0.4412096534944152
2/28/1966,91.22000122070312,-4.137999868,1.36,1874.37,4.639999866485596,0.064972458,-0.012017159
3/31/1966,89.23000336,-4.048999977,1.36,1874.81,4.519999980926514,0.091872492,0.1887173864440643
4/30/1966,91.05999755859375,-4.171000099,1.36,1907.44,4.650000095367432,0.065924949,0.24435937664803184
5/31/1966,86.12999725341797,-4.159999847,1.36,1663.61,4.639999866485596,0.15057642755738987,0.24158294695636512
6/30/1966,84.73999786376953,-4.082999945,1.36,1695.79,4.579999923706055,0.078520076,0.1271925575978861
7/31/1966,83.59999847,-4.264999962,1.36,1567.93,4.769999980926514,0.11275646612210385,0.1390955334008794
8/31/1966,77.09999847,-4.523999929,1.36,1195.34,5.059999942779541,0.1860064922190288,-0.175315623
9/30/1966,76.55999755859375,-4.838000154,1.36,1128.32,5.340000152587891,0.1416003428544257,-0.183015114
10/31/1966,80.19999694824219,-4.722999811,1.36,1275.37,5.21999979,0.17469826506273933,-0.251094023
11/30/1966,80.44999694824219,-4.647999859,1.36,1301.61,5.159999847412109,0.09887599,-0.228656286
12/31/1966,80.33000183105469,-4.345999956,1.36,1214.53,4.809999942779541,0.088821493,-0.27226832
1/31/1967,86.61000061035156,-4.058000231,1.33,1243.85,4.510000228881836,0.075979151,-0.29995411
2/28/1967,86.77999877929688,-4.067999983,1.33,1220.48,4.539999961853027,0.075345875,-0.262109903
3/31/1967,90.19999694824219,-3.560000229,1.33,1098.34,4.010000228881836,0.066699383,-0.39134836
4/30/1967,94.01000213623047,-3.251999998,1.33,994.72,3.7300000190734863,0.10076151211239985,-0.275739862
5/31/1967,89.08000183105469,-2.979000044,1.33,1036.17,3.4600000381469727,0.098116449,-0.286095224
6/30/1967,90.63999938964844,-3.478000021,1.33,1015.22,4,0.10647429307659131,-0.199211575
7/31/1967,94.75,-3.603999901,1.33,997.37,4.119999885559082,0.053970045843265244,-0.204799805
8/31/1967,93.63999938964844,-3.853000116,1.33,1044.55,4.380000114440918,0.051633257415785616,-0.015256982
9/30/1967,96.70999908447266,-3.858999872,1.33,1060.2,4.389999866485596,0.063934212,-0.110840026
10/31/1967,93.30000305175781,-3.995999956,1.33,1138.47,4.559999942779541,0.082810561,-0.219448522
11/30/1967,94,-4.375999832,1.33,1443.81,4.949999809265137,0.11670125433226518,-0.213964056
12/31/1967,96.47000122070312,-4.469999981,1.33,1324.09,5.039999961853027,0.058735056482497466,-0.41763874
1/31/1968,92.23999786376953,-4.326000118,1.32,1408.75,4.880000114440918,0.070240522,-0.059593611
2/29/1968,89.36000061035156,-4.463999987,1.32,1719.82,5.019999980926514,0.10399951336825389,-0.026822634
3/31/1968,90.19999694824219,-4.594000053,1.32,1701.08,5.170000076293945,0.13244502311554804,0.1607159933199861
4/30/1968,97.45999908447266,-4.936000252,1.32,1255.09,5.510000228881836,0.13502386910400946,-0.08238016
5/31/1968,98.68000030517578,-5.093999815,1.32,1096.58,5.679999828338623,0.068126815,-0.137590107
6/30/1968,99.58000183105469,-4.736000204,1.32,1136.7,5.300000190734863,0.10358316489959046,-0.201589218
7/31/1968,97.73999786376953,-4.63100009,1.32,1054.25,5.170000076293945,0.09730335,-0.02858803
8/31/1968,98.86000061035156,-4.637999821,1.32,1056.45,5.179999828338623,0.069032212,-0.004153173
9/30/1968,102.66999816894531,-4.61099987,1.32,1110.03,5.159999847412109,0.050544014,0.013659293245166118
10/31/1968,103.41000366210938,-4.919000006,1.32,1079.82,5.480000019073486,0.059726216,0.2894671241404285
11/30/1968,108.37000274658203,-4.94199996,1.32,1099.88,5.519999980926514,0.053808076,0.3816151899745332
12/31/1968,103.86000061035156,-5.634000015,1.32,1184.98,6.25,0.072187511,0.052151516
1/31/1969,103.01000213623047,-5.571000051,1.27,1255.53,6.190000057220459,0.086747497,-0.102291345
2/28/1969,98.12999725341797,-5.564000034,1.27,1285.29,6.190000057220459,0.082128251,-0.129568241
3/31/1969,101.51000213623047,-5.359999752,1.27,1278.46,5.989999771118164,0.078277293,-0.135536298
4/30/1969,103.69000244140625,-5.249999905,1.27,1388.03,5.869999885559082,0.081597689,-0.116683477
5/31/1969,103.45999908447266,-5.423999929,1.27,1392.44,6.079999923706055,0.073410231,-0.146540657
6/30/1969,97.70999908447266,-5.61699996,1.27,1483.04,6.289999961853027,0.087455227,-0.190782789
7/31/1969,91.83000183105469,-6.393999958,1.27,1453.95,7.059999942779541,0.16485022185965417,-0.13500728
8/31/1969,95.51000213623047,-6.266999817,1.27,1606.73,6.949999809265137,0.10284616615266183,-0.071832056
9/30/1969,93.12000274658203,-6.388999844,1.27,1578.95,7.139999866485596,0.10506978971976912,-0.134395956
10/31/1969,97.12000274658203,-6.295999765,1.27,1554.48,6.989999771118164,0.084399943,-0.33985495
11/30/1969,93.80999755859375,-6.781000233,1.27,1631.42,7.510000228881836,0.076917485,-0.4238918
12/31/1969,92.05999755859375,-7.222000217,1.27,1699.76,8.010000228881836,0.11635138001709303,-0.38074116
1/31/1970,85.01999664,-7.085000134,1.21,1626.3,7.860000133514404,0.10201352899335844,-0.218156242
2/28/1970,89.5,-6.159999895,1.21,1657.2,6.849999904632568,0.12448493634658321,-0.434659169
3/31/1970,89.62999725341797,-5.672000122,1.21,1754,6.380000114440918,0.10977320927901285,-0.441836627
4/30/1970,81.51999664,-6.147999811,1.21,1741.6,6.929999828338623,0.11906698778458558,-0.53493183
5/31/1970,76.55000305175781,-6.134999847,1.21,1597.9,6.929999828338623,0.31518631404331987,-0.546239265
6/30/1970,72.72000122070312,-5.721999788,1.21,1458,6.489999771118164,0.16551388321531987,-0.489420152
7/31/1970,78.05000305175781,-5.642000103,1.21,1366.6,6.380000114440918,0.15324835914398935,-0.561157776
8/31/1970,81.51999664,-5.580999947,1.21,1266.5,6.329999923706055,0.14777897288853603,-0.567739445
9/30/1970,84.30000305175781,-5.111000156,1.21,1246.9,5.840000152587891,0.11197391341204839,-0.595082624
10/31/1970,83.25,-5.10700016,1.21,1142.4,5.840000152587891,0.11420003415729534,-0.550473565
11/30/1970,87.19999694824219,-4.390999985,1.21,1085.3,5.039999961853027,0.10137752333030947,-0.593403199
12/31/1970,92.15000153,-4.199999905,1.21,1045.7,4.849999904632568,0.070345218,-0.563561581
1/31/1971,95.87999725341797,-3.54100008,1.64,1010,4.150000095367432,0.077125053,-0.639297515
2/28/1971,96.75,-2.786000109,1.64,1020.2,3.4000000953674316,0.079257389,-0.613232428
3/31/1971,100.30999755859375,-3.087000084,1.64,1144.1,3.640000104904175,0.073452511,-0.625239254
4/30/1971,103.94999694824219,-3.322000074,1.64,1251.5,3.930000066757202,0.056795557845258964,-0.230966257
5/31/1971,99.62999725341797,-3.702000141,1.64,1114.4,4.340000152587891,0.077149306,-0.274927369
6/30/1971,98.69999694824219,-4.549999809,1.64,1074.2,5.21999979,0.10050181142265283,-0.487995813
7/31/1971,95.58000183105469,-4.624999952,1.74,1115.3,5.309999942779541,0.085606528,-0.47968861
8/31/1971,99.02999877929688,-3.812000036,1.74,1097.9,4.440000057220459,0.1723620661167301,-0.55371779
9/30/1971,98.33999633789062,-3.999999905,1.74,1056.4,4.599999904632568,0.080974616,-0.511314668
10/31/1971,94.23000336,-3.722999954,1.74,1041.2,4.309999942779541,0.085415817,-0.443737097
11/30/1971,93.98999786376953,-3.74700017,1.74,1013.9,4.340000152587891,0.15301392985888954,-0.347456368
12/31/1971,102.08999633789062,-3.09100008,1.74,1037.9,3.680000066757202,0.093572615,-0.320537473
1/31/1972,103.94000244140625,-2.740999889,1.77,1078,3.3499999046325684,0.077013994,-0.24192458
2/29/1972,106.56999969482422,-2.856000042,1.77,1112.4,3.4600000381469727,0.057548305,-0.245477413
3/31/1972,107.19999694824219,-3.217999935,1.77,1108.2,3.8299999237060547,0.078781218,-0.147430789
4/30/1972,107.66999816894531,-3.016000128,1.77,1133,3.630000114440918,0.073450661,-0.346229936
5/31/1972,109.52999877929688,-3.204999924,1.77,1106.4,3.809999942779541,0.09074269,-0.239524884
6/30/1972,107.13999938964844,-3.444999933,1.77,1063.2,4.059999942779541,0.065225918,-0.232077111
7/31/1972,107.38999938964844,-3.187999964,1.87,1034.6,3.799999952316284,0.087054992,-0.14491715
8/31/1972,111.08999633789062,-3.908000183,1.87,1046.7,4.550000190734863,0.073303495,0.22228329909550895
9/30/1972,110.55000305175781,-3.896000195,1.87,1060.6,4.550000190734863,0.079232529,0.11966276203361258
10/31/1972,111.58000183105469,-4.119000244,1.87,917.5,4.760000228881836,0.1027207040543169,-0.102228071
11/30/1972,116.66999816894531,-4.252000093,1.87,1007.1,4.880000114440918,0.07349531,-0.200116965
12/31/1972,118.05000305175781,-4.498999882,1.87,1024.4,5.139999866485596,0.080218977,-0.118643953
1/31/1973,116.02999877929688,-5.025999832,2.08,1119,5.679999828338623,0.079632965,-0.244543585
2/28/1973,111.68000030517578,-5.185999918,2.08,1243.6,5.849999904632568,0.12322123849506036,-0.234612489
3/31/1973,111.5199966430664,-5.727000093,2.08,1509.5,6.400000095367432,0.13862157192236615,-0.242030992
4/30/1973,106.97000122070312,-5.560000038,2.35,1588.4,6.230000019073486,0.13781370928525793,-0.117505131
5/31/1973,104.94999694824219,-6.227000093,2.35,1552.2,6.920000076293945,0.19590204422310575,-0.117733745
6/30/1973,104.26000213623047,-6.825999975,2.35,1748.7,7.519999980926514,0.16501006310567481,-0.097777799
7/31/1973,108.22000122070312,-7.576999712,2.7,2021.2,8.319999694824219,0.1501093493935533,0.2230065136196477
8/31/1973,104.25,-7.934999847,2.7,2123,8.659999847,0.10671003890761634,0.24551490156394545
9/30/1973,108.43000030517578,-6.29000001,2.7,1936.1,6.980000019073486,0.10397236334999584,-0.044416
10/31/1973,108.29000091552734,-6.68900013,4.1,2065.3,7.360000133514404,0.12855330081342775,-0.021766646
11/30/1973,95.95999908447266,-6.631000185,4.1,2273,7.300000190734863,0.21707516728008475,0.12468733542374726
12/31/1973,97.55000305175781,-6.770000029,4.1,2244.3,7.460000038146973,0.26372924705934947,0.15080776112471667
1/31/1974,96.56999969482422,-6.780000019,13,2032.4,7.480000019073486,0.20747337108872682,0.15635125650152099
2/28/1974,96.22000122070312,-6.759000015,13,2291.7,7.460000038146973,0.15997253843734827,0.17300287646641477
3/31/1974,93.98000336,-7.538999748,13,2743.4,8.279999732971191,0.14513884474267671,0.11605379117439665
4/30/1974,90.30999755859375,-8.133999634,10.59999847,3031.8,8.899999618530273,0.14470245948085164,0.048044057
5/31/1974,87.27999877929688,-7.327999926,10.59999847,2875.7,8.079999923706055,0.13826675979824943,0.089921241
6/30/1974,86,-6.576000166,10.59999847,2440,7.340000152587891,0.16962454723621861,0.093151997
7/31/1974,79.30999755859375,-6.88100009,10,1919.1,7.670000076293945,0.2407149511888208,-0.265717664
8/31/1974,72.15000153,-8.11900034,10,1802.9,8.930000305175781,0.23462517071535954,-0.365912127
9/30/1974,63.540000915527344,-5.32599988,10,1460.5,6.119999885559082,0.32380502751762186,0.14513178318380596
10/31/1974,73.90000153,-7.021000195,10.29999924,1398.8,7.800000190734863,0.3313821480413267,-0.155886475
11/30/1974,69.97000122070312,-6.705999804,10.29999924,1416.7,7.46999979,0.20748957248680908,-0.175311747
12/31/1974,68.55999755859375,-6.319999933,10.29999924,1289,7.059999942779541,0.21880019054686856,-0.21376113
1/31/1975,76.98000336,-4.926999807,10.42000008,1211.2,5.679999828338623,0.19358725454021866,-0.118157817
2/28/1975,81.58999633789062,-4.654000092,10.42000008,1266.5,5.400000095367432,0.17115332731907962,-0.151962484
3/31/1975,83.36000061035156,-4.729000187,10.42000008,1344.2,5.53000021,0.1711861653903575,-0.043429085
4/30/1975,87.30000305175781,-4.668999958,10.42000008,1329.2,5.5,0.16161785862203193,0.042731682
5/31/1975,91.15000153,-4.395999813,10.42000008,1253.8,5.199999809265137,0.14691553802280913,-0.041569087
6/30/1975,95.19000244140625,-5.06400013,10.42000008,1193,5.860000133514404,0.1257665051018273,-0.049303888
7/31/1975,88.75,-5.430000019,10.43000031,1222.4,6.25,0.11371243738161858,-0.037238358
8/31/1975,86.87999725341797,-5.538000107,10.43000031,1277.1,6.360000133514404,0.1710749917292291,0.056566792964611416
9/30/1975,83.87000274658203,-5.731999969,10.43000031,1210.1,6.579999923706055,0.16805217661881017,-0.148403815
10/31/1975,89.04000091552734,-4.719000244,10.46000004,1178.8,5.510000228881836,0.14723901205837697,-0.145827439
11/30/1975,91.23999786376953,-4.725999928,10.46000004,1179.7,5.539999961853027,0.10039873381204856,-0.226411615
12/31/1975,90.19000244140625,-4.423999786,10.46000004,1151,5.199999809265137,0.12799454062594365,-0.204806568
1/31/1976,100.86000061035156,-3.95,11.51000023,1193,4.730000019073486,0.1308904703059025,-0.259358583
2/29/1976,99.70999908447266,-4.223000002,11.51000023,1219,5,0.13849063871584405,-0.231359569
3/31/1976,102.7699966430664,-4.203999805,11.51000023,1329,4.96999979,0.12307191016626869,-0.289790032
4/30/1976,101.63999938964844,-4.14299984,11.51000023,1510,4.909999847412109,0.11222680127355533,-0.399123235
5/31/1976,100.18000030517578,-4.693999767,11.51000023,1512,5.489999771118164,0.10918929705113908,-0.392831499
6/30/1976,104.27999877929688,-4.583999872,11.51000023,1550,5.369999885559082,0.10434604693699086,-0.396408654
7/31/1976,103.44000244140625,-4.384000063,11.60000038,1647,5.170000076293945,0.078060869,-0.303041417
8/31/1976,102.91000366210938,-4.324000168,11.60000038,1539,5.090000152587891,0.096492999,-0.261121962
9/30/1976,105.23999786376953,-4.304999924,11.60000038,1459,5.059999942779541,0.10408615517119642,-0.143174068
10/31/1976,102.9000015258789,-4.147999859,11.89999962,1285,4.889999866485596,0.12535140644154474,0.14286737708478137
11/30/1976,102.0999984741211,-3.719000053,11.89999962,1279,4.420000076293945,0.12699320304560732,0.16913860257346988
12/31/1976,107.45999908447266,-3.659000158,11.89999962,1287,4.340000152587891,0.075456339,0.027948467517553643
1/31/1977,102.02999877929688,-3.979999781,12.5,1396,4.71999979,0.084915819,-0.56274324
2/28/1977,99.81999969482422,-3.954999828,12.5,1426,4.699999809265137,0.063538698,-0.571350396
3/31/1977,98.41999816894531,-3.797999954,12.5,1515,4.539999961853027,0.084811958,-0.565721445
4/30/1977,98.44000244140625,-3.945000076,12.44999981,1429,4.690000057220459,0.11158376052850724,-0.562159244
5/31/1977,96.12000274658203,-4.292000198,12.44999981,1371,5.03000021,0.087767266,-0.537282865
6/30/1977,100.4800033569336,-4.260000038,12.44999981,1312,4.980000019073486,0.073554526,-0.572075794
7/31/1977,98.84999847,-4.658000088,12.63000011,1248,5.400000095367432,0.087267262,-0.578730519
8/31/1977,96.76999664,-4.831999922,12.63000011,1160,5.559999942779541,0.081101648,-0.557680421
9/30/1977,96.52999877929688,-5.148999882,12.63000011,1195,5.889999866485596,0.076466263,-0.537403685
10/31/1977,92.33999633789062,-5.41799984,12.68000031,1210,6.179999828338623,0.089361693,-0.607904106
11/30/1977,94.83000183105469,-5.284999943,12.68000031,1182,6.039999961853027,0.13036690451417973,-0.715019591
12/31/1977,95.09999847,-5.352000093,12.68000031,1261,6.130000114440918,0.088981944,-0.613801507
1/31/1978,89.25,-5.626000071,12.65999985,1261,6.420000076293945,0.09541796,-0.494877124
2/28/1978,87.04000091552734,-5.61600008,12.65999985,1217,6.420000076293945,0.095902451,-0.505151552
3/31/1978,89.20999908447266,-5.654999828,12.65999985,1254,6.46999979,0.086500954,-0.449481561
4/30/1978,96.83000183105469,-5.525999928,12.68000031,1285,6.349999904632568,0.1339982109928726,-0.297760774
5/31/1978,97.23999786376953,-5.808000088,12.69999981,1303,6.650000095367432,0.11272460164909526,-0.360481176
6/30/1978,95.52999877929688,-6.14800024,12.72999954,1333,7.010000228881836,0.11270684252624383,-0.22591383
7/31/1978,100.68000030517578,-5.904000187,12.77000046,1337,6.760000228881836,0.094976885,-0.33237695
8/31/1978,103.29000091552734,-6.700999928,12.78999996,1426,7.539999961853027,0.079365233,-0.52346349
9/30/1978,102.54000091552734,-7.123999977,12.80000019,1442,7.980000019073486,0.10934624314736051,-0.527645242
10/31/1978,93.15000153,-7.853999996,12.85000038,1506,8.75,0.1434410520290349,-0.665307911
11/30/1978,94.69999694824219,-8.124000263,13.19999981,1481,9.010000228881836,0.19823870508469094,-0.639021943
12/31/1978,96.11000061035156,-8.345000267,14.5,1533,9.260000228881836,0.1477665264653775,-0.590419277
1/31/1979,99.93000030517578,-8.394999981,17.45000029,1659,9.289999961853027,0.10694833618153093,-0.623837248
2/28/1979,96.27999877929688,-8.532999802,20.75,1944,9.449999809265137,0.10255751843927316,-0.657744603
3/31/1979,101.58999633789062,-8.528999615,22.02499962,2050,9.43999958,0.090236843,-0.685491391
4/30/1979,101.76000213623047,-8.625000381,22.42500019,2100,9.56000042,0.0914286,-0.780027771
5/31/1979,99.08000183105469,-8.663999653,33.5,1926,9.569999694824219,0.10616794669934221,-0.569902913
6/30/1979,102.91000366210938,-8.068999767,34.67499924,1877.9,8.949999809265137,0.079327701,-0.589252867
7/31/1979,103.80999755859375,-8.279000282,33.5,1814,9.180000305175781,0.094095984,-0.570249856
8/31/1979,109.31999969482422,-8.886000443,34,1976.4,9.81000042,0.068818308,-0.428297723
9/30/1979,109.31999969482422,-9.175999928,35.5,2095.9,10.119999885559082,0.12490444502186071,-0.422581485
10/31/1979,101.81999969482422,-11.04799986,37.25,2075.9,12.119999885559082,0.16746143710528952,-0.620061732
11/30/1979,106.16000366210938,-10.45199976,40.75,2090,11.489999771118164,0.1356261536278235,-0.651076726
12/31/1979,107.94000244140625,-11.00699997,39.75,2214,12.039999961853027,0.079377507,-0.661487278
1/31/1980,114.16000366210938,-10.88699999,39,2601,12,0.1231113227395972,-0.396702804
2/29/1980,113.66000366210938,-12.7380002,37.25,2918,14.010000228881836,0.1576743391872814,-0.41475132
3/31/1980,102.08999633789062,-12.97599974,37,2306,14.239999771118164,0.2280229874874645,-0.148541875
4/30/1980,106.29000091552734,-9.31400032,36.57500076,2070,10.390000343322754,0.18176694529688148,-0.266006567
5/31/1980,111.23999786376953,-6.725,37.04999924,2037,7.75,0.13322145964145937,-0.33757199
6/30/1980,114.23999786376953,-6.871000099,37,2006,7.880000114440918,0.1295510989033472,-0.330335717
7/31/1980,121.66999816894531,-7.543999863,35.375,2176,8.619999885559082,0.12080604261120442,-0.253357154
8/31/1980,122.37999725341797,-8.805000019,32.94999886,2082.1,9.960000038146973,0.1465881633861642,-0.268115723
9/30/1980,125.45999908447266,-10.25399961,32.82500076,2060,11.43999958,0.18206875453678176,-0.26469778
10/31/1980,127.47000122070312,-11.46400003,37.35000038,2040,12.710000038146973,0.15699123651892624,-0.101190244
11/30/1980,140.52000427246094,-13.20799952,40.29999924,2010,14.479999542236328,0.16770897194853795,-0.052918127
12/31/1980,135.75999450683594,-13.05700016,39.75,1879,14.300000190734863,0.17417933051238713,0.001482372
1/31/1981,129.5500030517578,-13.32200012,39.77499962,1869.1,14.59000015258789,0.13810780535939748,-0.063793405
2/28/1981,131.27000427246094,-12.87700024,37.89999962,1801,14.220000267028809,0.14038935992835022,-0.014140382
3/31/1981,136,-11.14700003,37.59999847,1818,12.460000038146973,0.15791371734440063,-0.08460444
4/30/1981,132.80999755859375,-13.44899969,36.36999893,1821,14.859999656677246,0.10088715236446617,-0.116977322
5/31/1981,132.58999633789062,-13.75000038,34.28499985,1742,15.100000381469727,0.10817572829451876,0.05640042
6/30/1981,131.2100067138672,-12.89399977,32.70999908,1700,14.279999732971191,0.11179445937381849,0.076603015
7/31/1981,130.9199981689453,-13.40299988,33.51000023,1681.9,14.869999885559082,0.11116322446193455,-0.036859092
8/31/1981,122.79000091552734,-13.97900047,33.9849987,1787,15.520000457763672,0.144514295,-0.1522781
9/30/1981,116.18000030517578,-12.75600014,33.98500061,1710.4,14.34000015258789,0.18172900699388495,-0.164956977
10/31/1981,121.88999938964844,-11.28699999,34.61000061,1666.3,12.75,0.15550365749626582,-0.364737428
11/30/1981,126.3499984741211,-9.056999874,35.68000031,1651.4,10.369999885559082,0.15388785592743226,-0.63090704
12/31/1981,122.55000305175781,-9.681999969,35.40999985,1655.3,11.079999923706055,0.10466374672371699,-0.693927917
1/31/1982,120.4000015258789,-11.10600042,35.04999949,1610.6,12.520000457763672,0.17812931599819845,-0.71602661
2/28/1982,113.11000061035156,-11.03699961,32.27333349,1598,12.43999958,0.18791095078505995,-0.694144996
3/31/1982,111.95999908447266,-11.8420002,30.16666654,1510.4,13.260000228881836,0.14890938709357984,-0.702381942
4/30/1982,116.44000244140625,-10.95300016,31.56666603,1521.7,12.34000015258789,0.12113152320277648,-0.703283859
5/31/1982,111.87999725341797,-10.129,33.04333293,1527.7,11.5,0.10029117790893317,-0.675643467
6/30/1982,109.61000061035156,-11.31600027,32.76666667,1300,12.760000228881836,0.13601933121801604,-0.672228165
7/31/1982,107.08999633789062,-8.802000046,32.91666718,1440.9,10.170000076293945,0.10846737835922562,-0.695762983
8/31/1982,119.51000213623047,-7.139000034,32.41666641,1451.5,8.420000076293945,0.2638123369214027,-0.634982866
9/30/1982,120.41999816894531,-6.446999931,33.46666641,1426.5,7.619999885559082,0.1631764449419079,-0.578262109
10/31/1982,133.72000122070312,-6.829000092,33.78333384,1461,7.900000095367432,0.26519862101612107,-0.585438847
11/30/1982,138.52999877929688,-7.200999737,32.84999975,1443.8,8.279999732971191,0.25938602967329877,-0.562908839
12/31/1982,140.63999938964844,-6.884000111,31.46666679,1473.2,7.920000076293945,0.17636420729070684,-0.53765829
1/31/1983,145.3000030517578,-7.020000362,30.65333303,1571.9,8.100000381469727,0.20171899563918858,-0.438324508
2/28/1983,148.05999755859375,-6.902999783,29.11333338,1647.4,7.929999828338623,0.15502275632200163,-0.439470562
3/31/1983,152.9600067138672,-7.578000355,28.32000033,1597.7,8.640000343322754,0.11874505291582173,-0.369401582
4/30/1983,164.42999267578125,-7.052999878,29.69333331,1674.9,8.079999923706055,0.12244068243317975,-0.362171157
5/31/1983,162.38999938964844,-7.549000072,29.35999997,1765.7,8.630000114440918,0.11679857273224169,-0.440329388
6/30/1983,167.63999938964844,-7.693999958,29.96666718,1701.2,8.789999961853027,0.1286723124055124,-0.327759144
7/31/1983,162.55999755859375,-8.044000244,30.46666654,1704.3,9.220000267028809,0.17088773514570366,-0.6124735
8/31/1983,164.39999389648438,-8.062000275,30.65333303,1639.8,9.260000228881836,0.13046064097036755,-0.546741989
9/30/1983,166.07000732421875,-7.56600008,30.07000033,1560.7,8.710000038146973,0.114656996,-0.669077296
10/31/1983,163.5500030517578,-7.336000252,29.61666679,1435.2,8.510000228881836,0.11807095543502459,-0.471022074
11/30/1983,166.39999389648438,-7.717000103,29.16666667,1389.1,8.880000114440918,0.10148674426431645,-0.479358543
12/31/1983,164.92999267578125,-7.788000298,28.81333351,1415.2,8.970000267028809,0.081496605,-0.509361612
1/31/1984,163.41000366210938,-7.723000336,29.04333305,1375.7,8.890000343322754,0.099480754,-0.532346724
2/29/1984,157.05999755859375,-7.936000347,29.2033329,1429.8,9.140000343322754,0.15777974218025426,-0.567092757
3/31/1984,159.17999267578125,-8.467000294,29.53333346,1501.2,9.720000267028809,0.1278853978434553,-0.593796915
4/30/1984,160.0500030517578,-8.438000298,29.57333247,1532.6,9.720000267028809,0.11434000008315762,-0.457155018
5/31/1984,150.5500030517578,-8.359000015,29.46000036,1420.9,9.75,0.086530814,-0.654798305
6/30/1984,153.17999267578125,-8.536000061,29.05000051,1366.5,9.920000076293945,0.1442398331542645,-0.715078035
7/31/1984,150.66000366210938,-9.108999634,27.986667,1330.8,10.399999618530273,0.10384383405670751,-0.439905786
8/31/1984,166.67999267578125,-9.351000118,28.17000008,1337.5,10.630000114440918,0.15037237543371645,-0.363934942
9/30/1984,166.10000610351562,-8.97300024,28.35333316,1293.6,10.220000267028809,0.10915162386888176,-0.345723618
10/31/1984,166.08999633789062,-7.831000233,27.85333316,1273,9.010000228881836,0.12017953846051095,-0.299812031
11/30/1984,163.5800018310547,-7.281999588,27.65000025,1345.1,8.43999958,0.11285213522824493,-0.276833362
12/31/1984,167.24000549316406,-6.694999886,26.81333351,1321.1,7.849999904632568,0.1206218184287056,-0.269083908
1/31/1985,179.6300048828125,-6.933000183,26.63333333,1359.1,8.050000190734863,0.12087261126706172,-0.331219088
2/28/1985,181.17999267578125,-7.309000015,27.6,1388.5,8.5,0.096398296,-0.263689305
3/31/1985,180.66000366210938,-7.015000343,27.85,1389.9,8.180000305175781,0.10040708802558922,-0.26148242
4/30/1985,179.8300018310547,-6.70899992,27.8,1501.8,7.849999904632568,0.076108278,-0.248222989
5/31/1985,189.5500030517578,-6.111999893,26.65,1530.6,7.139999866485596,0.085899846,-0.016415375
6/30/1985,191.85000610351562,-5.804999924,26.36666667,1432.4,6.829999923706055,0.10090372602323212,-0.023911504
7/31/1985,190.9199981689453,-6.22300024,26.38333333,1474.6,7.28000021,0.094525824,-0.228178063
8/31/1985,188.6300048828125,-6.111999893,27.01666667,1420.2,7.139999866485596,0.085319197,-0.351364965
9/30/1985,182.0800018310547,-6.00899992,26.98333333,1366.4,7.039999961853027,0.10087092826903518,-0.390605379
10/31/1985,189.82000732421875,-6.189000034,27.81666667,1384.7,7.190000057220459,0.084294414,-0.456033114
11/30/1985,202.1699981689453,-6.200999832,28.6,1369.5,7.159999847412109,0.097307483,-0.507938365
12/31/1985,211.27999877929688,-6.150000191,26.5,1390.9,7.050000190734863,0.11926437522367471,-0.542173587
1/31/1986,211.77999877929688,-6.061999798,24.68333333,1418.3,6.96999979,0.15333930962492062,-0.570021678
2/28/1986,226.9199981689453,-6.206999969,15.91666667,1405.5,7.019999980926514,0.11011087677346663,-0.752632788
3/31/1986,238.89999389648438,-5.601000166,12.65,1445.1,6.340000152587891,0.12456396133467193,-0.77784015
4/30/1986,235.52000427246094,-5.361999893,11.9,1434.6,6.099999904632568,0.16688644962610505,-0.79771716
5/31/1986,247.35000610351562,-5.495000172,13.71666667,1418.74,6.300000190734863,0.12515833191259315,-0.492542011
6/30/1986,250.83999633789062,-5.225000048,11.85,1413.14,5.960000038146973,0.14164974553111292,-0.438515192
7/31/1986,236.1199951171875,-5.055999947,9.616666667,1344.3,5.789999961853027,0.16785202844503774,-0.413725207
8/31/1986,252.92999267578125,-4.475000095,13.7,1303.1,5.170000076293945,0.11333250892694088,-0.429154882
9/30/1986,231.32000732421875,-4.454999828,14.08333333,1347,5.199999809265137,0.22342437447059812,-0.560365653
10/31/1986,243.97999572753906,-4.465999794,13.95,1316.8,5.199999809265137,0.10046434367205684,-0.534391075
11/30/1986,249.22000122070312,-4.674999857,14.45,1303.2,5.389999866485596,0.15141639523591233,-0.523682793
12/31/1986,242.1699981689453,-4.947000074,15.68333333,1335.6,5.670000076293945,0.12396713701820829,-0.520951827
1/31/1987,274.0799865722656,-4.881999922,18.06666667,1346,5.599999904632568,0.14690469347468957,-0.391017414
2/28/1987,284.20001220703125,-4.730999804,17.25,1379.83,5.449999809265137,0.1314265443970509,-0.310268986
3/31/1987,291.70001220703125,-4.859000111,17.75,1465.72,5.610000133514404,0.15534336943889038,-0.243126985
4/30/1987,288.3599853515625,-4.709000206,17.9,1484.24,5.53000021,0.2300322700329912,-0.293254113
5/31/1987,290.1000061035156,-4.830999851,18.4,1520.44,5.679999828338623,0.18273806709863102,-0.420835425
6/30/1987,304,-4.892000008,18.71666667,1571.87,5.730000019073486,0.10968005778364262,-0.54770034
7/31/1987,318.6600036621094,-5.204000187,19.61666667,1694.62,6.070000171661377,0.092596866,-0.610622374
8/31/1987,329.79998779296875,-5.35,18.81666667,1756.31,6.25,0.1468637135549766,-0.550127362
9/30/1987,321.8299865722656,-5.647000122,18.28333333,1811.01,6.610000133514404,0.17732091975896117,-0.53717786
10/31/1987,251.7899932861328,-4.381999969,18.56666667,1967.2,5.269999980926514,0.9901787234700185,0.41986077971866603
11/30/1987,230.3000030517578,-4.311000061,17.75,2523.9,5.210000038146973,0.3075326796303752,0.44043819798418266
12/31/1987,247.0800018310547,-4.796999836,16.63333333,2868.9,5.679999828338623,0.28843848939850775,0.3554009305303939
1/31/1988,257.07000732421875,-4.813999844,16.46666667,2663.2,5.639999866485596,0.34358430137714285,0.33519551933607217
2/29/1988,267.82000732421875,-4.803999901,15.85,2330.2,5.619999885559082,0.1594973580737865,0.31863550430582127
3/31/1988,258.8900146484375,-4.853000069,14.78333333,2359.3,5.710000038146973,0.14244718101697404,0.27255034371309106
4/30/1988,261.3299865722656,-5.093000031,16.46666667,2286.3,5.980000019073486,0.21085959,0.3159702870628386
5/31/1988,262.1600036621094,-5.509999847,16.21666667,2447.99,6.429999828338623,0.17837074924059407,0.31335680631392737
6/30/1988,273.5,-5.677999973,15.33333333,2540.27,6.559999942779541,0.1596260596880523,0.2689826570172013
7/31/1988,272.0199890136719,-6.037999821,14.48333333,2213.51,6.949999809265137,0.15824412760258266,0.23938853596247464
8/31/1988,261.5199890136719,-6.375000191,14.55,2200.68,7.300000190734863,0.12911649895499785,0.19873045686111454
9/30/1988,271.9100036621094,-6.363000011,13.1,2435.53,7.25,0.1180534385760053,0.17530863092111057
10/31/1988,278.9700012207031,-6.495000172,12.18333333,2939.51,7.360000133514404,0.14141378202909033,-0.623007894
11/30/1988,273.70001220703125,-6.923999882,12.53333333,3304.66,7.829999923706055,0.13016952334266513,-0.762662868
12/31/1988,277.7200012207031,-7.186000347,14.65,3498.91,8.100000381469727,0.087919184,-0.808986093
1/31/1989,297.4700012207031,-7.48900032,16.48333333,3394.06,8.390000343322754,0.096028291,-0.764290742
2/28/1989,288.8599853515625,-7.778000069,16.35,3096.92,8.710000038146973,0.12593475477190036,-0.770260198
3/31/1989,294.8699951171875,-7.969999599,18.03333333,3264.14,8.899999618530273,0.12415380989351536,-0.741240196
4/30/1989,309.6400146484375,-7.507999802,19.2,3117.91,8.409999847,0.10388603492965041,-0.788530209
5/31/1989,320.5199890136719,-7.749999619,18.01666667,2738.98,8.609999656677246,0.11205076174484314,-0.794711089
6/30/1989,317.9800109863281,-7.179999733,17.63333333,2546.01,7.989999771118164,0.1330214146568629,-0.596138474
7/31/1989,346.0799865722656,-7.018000174,17.66666667,2505,7.800000190734863,0.096459701,-0.580456576
8/31/1989,351.45001220703125,-7.063999844,16.88333333,2762.2,7.889999866485596,0.12821943882860617,-0.509505049
9/30/1989,349.1499938964844,-7.078999805,17.66666667,2884.4,7.909999847412109,0.083654647,-0.503403454
10/31/1989,340.3599853515625,-6.977999973,18.41666667,2861.4,7.769999980926514,0.26960154269026293,-0.335807042
11/30/1989,345.9899902,-6.806000137,18.36666667,2591.3,7.590000152587891,0.10247537648308327,-0.235040643
12/31/1989,353.3999938964844,-6.757000208,19.35,2418.6,7.550000190734863,0.10900742121921188,-0.224269813
1/31/1990,329.0799865722656,-6.896999741,20.35,2366.64,7.739999771118164,25.360000610351562,-0.467993916
2/28/1990,331.8900146484375,-6.918999958,19.6,2360.16,7.769999980926514,21.989999771118164,-0.410401219
3/31/1990,339.94000244140625,-6.935000229,18.21666667,2625.61,7.800000190734863,19.729999542236328,-0.388454609
4/30/1990,330.79998779296875,-6.885999966,16.55,2686.15,7.789999961853027,19.520000457763672,-0.408394714
5/31/1990,361.2300109863281,-6.889999962,16.58333333,2741.95,7.75,17.37000084,-0.493606906
6/30/1990,358.0199890136719,-6.896999741,15.26666667,2584.56,7.739999771118164,15.5,-0.581602735
7/31/1990,356.1499938964844,-6.653999805,17.16666667,2769.49,7.489999771118164,21.110000610351562,-0.505113601
8/31/1990,322.55999755859375,-6.503999901,26.4,2957.03,7.389999866485596,29.899999618530273,-0.704557796
9/30/1990,306.04998779296875,-6.257999897,32.7,3031.37,7.139999866485596,29.110000610351562,-0.654463372
10/31/1990,304,-6.245000172,34.5,2743.56,7.110000133514404,30.040000915527344,-0.758283377
11/30/1990,322.2200012207031,-6.193999958,31.08333333,2585.89,7.019999980926514,22.15999984741211,-0.792699002
12/31/1990,330.2200012207031,-5.632000065,26.13333333,2485.38,6.440000057220459,26.37999916,-0.818854041
1/31/1991,343.92999267578125,-5.387000084,22.58333333,2448.52,6.190000057220459,20.90999984741211,-0.765404996
2/28/1991,367.07000732421875,-5.237999916,18.13333333,2449.38,6.039999961853027,21.229999542236328,-0.715573666
3/31/1991,375.2200012207031,-4.934999752,18.06666667,2409.63,5.739999771118164,16.87999916,-0.739801324
4/30/1991,375.3399963378906,-4.708000183,18.46666667,2472.04,5.510000228881836,18.239999771118164,-0.749995923
5/31/1991,389.8299865722656,-4.724000168,18.81666667,2305.88,5.53000021,15.930000305175781,-0.626456522
6/30/1991,371.1600036621094,-4.715999985,17.93333333,2219.28,5.539999961853027,19.549999237060547,-0.694925075
7/31/1991,387.80999755859375,-4.710000229,19.05,2236.28,5.53000021,15.180000305175781,-0.692837367
8/31/1991,395.42999267578125,-4.547999907,19.36666667,2233.19,5.329999923706055,14.460000038146973,-0.349533627
9/30/1991,387.8599853515625,-4.363000154,20.05,2324.57,5.110000133514404,15.850000381469727,-0.159271773
10/31/1991,392.45001220703125,-4.073000193,21.46666667,2363.64,4.820000171661377,15.479999542236328,-0.204255974
11/30/1991,375.2200012207031,-3.611999893,20.76666667,2379.84,4.349999904632568,20.260000228881836,-0.008024609
12/31/1991,417.0899963378906,-3.209000111,17.75,2223.14,3.880000114440918,19.309999465942383,-0.462523929
1/31/1992,408.7799987792969,-3.10899992,17.38333333,2139.23,3.8399999141693115,17.399999618530273,-0.509413691
2/29/1992,412.70001220703125,-3.203000069,17.61666667,2205.97,3.930000066757202,16.68000030517578,-0.563946208
3/31/1992,403.69000244140625,-3.296000195,17.45,2227.33,4.050000190734863,16.18000030517578,-0.599691865
4/30/1992,414.95001220703125,-2.939000034,18.63333333,2215.33,3.700000047683716,15.529999732971191,-0.578464574
5/31/1992,415.3500061035156,-2.967000055,19.5,2216.52,3.700000047683716,13.859999656677246,-0.586770598
6/30/1992,408.1400146484375,-2.855999947,20.83333333,2299.2,3.569999933242798,13.350000381469727,-0.523014208
7/31/1992,424.2099914550781,-2.508000088,20.16666667,2520.32,3.180000066757202,13.170000076293945,-0.588606565
8/31/1992,414.0299987792969,-2.498000097,19.61666667,2521.64,3.1600000858306885,13.579999923706055,-0.572493507
9/30/1992,417.79998779296875,-2.053000069,20.15,2414.06,2.690000057220459,14.279999732971191,-0.639310141
10/31/1992,418.67999267578125,-2.280000019,20.08333333,2249.15,2.9600000381469727,16.149999618530273,-0.596701986
11/30/1992,431.3500061035156,-2.575,18.88333333,2158.32,3.2699999809265137,13.010000228881836,-0.620187419
12/31/1992,435.7099914550781,-2.409999943,17.93333333,2206.82,3.0799999237060547,12.569999694824219,-0.361147524
1/31/1993,438.7799987792969,-2.261000109,17.21666667,2256.85,2.9000000953674316,12.420000076293945,-0.197482441
2/28/1993,443.3800048828125,-2.347000027,18.16666667,2212.6,2.950000047683716,13.15999984741211,-0.210858756
3/31/1993,451.6700134277344,-2.287000084,18.46666667,2152.59,2.890000104904175,12.529999732971191,-0.000844485
4/30/1993,440.19000244140625,-2.305000067,18.43333333,1949.88,2.9100000858306885,12.420000076293945,-0.167090781
5/31/1993,450.19000244140625,-2.443999958,18.16666667,1794.5,3.059999942779541,13.470000267028809,-0.108106004
6/30/1993,450.5299987792969,-2.449999952,17.46666667,1853.42,3.0299999713897705,11.260000228881836,-0.117709219
7/31/1993,448.1300048828125,-2.446999979,16.31666667,1927.16,3.0299999713897705,11.729999542236328,0.06324925
8/31/1993,463.55999755859375,-2.46500001,16.48333333,1947.45,3.009999990463257,11.850000381469727,-0.122518587
9/30/1993,458.92999267578125,-2.380000067,15.9,1861.86,2.9200000762939453,12.989999771118164,-0.131924139
10/31/1993,467.8299865722656,-2.49119997,16.51666667,1646.4,3.0299999713897705,11.460000038146973,-0.049792311
11/30/1993,461.7900085449219,-2.560500097,15.2,1630.02,3.140000104904175,13.760000228881836,-0.404448257
12/31/1993,466.45001220703125,-2.421700001,13.76666667,1724.19,3,11.65999984741211,-0.38852902
1/31/1994,481.6099853515625,-2.406200027,14.13333333,1805.35,2.9700000286102295,10.630000114440918,-0.41098657
2/28/1994,467.1400146484375,-2.744999886,13.78333333,1866.4,3.359999895095825,14.869999885559082,-0.603108027
3/31/1994,445.7699890136719,-2.792600012,13.61666667,1914.87,3.4700000286102295,20.450000762939453,-0.734549046
4/30/1994,450.9100036621094,-3.15649991,15.08333333,1881.82,3.859999895095825,13.770000457763672,-0.746221012
5/31/1994,456.5,-3.454800081,16.28333333,2150.6,4.170000076293945,13.029999732971191,-0.767633675
6/30/1994,444.2699890136719,-3.407099867,17.16666667,2364.2,4.139999866485596,14.970000267028809,-0.828377576
7/31/1994,458.2600098,-3.560500002,17.88333333,2458.19,4.269999980926514,11.130000114440918,-0.859672207
8/31/1994,475.4899902,-3.843499947,17,2406.23,4.559999942779541,11.970000267028809,-0.796633263
9/30/1994,462.7099914550781,-3.910100079,16.2,2505.93,4.670000076293945,14.279999732971191,-0.874065271
10/31/1994,472.3500061035156,-4.240699959,16.46666667,2547.67,5.019999980926514,14.56000042,-0.848959927
11/30/1994,453.69000244140625,-4.76120019,17.08333333,2802.45,5.550000190734863,15.949999809265137,-0.734751102
12/31/1994,459.2699890136719,-4.747300196,15.94,2985.3,5.53000021,13.199999809265137,-0.734696553
1/31/1995,470.4200134277344,-5.080700159,16.9,3008.93,5.840000152587891,11.960000038146973,-0.718869168
2/28/1995,487.3900146484375,-5.028999996,17.41666667,2877.65,5.75,11.75,-0.725293604
3/31/1995,500.7099914550781,-4.981099796,17.34666667,2924.04,5.699999809265137,13.369999885559082,-0.609302625
4/30/1995,514.7100219726562,-4.985400057,18.64666667,2903.5,5.690000057220459,11.75,-0.65929978
5/31/1995,533.4000244140625,-5.001400137,18.42333333,2773.31,5.630000114440918,12.850000381469727,-0.644712369
6/30/1995,544.75,-4.809699821,17.36333333,2994.64,5.429999828338623,11.380000114440918,-0.613711002
7/31/1995,562.0599975585938,-4.777100086,16.08333333,3075.67,5.420000076293945,13.489999771118164,-0.517489771
8/31/1995,561.8800048828125,-4.642700005,16.46666667,3036.84,5.269999980926514,11.520000457763672,-0.545553612
9/30/1995,584.4099731445312,-4.624299765,16.82,2915.52,5.239999771118164,12.739999771118164,-0.356931294
10/31/1995,581.5,-4.709699965,16.12333333,2813.55,5.309999942779541,13.829999923706055,-0.368992261
11/30/1995,605.3699951171875,-4.745500183,16.74333333,2977.36,5.320000171661377,11.579999923706055,-0.232579709
12/31/1995,615.9299926757812,-4.402500057,17.86666667,2926.26,4.960000038146973,12.520000457763672,-0.202899215
1/31/1996,636.0200195,-4.351899862,17.8,2616.41,4.909999847412109,12.529999732971191,-0.162240227
2/29/1996,640.4299926757812,-4.268800116,17.69666667,2537.71,4.880000114440918,17.040000915527344,-0.290995113
3/31/1996,645.5,-4.366599989,19.4,2561.02,5,18.87999916,-0.354352773
4/30/1996,654.1699829101562,-4.346700239,20.66,2595.78,5.010000228881836,15.829999923706055,-0.370757287
5/31/1996,669.1199951171875,-4.355599976,19.06333333,2658.26,5.039999961853027,16.06999969482422,-0.200821901
6/30/1996,670.6300048828125,-4.358900213,18.51333333,2173.4,5.03000021,13.680000305175781,-0.114810199
7/31/1996,639.9500122070312,-4.500999832,19.58666667,1985.57,5.179999828338623,19.459999084472656,-0.174134222
8/31/1996,651.9899902,-4.446399879,20.44,2008.57,5.139999866485596,17.010000228881836,-0.208250191
9/30/1996,687.3300170898438,-4.240099859,22.25666667,1941.45,4.909999847412109,16.950000762939453,-0.292715147
10/31/1996,705.2700195,-4.375100231,23.61,1961.17,5.010000228881836,18.110000610351562,-0.38852348
11/30/1996,757.0200195,-4.385999775,22.39,2230.86,4.989999771118164,17.139999389648438,-0.463610735
12/31/1996,740.7399902,-4.409300184,23.62333333,2268.08,5.050000190734863,20.920000076293945,-0.545601311
1/31/1997,786.1599731445312,-4.359700251,23.22666667,2434.93,5.010000228881836,19.469999313354492,-0.488051339
2/28/1997,790.8200073242188,-4.416500187,20.42,2405.85,5.070000171661377,21.100000381469727,-0.503687531
3/31/1997,757.1199951171875,-4.47930007,19.33,2421.29,5.170000076293945,22.139999389648438,-0.590972744
4/30/1997,801.3400268554688,-4.429799891,17.88,2391.18,5.099999904632568,20.059999465942383,-0.65146065
5/31/1997,848.2800293,-4.153700161,19.36743333,2514.33,4.820000171661377,19.190000534057617,-0.665656009
6/30/1997,885.1400146484375,-4.399800205,17.92,2612.62,5.050000190734863,21.530000686645508,-0.70960395
7/31/1997,954.3099975585938,-4.499599886,18.33,2450.46,5.099999904632568,21.479999542236328,-0.797356899
8/31/1997,899.4699707,-4.45700016,18.7,2251.2,5.090000152587891,24.760000228881836,-0.827201947
9/30/1997,947.2800293,-4.359299803,18.66174603,2107.3,4.96999979,22.90999984741211,-0.826687738
10/31/1997,914.6199951171875,-4.478099966,20.04,2052.26,5.059999942779541,35.09000015258789,-0.691293314
11/30/1997,955.4000244140625,-4.47489996,19.08666667,1917.45,5.059999942779541,27.43000030517578,-0.642380894
12/31/1997,970.4299926757812,-4.626099825,17.09,1762.33,5.199999809265137,24.010000228881836,-0.596639816
1/31/1998,980.2800293,-4.488799953,15,1688.45,5.039999961853027,21.469999313354492,-0.656240285
2/28/1998,1049.3399658203125,-4.618399811,14.1,1664.8,5.179999828338623,18.549999237060547,-0.534972723
3/31/1998,1101.75,-4.423799753,13.12333333,1747.98,4.989999771118164,24.219999313354492,-0.337926185
4/30/1998,1111.75,-4.283299923,13.5,1800.9,4.849999904632568,21.18000030517578,-0.331974834
5/31/1998,1090.8199462890625,-4.335399866,14.02666667,1732.53,4.889999866485596,21.31999969482422,-0.328574119
6/30/1998,1133.8399658203125,-4.426599789,12.479,1660.52,4.96999979,19.709999084472656,-0.319774872
7/31/1998,1120.6700439453125,-4.400599813,12.69966667,1651.04,4.949999809265137,24.799999237060547,-0.124624024
8/31/1998,957.2800293,-4.256800222,12.48796667,1620.93,4.760000228881836,44.279998779296875,0.7310499128958747
9/30/1998,1017.010009765625,-3.809000015,13.80333333,1647.64,4.25,40.95000076293945,0.38568373650150706
10/31/1998,1098.6700439453125,-3.749700022,13.26333333,1586.39,4.210000038146973,28.049999237060547,0.43769336217378824
11/30/1998,1163.6300048828125,-3.947400093,11.88,1573.95,4.420000076293945,26.010000228881836,0.4561923359392325
12/31/1998,1229.22998,-3.886199903,10.41,1473.57,4.349999904632568,24.420000076293945,0.449778759
1/31/1999,1279.6400146484375,-3.894700146,11.44333333,1431.18,4.360000133514404,26.25,0.4522192052002196
2/28/1999,1238.3299560546875,-4.022800207,10.75333333,1410.78,4.550000190734863,27.87999916,0.1496510752839084
3/31/1999,1286.3699951171875,-3.836600113,13.16666667,1378.35,4.360000133514404,23.260000228881836,0.13775101478084778
4/30/1999,1335.1800537109375,-3.894999838,15.86666667,1466,4.429999828338623,25.06999969482422,0.1519685752611052
5/31/1999,1301.8399658203125,-3.948900223,16.06333333,1511.16,4.510000228881836,25.389999389648438,0.077677492
6/30/1999,1372.709961,-4.089000082,16.39333333,1422.48,4.670000076293945,21.09000015258789,0.11889943068673178
7/31/1999,1328.719970703125,-4.029299879,18.98666667,1640,4.619999885559082,24.639999389648438,0.1062873778625624
8/31/1999,1320.4100341796875,-4.252099895,20.27,1647.62,4.849999904632568,24.450000762939453,-0.497883249
9/30/1999,1282.709961,-4.121500015,22.7,1750.34,4.710000038146973,25.40999984741211,-0.283514773
10/31/1999,1362.9300537109375,-4.35970006,21.95,1724.12,4.960000038146973,22.200000762939453,-0.353965413
11/30/1999,1388.9100341796875,-4.533700085,24.16333333,1727.55,5.150000095367432,24.18000030517578,-0.373970248
12/31/1999,1469.25,-4.526500082,25.1,1764.75,5.170000076293945,24.639999389648438,-0.193944985
1/31/2000,1394.459961,-4.863300228,25.31,1843.98,5.53000021,24.950000762939453,-0.18594057
2/29/2000,1366.4200439453125,-4.999099874,27.22096667,1800.83,5.639999866485596,23.37000084,0.22386435539963007
3/31/2000,1498.5799560546875,-5.117699814,27.49,1739.39,5.71999979,24.110000610351562,-0.192753508
4/30/2000,1452.4300537109375,-5.028600073,23.47,1678.75,5.650000095367432,26.200000762939453,-0.243397417
5/31/2000,1420.5999755859375,-4.861499786,27.18666667,1785.62,5.489999771118164,23.649999618530273,-0.195450124
6/30/2000,1454.5999755859375,-5.098199797,29.62076667,1753.18,5.699999809265137,19.540000915527344,-0.306504368
7/31/2000,1430.8299560546875,-5.4171,28.17666667,1799.36,6.019999980926514,20.739999771118164,-0.284566569
8/31/2000,1517.6800537109375,-5.537100124,29.2629,1855.86,6.110000133514404,16.84000015258789,-0.365141696
9/30/2000,1436.510009765625,-5.452200222,32.08283333,1960.41,6.03000021,20.56999969482422,-0.405701622
10/31/2000,1429.4000244140625,-5.574300098,31.40016667,1898.59,6.150000095367432,23.62999916,-0.495693645
11/30/2000,1314.949951171875,-5.466100216,32.331,1795.11,6.010000228881836,29.649999618530273,-0.291617011
12/31/2000,1320.280029296875,-5.219000006,25.20466667,1850.55,5.730000019073486,26.850000381469727,-0.539018126
1/31/2001,1366.010009765625,-4.322100163,25.95727273,1787.5,4.840000152587891,22.020000457763672,-0.379883992
2/28/2001,1239.939941,-4.229199791,27.23883333,1765.65,4.71999979,28.350000381469727,-0.246202525
3/31/2001,1160.3299560546875,-3.688499832,25.02257576,1738.77,4.179999828338623,28.639999389648438,-0.060366933
4/30/2001,1249.459961,-3.296199942,25.718,1664.16,3.8299999237060547,25.479999542236328,0.3296858359663664
5/31/2001,1255.8199462890625,-2.998699951,27.5468254,1682.21,3.5399999618530273,22.639999389648438,0.3577569898202983
6/30/2001,1224.3800048828125,-3.020999956,26.96603175,1608.45,3.559999942779541,19.059999465942383,0.427433879
7/31/2001,1211.22998,-2.936300039,24.80367965,1525.21,3.440000057220459,21.62000084,0.3981931664127312
8/31/2001,1133.5799560546875,-2.798399973,25.82115942,1464.43,3.2799999713897705,24.920000076293945,0.6247788800525006
9/30/2001,1040.939941,-1.842499971,25.20766667,1426.33,2.299999952316284,31.93000030517578,0.6933079288379999
10/31/2001,1059.780029296875,-1.583699989,20.73188406,1377.28,2.009999990463257,33.560001373291016,0.5866226265782005
11/30/2001,1139.449951171875,-1.255600023,18.68818182,1427.73,1.7300000190734863,23.84000015258789,0.669983102
12/31/2001,1148.0799560546875,-1.166799951,18.51978947,1471.74,1.6699999570846558,23.799999237060547,0.7184485605553568
1/31/2002,1130.199951171875,-1.217500019,19.15481241,1503.96,1.7200000286102295,21.09000015258789,0.7225633429859741
2/28/2002,1106.72998,-1.234100008,19.97523684,1561.9,1.7200000286102295,21.59000015258789,0.6946785549911113
3/31/2002,1147.3900146484375,-1.199399996,23.64066667,1604.88,1.7400000095367432,17.399999618530273,0.7485478010456676
4/30/2002,1076.9200439453125,-1.220900011,25.43424242,1590.33,1.7300000190734863,21.90999984741211,0.7293700105312355
5/31/2002,1067.1400146484375,-1.200700021,25.67234519,1595.68,1.7050000429153442,19.979999542236328,0.7256751397880935
6/30/2002,989.8200073242188,-1.176600051,24.4880575,1647.53,1.659000039100647,25.399999618530273,0.7308668247859796
7/31/2002,911.6199951171875,-1.218499947,25.7547481,1589.46,1.6649999618530273,32.029998779296875,0.8037337068007924
8/31/2002,916.0700073242188,-1.231299973,26.77580087,1479.55,1.6449999809265137,32.63999938964844,0.7260943705772986
9/30/2002,815.2800293,-1.166299939,28.28079365,1478.71,1.5269999504089355,39.689998626708984,0.7795715204167174
10/31/2002,885.7600098,-1.025900054,27.52681159,1483.76,1.4170000553131104,31.139999389648438,0.8601632021618759
11/30/2002,936.3099975585938,-0.78070004,24.5424812,1582.29,1.2020000219345093,27.5,0.8440904395703601
12/31/2002,879.8200073242188,-0.800200033,27.88698413,1595.68,1.1820000410079956,28.62000084,0.8618586093449395
1/31/2003,855.7000122070312,-0.750500011,30.75031746,1647.66,1.1480000019073486,31.170000076293945,0.8330076534314206
2/28/2003,841.1500244140625,-0.805399942,32.88337719,1683.8,1.1749999523162842,29.62999916,0.8200004375665769
3/31/2003,848.1799926757812,-0.707700038,30.35920635,1658.976,1.090000033378601,29.149999618530273,0.8355163873066378
4/30/2003,916.9199829101562,-0.71529994,25.55596825,1587.475,1.1009999513626099,21.209999084472656,0.7965413875716412
5/31/2003,963.5900268554688,-0.750000048,26.0649127,1648.275,1.0850000381469727,19.469999313354492,0.60847726
6/30/2003,974.5,-0.485199988,27.91714286,1686.5,0.8379999995231628,19.520000457763672,0.6061534608329713
7/31/2003,990.3099975585938,-0.479599988,28.59158762,1710,0.9269999861717224,19.489999771118164,0.441127708
8/31/2003,1008.010009765625,-0.514599979,29.67555556,1760.275,0.9599999785423279,18.62999916,0.44739302009551185
9/30/2003,995.9699707,-0.532299995,26.88233045,1789.523,0.9259999990463257,22.719999313354492,0.31058172450627186
10/31/2003,1050.709961,-0.50189997,29.01449275,1920.543,0.9319999814033508,16.100000381469727,0.30163051451306644
11/30/2003,1058.199951171875,-0.475999975,29.12274074,2055.425,0.9079999923706055,16.31999969482422,0.25447162701677595
12/31/2003,1111.9200439453125,-0.481300008,29.96920635,2201.286,0.9070000052452087,18.309999465942383,0.068511506
1/31/2004,1131.1300048828125,-0.483200014,31.3677193,2423.571,0.8970000147819519,16.62999916,0.13366596544540235
2/29/2004,1144.939941,-0.528599989,31.33133333,2759.525,0.9269999861717224,14.550000190734863,0.058337343773357836
3/31/2004,1126.209961,-0.539299989,33.66507246,3008.717,0.9229999780654907,16.739999771118164,0.12276928999833245
4/30/2004,1107.300048828125,-0.501900029,33.7113925,2948.725,0.9520000219345093,17.190000534057617,-0.073142007
5/31/2004,1120.6800537109375,-0.586500025,37.55789891,2733.5,1.0520000457763672,15.5,0.12680197200874094
6/30/2004,1140.8399658203125,-0.841299963,35.5427417,2686.705,1.3029999732971191,14.34000015258789,0.12086782315635809
7/31/2004,1101.719970703125,-0.96449995,37.89199856,2808.432,1.4119999408721924,15.319999694824219,0.18808315715367652
8/31/2004,1104.239990234375,-1.154799962,42.08406926,2846.095,1.5679999589920044,15.289999961853027,0.20243878789293512
9/30/2004,1114.5799560546875,-1.262100029,41.5968254,2894.864,1.6740000247955322,13.34000015258789,0.10038900043042617
10/31/2004,1130.199951171875,-1.464100003,46.88111111,3012.238,1.8669999837875366,16.270000457763672,-0.173943276
11/30/2004,1173.8199462890625,-1.746199942,42.12554545,3122.795,2.181999921798706,13.239999771118164,0.005214136
12/31/2004,1211.9200439453125,-1.760399914,39.04494444,3145.452,2.181999921798706,13.289999961853027,-0.006592253
1/31/2005,1181.27002,-2.008699942,42.97227778,3170,2.421999931335449,12.819999694824219,0.051778613
2/28/2005,1203.5999755859375,-2.254100037,44.81821053,3253.7,2.690000057220459,12.079999923706055,0.11604283662908361
3/31/2005,1180.5899658203125,-2.272399902,50.94287879,3379.49,2.7219998836517334,14.020000457763672,0.026688769169311028
4/30/2005,1156.8499755859375,-2.416899872,50.64047619,3394.476,2.8369998931884766,15.31000042,0.4341758889400655
5/31/2005,1191.5,-2.481399965,47.82657287,3249.1,2.881999969482422,13.289999961853027,0.3217765092547654
6/30/2005,1191.3299560546875,-2.665499949,53.89030303,3524.068,3.059999942779541,12.039999961853027,0.32198346854006044
7/31/2005,1234.1800537109375,-2.90340004,56.36580952,3614.214,3.3320000171661377,11.569999694824219,0.41957632304447234
8/31/2005,1220.3299560546875,-3.028000069,61.89052042,3797.75,3.430000066757202,12.600000381469727,0.4747904135305483
9/30/2005,1228.810059,-3.037200022,61.68769841,3857.841,3.4700000286102295,11.920000076293945,0.430517106
10/31/2005,1207.010009765625,-3.349100065,58.18507937,4059.762,3.805000066757202,15.319999694824219,0.3399385280398711
11/30/2005,1249.47998,-3.407000113,55.0428254,4269.341,3.8570001125335693,12.06000042,0.16160281776370658
12/31/2005,1248.290039,-3.545499897,56.42964286,4576.775,3.984999895095825,12.069999694824219,0.2640357074405184
1/31/2006,1280.0799560546875,-3.917299891,62.45703968,4734.333,4.369999885559082,12.949999809265137,0.25756198986955264
2/28/2006,1280.6600341796875,-4.052299976,59.70492105,4982.4,4.506999969482422,12.34000015258789,0.22067274864238146
3/31/2006,1294.8699951171875,-4.02969985,60.92927536,5102.848,4.514999866485596,11.390000343322754,0.306138265
4/30/2006,1310.6099853515625,-4.143100119,67.97057505,6387.778,4.650000095367432,11.59000015258789,0.13772317671414255
5/31/2006,1270.0899658203125,-4.203700161,68.67594862,8045.857,4.715000152587891,16.440000534057617,0.3066645823574001
6/30/2006,1270.199951171875,-4.346200132,68.29015152,7197.614,4.860000133514404,13.079999923706055,0.30234488665567893
7/31/2006,1276.6600341796875,-4.436199951,72.45013367,7712.095,4.934999942779541,14.949999809265137,0.11645629893994534
8/31/2006,1303.8199462890625,-4.431800222,71.81188406,7695.659,4.90500021,12.31000042,-0.169494756
9/30/2006,1335.8499755859375,-4.296700239,62.12125397,7602.357,4.760000228881836,11.979999542236328,-0.25143855
10/31/2006,1377.939941,-4.479400063,57.91046898,7500.386,4.940000057220459,11.100000381469727,-0.12507444
11/30/2006,1400.6300048828125,-4.444199848,58.14304545,7029.182,4.889999866485596,10.90999984741211,-0.112704425
12/31/2006,1418.300048828125,-4.414000225,60.99441228,6675.105,4.885000228881836,11.56000042,-0.130392578
1/31/2007,1438.239990234375,-4.492399883,53.5169697,5669.659,4.974999904632568,10.420000076293945,-0.177995115
2/28/2007,1406.8199462890625,-4.539999866,57.5625,5676.45,4.994999885559082,15.420000076293945,0.091209068
3/31/2007,1420.8599853515625,-4.430200005,60.59984848,6452.477,4.894999980926514,14.640000343322754,0.080437018
4/30/2007,1482.3699951171875,-4.261999893,65.05764035,7766.474,4.724999904632568,14.220000267028809,0.06586329
5/31/2007,1530.6199951171875,-4.101000166,65.15725955,7681.42,4.590000152587891,13.050000190734863,0.3319250747139331
6/30/2007,1503.3499755859375,-4.166700077,68.18809524,7474.38,4.670000076293945,16.229999542236328,0.1679924612740452
7/31/2007,1455.27002,-4.332899952,73.60169553,7972.57,4.809999942779541,23.520000457763672,0.3327345458989257
8/31/2007,1473.989990234375,-3.536299992,70.12681159,7513.5,3.990000009536743,23.37999916,0.38180691317067417
9/30/2007,1526.75,-3.242100048,76.7624386,7648.975,3.700000047683716,18,0.4207278306740806
10/31/2007,1549.3800048828125,-3.372499943,81.96724638,8008.435,3.819999933242798,18.530000686645508,0.4305762374759491
11/30/2007,1481.1400146484375,-2.672799945,91.33826118,6966.705,3.069999933242798,22.87000084,0.6451475803690512
12/31/2007,1468.3599853515625,-2.73650012,89.51994152,6587.667,3.140000104904175,22.5,0.6281132244402307
1/31/2008,1378.550048828125,-1.506100011,90.68993506,7061.023,1.8700000047683716,26.200000762939453,0.6953827265185577
2/29/2008,1330.6300048828125,-1.431599975,93.38759064,7887.69,1.784999966621399,26.540000915527344,0.6629488291667083
3/31/2008,1322.699951171875,-0.931799984,101.8428333,8439.289,1.274999976158142,25.610000610351562,0.6567978350097808
4/30/2008,1385.5899658203125,-0.964100027,108.7581818,8684.932,1.340000033378601,20.790000915527344,0.7575761663140795
5/31/2008,1400.3800048828125,-1.445400023,122.6326089,8382.75,1.850000023841858,17.829999923706055,0.7113405051551056
6/30/2008,1280,-1.307100034,131.5211111,8260.595,1.7050000429153442,23.950000762939453,0.6124468483227866
7/31/2008,1267.3800048828125,-1.237099981,132.8251845,8414.043,1.6349999904632568,22.940000534057617,0.5987099533899908
8/31/2008,1282.8299560546875,-1.308700061,114.5668254,7634.7,1.690000057220459,20.649999618530273,0.6242961451004029
9/30/2008,1166.3599853515625,-0.517299986,99.65676768,6990.864,0.8999999761581421,39.38999938964844,0.4808693001575003
10/31/2008,968.75,-0.038,72.69275362,4925.696,0.4350000023841858,59.88999938964844,0.18041424462589145
11/30/2008,896.2399902,0.2757000021636486,53.97272807,3717,0.019999999552965164,55.279998779296875,0.2629707639810126
12/31/2008,903.25,0.10939999371767045,41.33892496,3071.976,0.11500000208616257,40,0.10622758457710946
1/31/2009,825.8800048828125,0.064400011,43.85521429,3220.69,0.2199999988079071,44.84000015258789,-0.039574135
2/28/2009,735.0900268554688,0.054099989,41.84367544,3314.725,0.25,46.349998474121094,-0.088624302
3/31/2009,797.8699951171875,0.068499991,46.64530303,3749.75,0.20000000298023224,44.13999938964844,-0.175005489
4/30/2009,872.8099975585938,0.18740000724792483,50.27809524,4406.55,0.125,36.5,-0.079765143
5/31/2009,919.1400146484375,0.21649999618530275,58.15388889,4568.632,0.12999999523162842,28.920000076293945,-0.032037342
6/30/2009,919.3200073242188,0.1722999930381775,69.14969697,5013.955,0.18000000715255737,26.350000381469727,-0.029169493
7/31/2009,987.4799805,0.17509999573230745,64.66667325,5215.543,0.17499999701976776,25.920000076293945,-0.024925686
8/31/2009,1020.6199951171875,0.21010000705718995,71.62968254,6165.3,0.12999999523162842,26.010000228881836,-0.023583861
9/30/2009,1057.0799560546875,0.21569999009370805,68.34611111,6196.432,0.11500000208616257,25.610000610351562,-0.020227559
10/31/2009,1036.189941,0.2941999942064285,74.08060606,6287.977,0.045000002,30.690000534057617,0.058967672
11/30/2009,1095.6300048828125,0.2700999967753887,77.55230159,6675.595,0.050000001,24.510000228881836,-0.296929386
12/31/2009,1115.0999755859375,0.3342999927699566,74.88181818,6981.714,0.050000001,21.68000030517578,-0.379912477
1/31/2010,1073.8699951171875,0.2908999964594841,77.12108772,7386.25,0.07,24.62000084,-0.062046818
2/28/2010,1104.489990234375,0.2445000007748604,74.76301559,6848.175,0.11500000208616257,19.5,0.061936914436878016
3/31/2010,1169.4300537109375,0.23329998850822448,79.29768116,7462.826,0.15000000596046448,17.59000015258789,0.30267545648369343
4/30/2010,1186.689941,0.21130000948905947,84.18285714,7745.075,0.1550000011920929,22.049999237060547,0.1507191960331075
5/31/2010,1089.4100341796875,0.18010000586509706,75.61831746,6837.684,0.15000000596046448,32.06999969482422,0.3323043741400861
6/30/2010,1030.709961,0.12509999573230746,74.725,6499.295,0.17000000178813934,34.540000915527344,0.4379050453557341
7/31/2010,1101.5999755859375,0.1507000058889389,74.57940115,6735.25,0.14000000059604645,23.5,0.43393907991117514
8/31/2010,1049.3299560546875,0.1126999944448471,75.82626984,7283.952,0.13500000536441803,26.049999237060547,0.5139666944112912
9/30/2010,1141.199951171875,0.096699995,76.11624098,7709.295,0.1550000011920929,23.700000762939453,0.5183687217701106
10/31/2010,1183.260009765625,0.15119999945163726,81.71936508,8292.405,0.10999999940395355,21.200000762939453,0.567418335
11/30/2010,1180.550048828125,0.11969999670982362,84.53406349,8469.886,0.1599999964237213,23.540000915527344,0.5975020006360034
12/31/2010,1257.6400146484375,0.21550000458955765,90.00596179,9147.262,0.11500000208616257,17.75,0.7677960486057652
1/31/2011,1286.1199951171875,0.1928000062704086,92.69059524,9555.7,0.14499999582767487,19.530000686645508,0.7540868721003633
2/28/2011,1327.219970703125,0.2063999980688095,97.91419201,9867.6,0.13500000536441803,18.350000381469727,0.7564838928465184
3/31/2011,1325.8299560546875,0.2553999960422516,108.6452174,9503.36,0.090000004,17.739999771118164,0.72707543
4/30/2011,1363.6099853515625,0.2896000012755394,116.2431667,9492.79,0.039999999,14.75,0.714240952
5/31/2011,1345.199951171875,0.2649999961256981,108.068513,8959.9,0.039999999,15.449999809265137,0.6692988656660951
6/30/2011,1320.6400146484375,0.30079999957233666,105.8454545,9066.85,0.014999999664723873,16.520000457763672,0.5130583590079716
7/31/2011,1292.280029296875,0.19050000309944154,107.9166111,9650.46,0.090000004,25.25,0.6324918748515842
8/31/2011,1218.8900146484375,0.20679999385029077,100.4864251,9000.76,0.014999999664723873,31.62000084,0.6734781570085454
9/30/2011,1131.4200439453125,0.18240000270307064,100.8193506,8300.14,0.01,42.959999084472656,0.7698370741149945
10/31/2011,1253.300048828125,0.21249999534338712,99.84775397,7394.19,0.005,29.959999084472656,0.7523615725135318
11/30/2011,1246.959961,0.19180000815540552,105.4050144,7581.02,0.014999999664723873,27.799999237060547,0.7873302720940414
12/31/2011,1257.5999755859375,0.18210000526160003,104.2304762,7565.48,0.005,23.399999618530273,0.7485615752553124
1/31/2012,1312.4100341796875,0.12490000277757646,107.0745723,8040.47,0.054999999701976776,19.440000534057617,0.7355351430652728
2/29/2012,1365.6800537109375,0.1226999968290329,112.6875238,8441.49,0.075000003,18.43000030517578,0.741299311
3/31/2012,1408.469970703125,0.15660001039505006,117.785,8470.78,0.064999998,15.5,0.753843083
4/30/2012,1397.9100341796875,0.10149999260902404,113.6655,8289.48,0.090000004,17.149999618530273,0.7677693681094679
5/31/2012,1310.3299560546875,0.098099998,104.0860343,7955.642857,0.059999999,24.059999465942383,0.7795791072310901
6/30/2012,1362.1600341796875,0.085900006,90.72825397,7423.02381,0.079999998,17.079999923706055,0.8514383763811604
7/31/2012,1379.3199462890625,0.049199997,96.75411255,7584.261364,0.10000000149011612,18.93000030517578,0.8463617346859011
8/31/2012,1406.5799560546875,0.071200003,105.273637,7515.532609,0.085000001,17.469999313354492,0.8229151141500087
9/30/2012,1440.6700439453125,0.073699993,106.2849649,8087.74,0.090000004,15.729999542236328,0.7992949046115257
10/31/2012,1412.1600341796875,0.063600002,103.4078656,8062.03,0.10499999672174454,18.600000381469727,0.673068559
11/30/2012,1416.1800537109375,0.085599992,101.1744156,7711.227273,0.075000003,15.869999885559082,0.6697518712264379
12/31/2012,1426.189941,0.1406000040471554,101.1936667,7966.486842,0.035,18.020000457763672,0.650880601
1/31/2013,1498.1099853515625,0.13350000381469726,105.1002165,8047.36,0.064999998,14.279999732971191,0.7690257144763517
2/28/2013,1514.6800537109375,0.0888,107.6374357,8060.925,0.10000000149011612,15.510000228881836,0.7385183377643402
3/31/2013,1569.189941,0.12020000219345092,102.5225,7645.583333,0.064999998,12.699999809265137,0.693094689
4/30/2013,1597.5699462890625,0.12249999344348908,98.8519697,7234.279545,0.045000002,13.520000457763672,0.6490946881207261
5/31/2013,1630.739990234375,0.1864000041037798,99.36663341,7249.413043,0.029999999329447746,16.299999237060547,0.247981361
6/30/2013,1606.280029296875,0.21779999323189259,99.74266667,7000.2375,0.029999999329447746,16.860000610351562,0.021142398
7/31/2013,1685.72998,0.2292999941855669,105.2579051,6906.641304,0.029999999329447746,13.449999809265137,0.030293245876540534
8/31/2013,1632.969970703125,0.25490000769495963,108.1576364,7192.920455,0.019999999552965164,17.010000228881836,-0.024364052
9/30/2013,1681.550048828125,0.256500001,108.7577302,7159.269048,0.005,16.600000381469727,-0.084602125
10/31/2013,1756.540039,0.221200006,105.4271344,7203.021739,0.032999999821186066,13.75,-0.176946419
11/30/2013,1805.810059,0.21909999400377272,102.6264912,7070.654762,0.054999999701976776,13.699999809265137,-0.214193734
12/31/2013,1848.3599853515625,0.23960000127553938,105.4816508,7214.9,0.063000001,13.720000267028809,-0.190544419
1/31/2014,1782.5899658203125,0.25679999850690366,102.0966667,7291.47,0.01,18.40999984741211,0.1102581381996938
2/28/2014,1859.449951171875,0.22279999777674675,104.8266667,7149.21,0.043000001,14,0.072311605
3/31/2014,1872.3399658203125,0.2443000040948391,104.04,6650.04,0.028000001,13.880000114440918,0.10185982224941381
4/30/2014,1883.949951171875,0.2448000006377697,104.8666667,6673.56,0.019999999552965164,13.40999984741211,0.13472501757766492
5/31/2014,1923.5699462890625,0.21570000238716602,105.7133333,6891.13,0.029999999329447746,11.399999618530273,0.082403011
6/30/2014,1960.22998,0.2316000036895275,108.3733333,6821.14,0.019999999552965164,11.569999694824219,0.2697321031718577
7/31/2014,1930.6700439453125,0.23760000020265581,105.2266667,7113.38,0.017999999225139618,16.950000762939453,0.1804921271240665
8/31/2014,2003.3699951171875,0.21629999428987504,100.05,7001.84,0.017999999225139618,12.09000015258789,0.2744615720567831
9/30/2014,1972.290039,0.23779998943209646,95.85,6872.22,0.013000000268220901,16.309999465942383,0.16976497265733423
10/31/2014,2018.050048828125,0.23050000378862023,86.08,6737.48,0.003,14.029999732971191,0.18170820860363868
11/30/2014,2067.560059,0.2144000006839633,76.99333333,6712.85,0.005,13.329999923706055,0.082062274
12/31/2014,2058.899902,0.18000000715255737,60.70333333,6446.45,0.037,19.200000762939453,-0.031746741
1/31/2015,1994.989990234375,0.16249999534338713,47.10666667,5830.54,0.005,20.969999313354492,0.070212985
2/28/2015,2104.5,0.19220000896602868,54.79,5729.27,0.008,13.34000015258789,0.3321498786754126
3/31/2015,2067.889892578125,0.16840000115334988,52.82666667,5939.67,0.025,15.289999961853027,0.32968050934729065
4/30/2015,2085.510009765625,0.19960000049322843,57.54333333,6042.09,0.005,14.550000190734863,0.31908249125446003
5/31/2015,2107.389892578125,0.2065000028349459,62.50666667,6294.78,0.003,13.84000015258789,0.3630125610681686
6/30/2015,2063.110107421875,0.22350000403821468,61.30666667,5833.01,0.01,18.229999542236328,0.2026990377840103
7/31/2015,2103.840087890625,0.16249999403953552,54.34,5456.75,0.057999998331069946,12.119999885559082,0.20219709310596765
8/31/2015,1972.1800537109375,0.21700000474229456,45.69,5127.3,0.003,28.43000030517578,0.2502629836922642
9/30/2015,1920.030029296875,0.2009999943897128,46.28,5217.25,0.005,24.5,0.32617921969163954
10/31/2015,2079.360107421875,0.1470999985933304,46.95666667,5216.09,0.068000004,15.069999694824219,0.40301339846733447
11/30/2015,2080.409912109375,0.051799992,43.11333333,4799.9,0.17000000178813934,16.12999916,0.4463088389715908
12/31/2015,2043.939941,0.078900003,36.57333333,4638.83,0.14800000190734863,18.209999084472656,0.4309461864972135
1/31/2016,1940.239990234375,-0.106900012,29.78,4471.79,0.30000001192092896,20.200000762939453,0.5138511524270372
2/29/2016,1932.22998,-0.133999997,31.03,4598.62,0.30799999833106995,20.549999237060547,0.3405496325336444
3/31/2016,2059.739990234375,-0.014400002,37.34,4953.8,0.19300000369548798,13.949999809265137,0.347065265
4/30/2016,2065.300048828125,-0.011100003,40.75,4872.74,0.19300000369548798,15.699999809265137,0.3436937419048854
5/31/2016,2096.949951171875,-0.099599993,45.93666667,4694.54,0.28299999237060547,14.18999958,0.34247771580021164
6/30/2016,2098.860107421875,-0.099199992,47.68666667,4641.97,0.24799999594688416,15.630000114440918,0.43239859491616767
7/31/2016,2173.600098,-0.0942,44.12666667,4864.9,0.23999999463558197,11.869999885559082,0.4571401371482355
8/31/2016,2170.949951171875,-0.163199997,44.87666667,4751.67,0.3199999928474426,13.420000076293945,0.5338067203719676
9/30/2016,2168.27002,-0.099199986,45.04333333,4722.2,0.25999999046325684,13.289999961853027,0.4890770871150701
10/31/2016,2126.149902,-0.111599988,49.29333333,4731.26,0.29499998688697815,17.059999465942383,0.2738516990132024
11/30/2016,2198.810059,-0.231199992,45.26,5450.93,0.46799999475479126,13.329999923706055,0.40363520100030564
12/31/2016,2238.830078,-0.235399979,52.62,5660.35,0.47999998927116394,14.039999961853027,0.43325273875322406
1/31/2017,2278.870117,-0.254900002,53.59,5754.56,0.5,11.989999771118164,0.20148495756953938
2/28/2017,2363.639892578125,-0.287199998,54.35333333,5940.91,0.5230000019073486,12.920000076293945,0.059303262
3/31/2017,2362.719970703125,-0.498399985,50.90333333,5824.63,0.7379999756813049,12.369999885559082,0.088994761
4/30/2017,2384.199951171875,-0.551799965,52.16333333,5683.9,0.7799999713897705,10.819999694824219,0.096030161
5/31/2017,2411.800048828125,-0.730399978,49.89333333,5599.56,0.949999988,10.40999984741211,0.097674772
6/30/2017,2423.409912109375,-0.762799966,46.16666667,5719.76,0.9929999709129333,11.180000305175781,-0.023802935
7/31/2017,2470.300048828125,-0.823799968,47.65666667,5985.12,1.0529999732971191,10.260000228881836,0.031143705
8/31/2017,2471.649902,-0.76589998,49.94333333,6485.63,0.9779999852180481,10.59000015258789,0.12110105894146621
9/30/2017,2519.360107421875,-0.7954,52.95,6577.17,1.027999997138977,9.510000228881836,0.14952579987564915
10/31/2017,2575.260009765625,-0.885400033,54.92,6807.6,1.1230000257492065,10.180000305175781,0.44318769197154234
11/30/2017,2647.580078,-0.99630003,59.93333333,6826.55,1.2380000352859497,11.279999732971191,0.1294549606068992
12/31/2017,2673.610107421875,-1.114500022,61.18666667,6833.89,1.3550000190734863,11.039999961853027,0.11926919553475437
1/31/2018,2823.810059,-1.157999945,66.22666667,7065.85,1.4299999475479126,13.539999961853027,0.5466478663847584
2/28/2018,2713.830078,-1.331200027,63.46,7006.52,1.6180000305175781,19.850000381469727,0.3048300982225817
3/31/2018,2640.870117,-1.395899963,64.16666667,6799.18,1.6699999570846558,19.969999313354492,0.4131482615029271
4/30/2018,2648.050048828125,-1.469400001,68.79333333,6851.51,1.7630000114440918,15.930000305175781,0.38587287601235165
5/31/2018,2705.27002,-1.587800002,73.43,6825.27,1.8700000047683716,15.430000305175781,0.332361191
6/30/2018,2718.370117,-1.595099998,71.97666667,6965.86,1.8799999952316284,16.09000015258789,0.3441984451370831
7/31/2018,2816.290039,-1.688600016,72.66666667,6250.75,1.9850000143051147,12.829999923706055,0.38171089468048636
8/31/2018,2901.52002,-1.769700074,71.08333333,6051.05,2.055000066757202,12.859999656677246,0.2555821381521678
9/30/2018,2913.97998,-1.844400096,75.36333333,6050.76,2.1500000953674316,12.119999885559082,0.20234755712782662
10/31/2018,2711.739990234375,-1.962100124,76.72666667,6219.59,2.2780001163482666,21.229999542236328,0.097006793
11/30/2018,2760.169922,-2.006700087,62.31666667,6195.92,2.308000087738037,18.06999969482422,0.0501185
12/31/2018,2506.850098,-2.031399941,53.96,6075.32,2.299999952316284,25.420000076293945,0.40229075529481834
1/31/2019,2704.100098,-2.076499915,56.58333333,5939.1,2.3399999141693115,16.56999969482422,0.1580220613695591
2/28/2019,2784.489990234375,-2.1118999,61.13333333,6300.49,2.382999897003174,14.779999732971191,0.27188867288017154
3/31/2019,2834.399902,-2.086600065,63.78666667,6439.46,2.328000068664551,13.710000038146973,0.17116856430531546
4/30/2019,2945.830078,-2.117100024,68.57666667,6438.36,2.368000030517578,13.119999885559082,0.23738156979557634
5/31/2019,2752.060059,-2.078799987,66.83333333,6017.9,2.2929999828338623,18.709999084472656,0.4104532320683726
6/30/2019,2941.760009765625,-1.835000086,59.76,5882.23,2.0350000858306885,15.079999923706055,0.3429052893965378
7/31/2019,2980.379883,-1.827899981,61.47666667,5941.2,2.0299999713897705,16.12000084,0.3147753750595185
8/31/2019,2926.459961,-1.782399964,57.67,5709.44,1.9329999685287476,18.979999542236328,0.33379511268285217
9/30/2019,2976.739990234375,-1.602499986,60.04,5759.25,1.7699999809265137,16.239999771118164,0.3662925099155494
10/31/2019,3037.560059,-1.328900027,57.27333333,5757.3,1.4980000257492065,13.220000267028809,0.5772843564872764
11/30/2019,3140.97998,-1.36239996,60.40333333,5859.95,1.5399999618530273,12.619999885559082,0.5907050196509809
12/31/2019,3230.780029296875,-1.313099992,63.35333333,6077.06,1.5049999952316284,13.779999732971191,0.5262054779470597
1/31/2020,3225.52002,-1.357999992,61.62666667,6031.21,1.5099999904632568,18.84000015258789,0.5966619000584169
2/29/2020,2954.219970703125,-1.117300022,53.34666667,5687.75,1.2300000190734863,40.11000061035156,0.6353933808220146
3/31/2020,2584.590087890625,0.039800002,32.20333333,5182.63,0.029999999329447746,53.540000915527344,0.7033007426880027
4/30/2020,2912.429931640625,-0.027800006,21.04333333,5057.97,0.090000004,34.150001525878906,0.6109523749482478
5/31/2020,3044.310059,-0.063200006,30.38,5239.83,0.12800000607967377,27.510000228881836,0.590324268
6/30/2020,3100.290039,-0.069700006,39.45666667,5754.6,0.13500000536441803,30.43000030517578,0.6226341307646766
7/31/2020,3271.120117,-0.029399996,42.06666667,6372.46,0.082999997,24.459999084472656,0.6127072138016434
8/31/2020,3500.310059,-0.025699997,43.44333333,6498.94,0.094999999,26.40999984741211,0.6640123723499166
9/30/2020,3363,-0.017300002,40.59666667,6704.9,0.085000001,26.37000084,0.6569949518866435
10/31/2020,3269.959961,0.003000005,39.9,6713.81,0.082999997,38.02000045776367,0.5490613274326476
11/30/2020,3621.629883,0.009399995,42.30333333,7068.91,0.075000003,20.56999969482422,0.5297805132364529
12/31/2020,3756.070068359375,0.026700001955032346,48.72666667,7772.24,0.064999998,22.75,0.5442752393947263
1/31/2021,3714.239990234375,0.061300005,53.60333333,7972.15,0.048,33.09000015258789,0.5073586070342931
2/28/2021,3811.149902,0.11100000366568566,60.46333333,8470.94,0.035,27.950000762939453,0.3123700546119494
3/31/2021,3972.889892578125,0.1616000048816204,63.83,8988.25,0.013000000268220901,19.399999618530273,-0.331846012
4/30/2021,4181.169922,0.16010000417008996,62.95,9324.82,0.003,18.610000610351562,-0.223005481
5/31/2021,4204.109863,0.150099997,66.4,10161.97,0.008,16.760000228881836,-0.159427246
6/30/2021,4297.5,0.10429999679327012,71.80333333,9631.5,0.039999999,15.829999923706055,-0.14127761
7/31/2021,4395.259766,0.083899997,73.28333333,9450.82,0.039999999,18.239999771118164,-0.059116071
8/31/2021,4522.680176,0.090400003,68.86666667,9370.14,0.039999999,16.479999542236328,-0.126224506
9/30/2021,4307.540039,0.1249000035226345,72.8,9324.71,0.028000001,23.139999389648438,-0.3214871
10/31/2021,4605.379883,0.10770000368356705,82.06333333,9829.22,0.048,16.260000228881836,-0.274242748
11/30/2021,4567,0.096299995,79.91666667,9728.9,0.048,27.190000534057617,-0.14878665
12/31/2021,4766.180176,0.11819999665021896,72.86666667,9551.18,0.032999999821186066,17.219999313354492,-0.146180394
1/31/2022,4515.549805,0.005200002,83.92,9782.34,0.17299999296665192,24.829999923706055,-0.269835913
2/28/2022,4373.939941,-0.104099989,93.54333333,9943.17,0.2879999876022339,30.149999618530273,-0.354609638
3/31/2022,4530.410156,-0.26030001,112.3966667,10230.89,0.49300000071525574,20.559999465942383,-0.258432762
4/30/2022,4131.930176,-0.51930002,103.4133333,10161.38,0.8080000281333923,33.400001525878906,-0.479686043
5/31/2022,4132.149902,-0.745599961,110.0966667,9377.15,1.0299999713897705,26.190000534057617,-0.473909826
6/30/2022,3785.379883,-1.302800035,116.8,9024.46,1.600000023841858,28.709999084472656,-0.403947027
7/31/2022,4130.290039,-2.033800101,105.0833333,7544.81,2.2980000972747803,21.329999923706055,-0.545681203
8/31/2022,3955,-2.546699905,95.97333333,7981.84,2.859999895095825,25.87000084,-0.561131001
9/30/2022,3585.620117,-2.799600077,88.22,7746.01,3.180000066757202,31.62000084,-0.642421348
10/31/2022,3871.97998,-3.567299891,90.32666667,7651.08,3.9749999046325684,25.87999916,-0.538539936
11/30/2022,4080.110107421875,-3.882699776,87.37666667,8049.86,4.252999782562256,20.579999923706055,-0.611254146
12/31/2022,3839.5,-3.872100234,78.06666667,8375.4,4.260000228881836,21.670000076293945,-0.588709895
1/31/2023,4076.600098,-4.217100167,80.41,9037.95,4.570000171661377,19.399999618530273,-0.637462128
2/28/2023,3970.149902,-4.318400049,80.25333333,8936.59,4.710000038146973,20.700000762939453,-0.655631627
3/31/2023,4109.310059,-4.235600042,76.47333333,8856.31,4.585000038146973,18.700000762939453,-0.745514348
4/30/2023,4169.47998,-4.577799869,82.46,8809.42,4.922999858856201,15.779999732971191,-0.70565139
5/31/2023,4179.830078,-4.884300137,74.12333333,8217.47,5.248000144958496,17.940000534057617,-0.705300575
6/30/2023,4450.379883,-4.771099877,73.26333333,8396.52,5.1529998779296875,13.59000015258789,-0.702335828
7/31/2023,4588.959961,-4.852100134,78.98333333,8476.68,5.248000144958496,13.630000114440918,-0.648412326
8/31/2023,4507.660156,-4.888699865,84.72433333,8349.13,5.297999858856201,13.569999694824219,-0.606938435
9/30/2023,4288.049805,-4.842700195,92.22,8276.71,5.300000190734863,17.520000457763672,-0.508560477
10/31/2023,4193.799805,-4.832500172,89.08366667,7937.18,5.320000171661377,18.139999389648438,-0.704698218
11/30/2023,4567.799805,-4.802799892,81.35433333,8189.59,5.237999916,12.920000076293945,-0.757304216
12/31/2023,4769.830078,-4.793399835,75.71933333,8399.94,5.179999828338623,12.449999809265137,-0.788472593
1/31/2024,4845.649902,-4.791300201,77.67233333,8338.88,5.188000202178955,14.350000381469727,-0.763827285
2/29/2024,5096.27002,-4.797800064,80.548,8304.95,5.2230000495910645,13.399999618530273,-0.633534478
3/31/2024,5254.350098,-4.782400084,83.54566667,8689.13,5.203000068664551,13.010000228881836,-0.657009192
4/30/2024,5035.689941,-4.776399899,88.01133333,9464.43,5.244999885559082,15.649999618530273,-0.718647364
5/31/2024,5277.509766,-4.793599892,81.445,10139.33,5.244999885559082,12.920000076293945,-0.729117214
6/30/2024,5460.47998,-4.778699827,81.205,9648.17,5.2129998207092285,12.43999958,-0.810753206
7/31/2024,5522.299805,-4.724100208,83.25866667,9385.31,5.135000228881836,16.360000610351562,-0.796386587
8/31/2024,5648.399902,-4.576899934,78.121,8971.96,4.9679999351501465,15,-0.791924667
9/30/2024,5762.47998,-4.11780014,72.42433333,9237.48,4.498000144958496,16.729999542236328,-0.72591893
10/31/2024,5705.450195,-4.003600168,73.97066667,9533.99,4.432000160217285,23.15999984741211,-0.721570303
11/30/2024,6032.379883,-3.955200148,72.29166667,9075.73,4.373000144958496,13.510000228881836,-0.618966352
12/31/2024,5881.629883,-3.750700188,72.311,8916.32,4.208000183105469,17.350000381469727,-0.665282738
1/31/2025,6040.529785,-3.731100225,78.162,8991.41,4.188000202178955,16.43000030517578,-0.666699369
2/28/2025,5954.5,-3.769899845,73.819,9330.6,4.192999839782715,19.62999916,-0.635181606
3/31/2025,5611.850098,-3.768399858,70.70133333,9739.68,4.192999839782715,22.280000686645508,-0.535689767
4/30/2025,5569.060059,-3.772300053,65.905,9176.8,4.190000057220459,24.700000762939453,-0.398171293
5/31/2025,5911.689941,-3.790399885,62.74866667,9532.98,4.231999874,18.56999969482422,-0.165181482
6/30/2025,6204.950195,-3.767000055,69.14666667,9835.07,4.190000057220459,16.729999542236328,-0.188964176
7/31/2025,6339.390137,-3.79900012,69.19033333,9770.58,4.235000133514404,16.719999313354492,-0.182436435
8/31/2025,6460.259766,-3.620300198,66.71766667,9669.56,4.043000221252441,15.359999656677246,-0.172774434
9/30/2025,6688.459961,-3.430200052,66.457,9983.79,3.8450000286102295,16.280000686645508,-0.185252282
10/31/2025,6664.009766,-3.405499816,58,10947,3.804999828338623,18.809999465942383,-0.052076587
