,quintile_1,quintile_2,quintile_3,quintile_4,quintile_5
1978-12-31,0.04186666666666666,0.04186666666666666,0.006133333333333334,0.010533333333333334,0.05893333333333332
1979-01-31,0.0019999999999999996,0.010566666666666663,0.0036666666666666666,0.006866666666666666,0.0019999999999999996
1979-02-28,-0.010566666666666669,0.0009333333333333334,0.0009333333333333334,0.019833333333333335,0.020300000000000002
1979-03-31,0.0030333333333333336,0.005933333333333333,0.009733333333333333,0.0095,-0.0009333333333333332
1979-04-30,-1.666666666666642e-05,0.00155,0.0021499999999999987,0.0018166666666666672,-0.0052166666666666655
1979-05-31,0.013316666666666664,-0.004750000000000001,0.005483333333333332,0.013316666666666664,0.0007499999999999993
1979-06-30,0.0063,0.0035333333333333328,0.009866666666666668,-0.002166666666666667,-0.0011333333333333338
1979-07-31,0.005233333333333332,-0.0092,-0.014199999999999999,0.009266666666666666,0.014533333333333334
1979-08-31,0.004816666666666668,0.010383333333333333,0.007616666666666667,0.00905,-0.009983333333333332
1979-09-30,-0.02033333333333333,0.009866666666666668,0.0183,0.009866666666666668,-0.023933333333333334
1979-10-31,-0.008833333333333332,0.017933333333333332,0.0004999999999999982,0.0003999999999999976,-0.008933333333333333
1979-11-30,0.013833333333333331,-0.007833333333333333,0.022066666666666665,0.0116,0.0116
1979-12-31,-0.023749999999999993,-0.023749999999999993,-0.05435,0.01891666666666667,-0.04858333333333333
1980-01-31,0.0009666666666666643,0.006099999999999999,0.012666666666666666,0.016766666666666666,-0.013633333333333332
1980-02-29,-0.04618333333333333,-0.049383333333333335,-0.010750000000000001,-0.01248333333333333,-0.017450000000000004
1980-03-31,-0.010433333333333331,0.0016333333333333339,0.013466666666666667,0.0002666666666666678,0.007799999999999999
1980-04-30,0.007733333333333334,0.009,0.011266666666666666,-0.004600000000000001,0.010433333333333331
1980-05-31,0.0023999999999999994,0.007666666666666666,0.010333333333333333,-0.0002333333333333331,0.0017333333333333322
1980-06-30,-0.00375,0.02535,-0.00375,0.00905,0.008816666666666665
1980-07-31,0.013166666666666669,0.00876666666666667,0.021366666666666662,0.023799999999999998,-0.0038666666666666654
1980-08-31,0.004466666666666665,0.023033333333333333,0.01983333333333333,0.01983333333333333,-0.013633333333333332
1980-09-30,0.027516666666666672,0.012983333333333333,0.027516666666666672,0.027516666666666672,0.003616666666666666
1980-10-31,0.06561666666666666,0.015216666666666663,0.06561666666666666,0.03858333333333333,-0.04451666666666667
1980-11-30,-0.027983333333333332,0.00045000000000000134,-0.027983333333333332,-0.014416666666666666,0.007949999999999999
1980-12-31,-0.028683333333333328,-0.025716666666666665,-0.03994999999999999,-0.03994999999999999,0.02281666666666667
1981-01-31,-6.666666666666713e-05,-0.0047666666666666664,-0.006933333333333333,0.0031666666666666666,0.0011333333333333328
1981-02-28,-0.0036833333333333336,0.01405,0.00835,0.00835,-0.0036833333333333336
1981-03-31,0.00505,0.010183333333333334,-0.0025499999999999997,0.0025833333333333337,0.013783333333333335
1981-04-30,0.014549999999999999,0.00675,-0.0062499999999999995,0.014549999999999999,0.005183333333333334
1981-05-31,0.0002999999999999993,-0.0301,-0.004000000000000001,0.022699999999999998,-0.016833333333333336
1981-06-30,-0.0026499999999999996,-0.0026499999999999996,-0.0018833333333333334,-0.013550000000000001,-0.011983333333333332
1981-07-31,-0.002233333333333334,-0.027233333333333335,-0.005900000000000002,-0.006933333333333334,0.017499999999999998
1981-08-31,0.0003166666666666671,-0.025149999999999995,0.0003166666666666671,-0.006783333333333333,0.024050000000000005
1981-09-30,0.005016666666666668,0.02575,0.02575,-0.0006500000000000013,-0.011050000000000003
1981-10-31,-0.001933333333333333,0.007300000000000001,-0.009933333333333334,-0.013266666666666668,0.008
1981-11-30,-0.004366666666666667,0.0159,0.0011666666666666674,0.009333333333333334,-0.0004666666666666667
1981-12-31,-0.02500000000000001,0.054400000000000004,-0.02500000000000001,0.033499999999999995,0.08443333333333332
1982-01-31,0.010866666666666665,0.022699999999999998,-0.024666666666666667,0.022699999999999998,0.010866666666666665
1982-02-28,0.014183333333333333,-0.010516666666666667,0.02025,0.009916666666666666,-0.012283333333333334
1982-03-31,0.003933333333333334,0.003933333333333334,-0.006866666666666668,0.003933333333333334,0.009200000000000002
1982-04-30,0.015783333333333333,-0.002850000000000002,-0.0005166666666666676,-0.0005166666666666676,-0.011216666666666666
1982-05-31,0.008833333333333334,0.0007000000000000004,0.008833333333333334,-0.004500000000000001,-0.007466666666666667
1982-06-30,0.018533333333333332,0.0152,0.007866666666666666,0.0028333333333333335,-0.006800000000000001
1982-07-31,-0.033,0.004166666666666667,0.004166666666666667,0.0005333333333333324,0.011966666666666667
1982-08-31,0.0101,0.0129,0.009333333333333334,0.016533333333333334,0.0034999999999999983
1982-09-30,0.016816666666666667,-0.02231666666666667,0.028883333333333334,0.027883333333333333,0.015149999999999999
1982-10-31,0.020766666666666666,0.004433333333333331,0.020766666666666666,0.020766666666666666,0.020766666666666666
1982-11-30,0.0022333333333333333,0.0022333333333333333,0.0022333333333333333,0.0022333333333333333,0.0022333333333333333
1982-12-31,0.006150000000000003,0.0028166666666666657,0.004283333333333335,0.008550000000000002,-0.002616666666666667
1983-01-31,0.014083333333333335,0.006349999999999999,0.011883333333333334,0.01525,0.008816666666666667
1983-02-28,0.01685,-0.009349999999999999,1.6666666666668013e-05,0.016216666666666667,0.004549999999999999
1983-03-31,0.01763333333333333,-0.009733333333333335,0.011166666666666665,0.017866666666666666,-0.009966666666666667
1983-04-30,0.007000000000000003,0.010466666666666666,0.0104,0.0009666666666666678,0.0053
1983-05-31,-0.0019333333333333344,0.022133333333333335,0.022133333333333335,0.006566666666666665,-0.008033333333333335
1983-06-30,0.004,-0.0011666666666666665,-0.0243,0.0173,0.014266666666666669
1983-07-31,0.012466666666666668,-0.028533333333333338,-0.0037333333333333337,-0.0037333333333333337,0.012466666666666668
1983-08-31,0.002466666666666667,0.0032,0.0015333333333333334,0.0032,0.002466666666666667
1983-09-30,0.0101,-0.007500000000000001,-0.03403333333333333,-0.024033333333333334,0.0101
1983-10-31,0.005200000000000001,-0.0015333333333333336,0.0055000000000000005,0.005200000000000001,0.007933333333333334
1983-11-30,0.005416666666666668,0.011316666666666668,-0.000416666666666667,-0.000416666666666667,-0.0024499999999999995
1983-12-31,0.01765,-0.026216666666666666,-0.01661666666666667,0.011250000000000001,0.019816666666666666
1984-01-31,0.00011666666666666683,0.00011666666666666683,-0.016283333333333334,0.00011666666666666683,-0.004849999999999999
1984-02-29,0.004733333333333333,-0.0019333333333333331,0.0036666666666666666,0.0019,0.0032666666666666664
1984-03-31,-0.001083333333333333,0.0073500000000000015,0.009916666666666667,0.009916666666666667,-0.008216666666666667
1984-04-30,-0.0035666666666666676,-0.0035666666666666676,-0.0035666666666666676,0.016366666666666668,-0.016733333333333336
1984-05-31,-0.0057,0.0003333333333333335,0.0003333333333333335,0.009500000000000001,-0.008166666666666668
1984-06-30,0.008383333333333333,-0.0006833333333333327,-0.0006833333333333327,0.008383333333333333,-0.021650000000000003
1984-07-31,0.001650000000000001,-0.029549999999999996,0.004083333333333335,0.007450000000000001,0.004083333333333335
1984-08-31,0.01971666666666667,0.011750000000000002,0.007516666666666668,0.01971666666666667,0.015150000000000002
1984-09-30,0.002983333333333332,0.006449999999999998,-0.011749999999999998,0.002983333333333332,-0.0008166666666666669
1984-10-31,0.008916666666666668,0.008916666666666668,-0.010483333333333332,0.008916666666666668,0.0062499999999999995
1984-11-30,0.0039000000000000003,0.008700000000000001,0.0039000000000000003,-0.010700000000000001,0.0002999999999999999
1984-12-31,-0.008416666666666668,-0.008383333333333335,-0.03498333333333333,-0.03498333333333333,0.012216666666666669
1985-01-31,0.010583333333333333,0.006716666666666667,0.010583333333333333,0.006516666666666666,-0.0008166666666666666
1985-02-28,0.012766666666666667,0.006833333333333333,-0.010133333333333334,-0.010133333333333334,0.0027333333333333337
1985-03-31,0.012966666666666668,-0.002266666666666667,-0.0013999999999999991,0.0009666666666666672,0.007566666666666667
1985-04-30,0.009366666666666667,0.009366666666666667,0.017400000000000002,0.012633333333333335,0.005133333333333334
1985-05-31,0.009833333333333333,0.009133333333333332,0.0056,0.011966666666666667,0.0042
1985-06-30,-0.006516666666666667,-0.006516666666666667,0.008183333333333334,0.0001166666666666677,-0.0053166666666666675
1985-07-31,0.007616666666666665,0.010983333333333331,-0.0001833333333333328,-0.0001833333333333328,0.002249999999999999
1985-08-31,-0.0013999999999999996,-0.0013999999999999996,-0.0107,-0.0054333333333333326,0.004566666666666667
1985-09-30,0.013316666666666666,0.013316666666666666,0.014283333333333334,0.013316666666666666,-0.00585
1985-10-31,-0.020000000000000004,0.0015333333333333338,0.011233333333333331,0.019066666666666666,-0.019233333333333335
1985-11-30,0.0016166666666666662,0.0016166666666666662,0.006483333333333334,0.0016166666666666662,-0.0008166666666666666
1985-12-31,0.0395,0.04933333333333334,0.04933333333333334,0.04933333333333334,0.0395
1986-01-31,0.0138,0.0138,-0.01,0.02,0.0013999999999999991
1986-02-28,0.013466666666666668,0.013466666666666668,0.013466666666666668,0.012066666666666668,0.010133333333333334
1986-03-31,0.0031166666666666665,0.0019499999999999997,0.0019499999999999997,0.011649999999999999,-0.007716666666666666
1986-04-30,0.014049999999999998,0.00715,0.014049999999999998,-0.0013833333333333336,0.007649999999999998
1986-05-31,0.01501666666666667,0.011483333333333337,0.01501666666666667,0.008250000000000002,-0.007616666666666667
1986-06-30,-0.005249999999999998,-0.005249999999999998,-0.005249999999999998,-0.007949999999999999,-0.020783333333333334
1986-07-31,0.0028500000000000005,0.0028500000000000005,-0.017383333333333334,-0.020016666666666665,0.008550000000000002
1986-08-31,-0.016,-0.009,-0.009,-0.009,-0.01976666666666667
1986-09-30,0.010549999999999999,-0.004916666666666666,0.010549999999999999,0.010549999999999999,-0.0043833333333333354
1986-10-31,0.00735,0.0011499999999999995,0.0012166666666666658,0.0012166666666666658,-0.001216666666666667
1986-11-30,-0.002799999999999999,-0.002166666666666666,-0.002166666666666666,-0.002166666666666666,-0.005066666666666666
1986-12-31,0.011316666666666664,-0.0015166666666666662,-0.0015166666666666662,0.011316666666666664,-0.0015166666666666662
1987-01-31,-0.00615,-0.00615,0.013383333333333339,0.021883333333333338,-0.003516666666666666
1987-02-28,0.017900000000000003,0.0114,-0.0015333333333333334,0.017900000000000003,0.013566666666666666
1987-03-31,-0.005316666666666667,-0.005316666666666667,-0.009183333333333333,-0.005316666666666667,-0.003583333333333332
1987-04-30,0.001,0.001,0.001,-0.001,0.003566666666666667
1987-05-31,0.0086,0.008900000000000002,0.008900000000000002,0.008900000000000002,0.004433333333333334
1987-06-30,0.008883333333333333,0.002783333333333334,0.012016666666666667,0.012016666666666667,0.005616666666666666
1987-07-31,0.0019000000000000004,0.005266666666666666,-0.009833333333333335,-0.005133333333333333,0.005066666666666667
1987-08-31,-0.0002166666666666671,-0.001083333333333333,-0.0002166666666666671,-0.0002166666666666671,-0.0028833333333333337
1987-09-30,-0.07163333333333334,-0.023866666666666665,-0.050233333333333345,-0.050233333333333345,-0.03203333333333334
1987-10-31,-0.017766666666666667,-0.0073,-0.000866666666666667,-0.0073,-0.017766666666666667
1987-11-30,0.006899999999999999,0.0044666666666666665,0.014899999999999998,0.014899999999999998,0.014899999999999998
1987-12-31,-0.025650000000000003,0.023516666666666658,0.07654999999999999,0.023516666666666658,0.013116666666666667
1988-01-31,0.011099999999999999,0.011099999999999999,0.011099999999999999,3.3333333333334575e-05,0.016200000000000003
1988-02-29,0.01145,0.005516666666666667,0.01145,-0.013816666666666665,0.012216666666666666
1988-03-31,0.01195,0.01195,0.01195,0.006916666666666667,0.004916666666666667
1988-04-30,-0.00026666666666666706,-0.00026666666666666706,-0.00026666666666666706,-0.00026666666666666706,0.0022999999999999995
1988-05-31,0.0008000000000000016,0.0008000000000000016,0.0008000000000000016,0.0008000000000000016,-0.004266666666666666
1988-06-30,0.004083333333333334,0.00825,-0.003183333333333333,0.004683333333333334,0.004083333333333334
1988-07-31,-4.999999999999897e-05,-4.999999999999897e-05,-0.001249999999999999,-4.999999999999897e-05,-4.999999999999897e-05
1988-08-31,0.0044666666666666665,-0.006566666666666666,0.0063,0.0044666666666666665,-0.012433333333333333
1988-09-30,0.006499999999999999,0.006499999999999999,0.006499999999999999,0.006499999999999999,-0.002
1988-10-31,-0.0015333333333333351,0.003733333333333333,-0.0015333333333333351,-0.0015333333333333351,-0.0003333333333333353
1988-11-30,-0.002783333333333334,-0.00125,0.003683333333333333,0.009783333333333335,0.00035000000000000027
1988-12-31,0.013033333333333333,0.003466666666666665,0.005499999999999998,0.005499999999999998,0.009566666666666666
1989-01-31,0.005816666666666667,-0.0037499999999999986,0.005816666666666667,0.0025166666666666666,0.005316666666666667
1989-02-28,0.011450000000000002,0.006216666666666666,0.00545,0.011450000000000002,-0.00021666666666666592
1989-03-31,0.0068000000000000005,0.011733333333333333,-0.0076999999999999985,0.0068000000000000005,-0.001333333333333334
1989-04-30,0.006549999999999998,-0.0011833333333333322,0.006549999999999998,0.006549999999999998,0.000316666666666665
1989-05-31,0.00315,0.00315,0.00315,0.00315,0.001383333333333333
1989-06-30,0.0118,-0.012133333333333335,0.021133333333333334,0.0118,-0.012766666666666667
1989-07-31,0.0013833333333333336,0.0009166666666666663,0.002983333333333333,-0.00545,0.003416666666666667
1989-08-31,0.004966666666666667,0.010766666666666666,0.006533333333333333,0.006533333333333333,-0.0098
1989-09-30,-0.0003166666666666656,0.004716666666666666,-0.01131666666666667,-0.01131666666666667,-0.016083333333333335
1989-10-31,0.003316666666666667,0.003316666666666667,0.003316666666666667,0.003316666666666667,0.003316666666666667
1989-11-30,0.005133333333333334,0.004633333333333334,0.005133333333333334,0.005133333333333334,0.005133333333333334
1989-12-31,-0.053833333333333316,-0.010199999999999996,-0.053833333333333316,-0.020133333333333326,-0.0076999999999999985
1990-01-31,0.0030500000000000006,-0.0009166666666666664,0.0049499999999999995,0.002916666666666667,0.002916666666666667
1990-02-28,-0.0011499999999999993,0.015150000000000002,0.008616666666666667,0.005483333333333334,0.005483333333333334
1990-03-31,-0.005366666666666668,0.0032,0.005833333333333333,-0.005366666666666668,-0.005366666666666668
1990-04-30,0.008883333333333332,0.008883333333333332,0.008883333333333332,-0.019249999999999993,-0.0015833333333333365
1990-05-31,0.00555,-0.005483333333333333,-0.0011166666666666658,0.002516666666666667,-0.009416666666666665
1990-06-30,0.006933333333333333,0.006733333333333332,0.006933333333333333,0.013066666666666666,-0.013400000000000002
1990-07-31,-0.028300000000000002,0.020633333333333333,-0.028300000000000002,0.020633333333333333,-0.01313333333333333
1990-08-31,-0.0018666666666666669,0.018600000000000002,0.00019999999999999996,0.00019999999999999996,0.013933333333333332
1990-09-30,0.004350000000000001,0.005183333333333335,0.004616666666666666,0.004616666666666666,0.00538333333333333
1990-10-31,-0.03138333333333334,0.01545,-0.010150000000000001,-0.010150000000000001,0.007649999999999998
1990-11-30,0.009300000000000001,0.0020666666666666667,0.009300000000000001,0.004066666666666667,0.003233333333333334
1990-12-31,0.08386666666666666,0.08386666666666666,-0.06246666666666667,0.03506666666666667,0.056633333333333334
1991-01-31,0.008783333333333329,-0.0025500000000000015,0.008783333333333329,0.008783333333333329,0.011850000000000001
1991-02-28,0.010633333333333333,0.010633333333333333,0.014966666666666668,0.010633333333333333,0.0016000000000000007
1991-03-31,0.0011833333333333338,0.0011833333333333338,-0.003783333333333333,0.0011833333333333338,0.008716666666666666
1991-04-30,0.004833333333333332,0.006566666666666668,0.004833333333333332,0.006566666666666668,-0.007533333333333334
1991-05-31,-0.0011833333333333342,-0.004783333333333333,-0.004783333333333333,-0.004783333333333333,0.015283333333333335
1991-06-30,0.0106,-0.0035333333333333328,0.014933333333333333,0.0106,-0.014399999999999998
1991-07-31,0.008433333333333333,0.012133333333333335,0.008433333333333333,-0.002133333333333333,0.008433333333333333
1991-08-31,-0.002166666666666667,0.0019333333333333338,-0.008,-0.002166666666666667,-0.002166666666666667
1991-09-30,0.004900000000000001,0.004900000000000001,-0.008533333333333334,0.007333333333333333,0.0006000000000000004
1991-10-31,-0.007816666666666668,-0.001516666666666667,-0.007816666666666668,-0.007816666666666668,-0.007816666666666668
1991-11-30,0.021733333333333327,-0.005900000000000002,0.021733333333333327,-0.014466666666666668,0.0463
1991-12-31,0.08573333333333334,0.08573333333333334,0.0045999999999999965,0.0045999999999999965,0.09406666666666669
1992-01-31,0.01753333333333333,0.010033333333333335,0.01753333333333333,0.01753333333333333,0.019866666666666668
1992-02-29,0.002483333333333333,-0.003583333333333334,-0.00915,0.011349999999999999,0.002483333333333333
1992-03-31,0.002,0.002,-0.012533333333333334,0.002,0.029666666666666664
1992-04-30,0.0020833333333333333,0.0020833333333333333,-0.001616666666666667,0.0010833333333333335,0.0020833333333333333
1992-05-31,-0.002549999999999999,-0.002549999999999999,-0.013350000000000002,-0.002549999999999999,0.00855
1992-06-30,0.007266666666666667,0.008966666666666666,0.007266666666666667,0.007266666666666667,0.002366666666666667
1992-07-31,-0.003849999999999999,-0.002549999999999999,-0.00021666666666666592,-0.00021666666666666592,-0.002283333333333332
1992-08-31,0.004833333333333333,0.002433333333333333,0.0070333333333333315,0.0070333333333333315,0.001599999999999999
1992-09-30,0.006516666666666666,0.006516666666666666,0.016149999999999998,0.006516666666666666,-0.0018166666666666672
1992-10-31,0.006883333333333331,0.006883333333333331,0.011949999999999997,-0.006916666666666667,0.007716666666666664
1992-11-30,0.017433333333333332,0.011933333333333332,0.005866666666666667,0.017433333333333332,-0.0025
1992-12-31,0.06901666666666667,0.06901666666666667,0.012183333333333329,0.06901666666666667,-0.008950000000000003
1993-01-31,0.01681666666666667,0.01681666666666667,-0.01861666666666667,0.01681666666666667,0.027650000000000004
1993-02-28,0.013283333333333333,0.013283333333333333,0.009083333333333334,0.013283333333333333,0.013283333333333333
1993-03-31,-0.005433333333333334,-0.005433333333333334,-0.013933333333333332,-0.005433333333333334,-0.005433333333333334
1993-04-30,0.0006833333333333339,0.0006833333333333339,0.0006833333333333339,0.0006833333333333339,0.012216666666666667
1993-05-31,0.013133333333333335,0.013133333333333335,0.013133333333333335,0.013133333333333335,0.013133333333333335
1993-06-30,0.011533333333333333,0.011533333333333333,0.011533333333333333,0.0019666666666666665,0.011533333333333333
1993-07-31,0.008400000000000003,0.008133333333333334,0.008400000000000003,0.007800000000000001,0.008400000000000003
1993-08-31,0.010183333333333334,0.010183333333333334,0.010183333333333334,0.01161666666666667,0.010183333333333334
1993-09-30,-0.0016833333333333325,0.007216666666666667,-0.0016833333333333325,0.005716666666666666,-0.0016833333333333325
1993-10-31,-0.0126,0.0032999999999999974,-0.0126,-0.006566666666666666,-0.0126
1993-11-30,0.010616666666666668,0.010616666666666668,0.010616666666666668,0.009783333333333333,0.010616666666666668
1993-12-31,0.004416666666666668,0.004416666666666668,0.012083333333333333,0.0069500000000000004,0.004416666666666668
1994-01-31,-0.0010833333333333328,-0.0010833333333333328,-0.009816666666666666,0.007116666666666667,-0.0010833333333333328
1994-02-28,-0.005716666666666668,-0.005716666666666668,-0.005716666666666668,-0.005716666666666668,-0.005716666666666668
1994-03-31,0.006433333333333333,0.009766666666666667,0.006433333333333333,0.006433333333333333,0.0009000000000000002
1994-04-30,-0.003533333333333333,0.004766666666666668,-0.003533333333333333,-0.005466666666666666,-0.003533333333333333
1994-05-31,-0.00023333333333333336,0.0015000000000000002,-0.00023333333333333336,0.0099,-0.00023333333333333336
1994-06-30,0.0018499999999999999,0.0018499999999999999,0.008083333333333333,0.0018499999999999999,-0.00018333333333333355
1994-07-31,0.006516666666666666,0.0017166666666666658,0.006516666666666666,-0.006883333333333332,0.001383333333333333
1994-08-31,0.0026000000000000003,0.0011666666666666663,0.005100000000000001,0.010199999999999999,-0.0017999999999999997
1994-09-30,-0.00295,0.00445,-0.00295,-0.00295,-0.0035499999999999998
1994-10-31,-0.005633333333333334,-0.008066666666666668,-0.008066666666666668,-0.008066666666666668,-0.007233333333333334
1994-11-30,0.008216666666666667,0.008383333333333335,0.008216666666666667,0.008216666666666667,0.008516666666666667
1994-12-31,-0.0016999999999999995,0.008533333333333332,-0.0016999999999999995,-0.0016999999999999995,-0.010333333333333332
1995-01-31,0.00645,0.00645,0.00645,0.00645,0.00315
1995-02-28,0.00013333333333333353,0.006466666666666667,0.00013333333333333353,-0.007166666666666666,0.00013333333333333353
1995-03-31,0.01095,0.01095,0.004949999999999999,0.01095,0.005383333333333333
1995-04-30,0.0048,0.0048,0.0048,0.0048,-0.0028000000000000004
1995-05-31,0.006033333333333332,0.006033333333333332,0.006033333333333332,-0.013200000000000002,0.006033333333333332
1995-06-30,0.00915,0.00915,0.00915,-0.005016666666666667,0.00915
1995-07-31,0.008833333333333334,0.008833333333333334,0.008833333333333334,-0.005066666666666666,0.008833333333333334
1995-08-31,0.009399999999999999,0.009399999999999999,0.009399999999999999,-0.0014333333333333327,0.009399999999999999
1995-09-30,-0.0001166666666666677,-0.0001166666666666677,-0.0001166666666666677,0.00655,-0.0001166666666666677
1995-10-31,0.0052166666666666655,0.0052166666666666655,0.0052166666666666655,0.0052166666666666655,0.0052166666666666655
1995-11-30,0.009983333333333332,0.007816666666666666,0.009183333333333333,0.009183333333333333,0.009983333333333332
1995-12-31,0.00535,0.00535,0.00535,0.0038166666666666666,0.00535
1996-01-31,0.001483333333333333,-0.004416666666666667,0.001483333333333333,0.0049833333333333335,0.001483333333333333
1996-02-29,0.0022666666666666655,0.0022666666666666655,0.0022666666666666655,0.004033333333333333,-0.002533333333333334
1996-03-31,-0.01631666666666667,-0.000649999999999999,0.012583333333333335,0.019350000000000003,1.66666666666683e-05
1996-04-30,0.010016666666666669,0.002150000000000001,0.014116666666666668,0.014116666666666668,0.010016666666666669
1996-05-31,0.0054166666666666695,0.0054166666666666695,0.0054166666666666695,-0.0023499999999999997,0.0054166666666666695
1996-06-30,0.0014666666666666667,0.014066666666666667,0.0014666666666666667,-0.01583333333333333,0.0014666666666666667
1996-07-31,-0.006466666666666667,0.002766666666666667,0.002766666666666667,0.005499999999999999,0.002766666666666667
1996-08-31,0.0045,0.0045,0.020733333333333333,0.0045,0.0045
1996-09-30,0.016716666666666668,0.016716666666666668,0.006816666666666665,0.016716666666666668,0.016716666666666668
1996-10-31,8.333333333333398e-05,0.004750000000000001,0.0023833333333333332,0.004750000000000001,0.004750000000000001
1996-11-30,0.008366666666666666,-0.0022666666666666664,0.0040999999999999995,0.008366666666666666,0.006599999999999999
1996-12-31,0.09011666666666668,0.09011666666666668,0.050916666666666666,0.0033833333333333367,0.08388333333333332
1997-01-31,0.007666666666666666,0.007666666666666666,0.007666666666666666,0.007666666666666666,0.014933333333333333
1997-02-28,0.0026333333333333347,0.001266666666666668,0.001266666666666668,-0.010033333333333333,-0.0016666666666666655
1997-03-31,0.009183333333333333,0.009183333333333333,-0.004283333333333333,0.012583333333333334,-0.006916666666666668
1997-04-30,-0.018416666666666668,-0.018416666666666668,-0.0028166666666666687,-0.0028166666666666687,-0.0028166666666666687
1997-05-31,0.013283333333333333,0.01718333333333333,0.01718333333333333,0.010883333333333333,0.008549999999999999
1997-06-30,0.01916666666666667,0.010033333333333333,0.010033333333333333,0.010033333333333333,-0.0023000000000000004
1997-07-31,-0.0237,0.0012999999999999997,0.0012999999999999997,-0.002466666666666666,0.009866666666666664
1997-08-31,0.0034166666666666655,0.011683333333333332,0.011683333333333332,0.01088333333333333,0.006816666666666665
1997-09-30,0.0021833333333333327,0.0003166666666666658,0.0003166666666666658,0.0003166666666666658,0.0020833333333333324
1997-10-31,0.02401666666666667,0.0015500000000000008,0.007316666666666667,0.007316666666666667,0.007316666666666667
1997-11-30,0.02281666666666667,0.015850000000000003,0.015850000000000003,0.015850000000000003,0.015850000000000003
1997-12-31,0.05913333333333334,-0.03336666666666667,-0.03336666666666667,0.002533333333333327,-0.03336666666666667
1998-01-31,0.0032,0.003366666666666667,0.0032,0.003366666666666667,0.003366666666666667
1998-02-28,0.013699999999999999,0.011266666666666666,0.011266666666666666,0.007433333333333333,0.011266666666666666
1998-03-31,0.0008000000000000004,0.0008333333333333335,0.0008000000000000004,-0.0026,0.0008333333333333335
1998-04-30,0.014616666666666667,0.004616666666666667,0.004616666666666667,-0.01498333333333333,0.004616666666666667
1998-05-31,0.0146,0.0025666666666666663,0.0025666666666666663,0.0025666666666666663,0.0025666666666666663
1998-06-30,0.0119,-0.005433333333333334,-0.005433333333333334,0.0006666666666666661,-0.005433333333333334
1998-07-31,0.005866666666666666,-0.010699999999999996,-0.010699999999999996,-0.010699999999999996,-0.010699999999999996
1998-08-31,-0.005899999999999999,-0.002933333333333333,-0.002933333333333333,0.015266666666666666,-0.005899999999999999
1998-09-30,-0.004966666666666666,0.006233333333333331,-0.028233333333333333,0.0022000000000000006,-0.004966666666666666
1998-10-31,0.004799999999999999,0.004799999999999999,0.015600000000000003,0.015600000000000003,0.004799999999999999
1998-11-30,0.013866666666666666,-0.020699999999999996,0.008866666666666667,0.013866666666666666,0.008866666666666667
1998-12-31,-0.08155,-0.05498333333333333,0.06298333333333334,-0.08155,-0.05498333333333333
1999-01-31,-0.007616666666666667,0.009550000000000001,-0.007616666666666667,0.0030500000000000006,-0.007616666666666667
1999-02-28,-0.0018166666666666667,-0.016383333333333337,-0.0018166666666666667,-0.004116666666666668,-0.016383333333333337
1999-03-31,0.0010833333333333344,-0.016783333333333334,-0.013983333333333334,-0.006916666666666669,0.0010833333333333344
1999-04-30,0.004433333333333334,-0.008066666666666665,-0.0038666666666666663,-0.014466666666666668,0.004433333333333334
1999-05-31,0.010950000000000001,0.010783333333333332,0.023583333333333335,0.021683333333333332,0.010950000000000001
1999-06-30,0.006883333333333334,-0.0034166666666666672,-0.0015833333333333335,0.007483333333333332,0.006883333333333334
1999-07-31,-0.0025166666666666658,-0.0025166666666666658,0.0038500000000000006,0.003916666666666666,-0.0025166666666666658
1999-08-31,0.0020666666666666667,0.0020666666666666667,-0.006199999999999997,0.011733333333333332,0.011733333333333332
1999-09-30,-0.001816666666666669,-0.001816666666666669,0.021949999999999997,0.004016666666666666,0.007783333333333332
1999-10-31,0.004866666666666668,0.004866666666666668,-0.014100000000000001,0.03763333333333333,0.004866666666666668
1999-11-30,0.0072833333333333335,0.0072833333333333335,0.0072833333333333335,-0.03525,0.05948333333333333
1999-12-31,-0.005250000000000005,0.14568333333333333,0.13171666666666668,-0.08365,0.13948333333333335
2000-01-31,0.015133333333333334,0.015133333333333334,0.015133333333333334,-0.0464,0.0477
2000-02-29,0.002950000000000008,0.002950000000000008,0.002950000000000008,0.02641666666666666,0.002950000000000008
2000-03-31,0.0007500000000000007,0.016583333333333335,0.016583333333333335,0.000416666666666667,0.0007500000000000007
2000-04-30,-0.011883333333333334,-0.011883333333333334,0.0009833333333333337,-0.027183333333333327,-0.025383333333333338
2000-05-31,0.019566666666666666,0.019566666666666666,-0.013600000000000001,0.02376666666666666,0.04726666666666667
2000-06-30,0.021966666666666673,0.021966666666666673,0.021966666666666673,0.02563333333333333,0.021966666666666673
2000-07-31,0.014083333333333331,0.017249999999999998,0.021816666666666665,0.024283333333333334,0.014083333333333331
2000-08-31,0.02033333333333333,0.02033333333333333,-0.004700000000000002,0.02033333333333333,0.02033333333333333
2000-09-30,0.014849999999999997,0.014849999999999997,0.004849999999999999,-0.016949999999999996,0.014849999999999997
2000-10-31,0.03403333333333334,0.0352,0.0352,0.03403333333333334,0.03403333333333334
2000-11-30,0.042199999999999994,0.03133333333333333,0.0009666666666666666,0.024933333333333335,0.042199999999999994
2000-12-31,-0.05388333333333333,-0.05388333333333333,-0.07131666666666667,-0.03705,-0.05388333333333333
2001-01-31,0.059666666666666666,0.059666666666666666,0.059666666666666666,-0.020700000000000007,0.0501
2001-02-28,0.028766666666666673,0.028766666666666673,0.028766666666666673,0.028766666666666673,0.021
2001-03-31,-0.019933333333333334,-0.019933333333333334,-0.019933333333333334,-0.017,-0.017
2001-04-30,0.02,0.02,0.008733333333333334,0.008733333333333334,0.008166666666666668
2001-05-31,0.006683333333333334,0.006683333333333334,-0.011416666666666665,0.010883333333333335,-0.015616666666666666
2001-06-30,0.02605,0.0017499999999999992,0.009550000000000001,0.035583333333333335,0.035583333333333335
2001-07-31,0.024666666666666667,0.011966666666666667,0.015133333333333332,-0.0020000000000000018,0.024666666666666667
2001-08-31,0.010500000000000004,-0.006266666666666666,0.010500000000000004,-0.008300000000000002,0.029633333333333334
2001-09-30,-0.04305,-0.025249999999999998,-0.025249999999999998,0.0024833333333333326,-0.04305
2001-10-31,-0.0073999999999999995,0.004233333333333335,-0.0073999999999999995,-0.006199999999999997,-0.006199999999999997
2001-11-30,0.012583333333333337,0.011716666666666669,-0.007216666666666669,0.012583333333333337,0.012583333333333337
2001-12-31,0.0509,-0.01920000000000001,0.0509,0.03200000000000001,0.0509
2002-01-31,0.03273333333333333,0.005966666666666668,0.04033333333333333,0.033999999999999996,0.03273333333333333
2002-02-28,0.011016666666666668,0.013516666666666665,-0.0028166666666666665,0.011016666666666668,0.011016666666666668
2002-03-31,0.03844999999999999,0.009783333333333333,0.03844999999999999,0.03844999999999999,0.03844999999999999
2002-04-30,0.008366666666666666,0.008366666666666666,0.0186,0.003299999999999999,0.0186
2002-05-31,0.016200000000000003,0.0403,0.016200000000000003,0.0024333333333333347,0.016200000000000003
2002-06-30,-0.019433333333333334,-0.019433333333333334,-0.019433333333333334,0.0016666666666666646,-0.019433333333333334
2002-07-31,0.006783333333333333,0.006783333333333333,0.006783333333333333,0.006783333333333333,0.011049999999999999
2002-08-31,0.006916666666666666,0.006916666666666666,0.006916666666666666,-0.004050000000000001,0.006916666666666666
2002-09-30,-0.013699999999999999,-0.013699999999999999,-0.013699999999999999,0.013133333333333328,-0.03983333333333333
2002-10-31,-0.0213,-0.0213,-0.0213,-0.02723333333333333,-0.0213
2002-11-30,0.018583333333333337,0.018583333333333337,0.011550000000000003,0.01675,0.018583333333333337
2002-12-31,-0.00811666666666667,0.09415,0.09415,0.01281666666666667,-0.00811666666666667
2003-01-31,-0.004649999999999999,-0.0017499999999999998,-0.004649999999999999,-0.0017499999999999998,0.0016166666666666662
2003-02-28,-0.0002666666666666665,0.010399999999999998,0.003366666666666666,0.0007999999999999995,0.003366666666666666
2003-03-31,-0.004183333333333333,-0.004183333333333333,-0.00798333333333333,-0.015316666666666666,-0.03145
2003-04-30,-0.005149999999999999,-0.005149999999999999,-0.02341666666666667,-0.005149999999999999,-0.005149999999999999
2003-05-31,0.003366666666666667,0.003366666666666667,0.003366666666666667,0.003366666666666667,0.003366666666666667
2003-06-30,0.0042166666666666654,0.0042166666666666654,0.009316666666666666,0.0042166666666666654,0.0042166666666666654
2003-07-31,0.009449999999999998,0.009449999999999998,0.009449999999999998,0.009449999999999998,0.0033166666666666657
2003-08-31,0.0011833333333333333,0.0007166666666666668,0.0011833333333333333,0.0011833333333333333,0.0014166666666666668
2003-09-30,0.02533333333333333,0.01796666666666667,0.02533333333333333,0.02533333333333333,0.011966666666666665
2003-10-31,0.013683333333333334,0.00865,0.014383333333333333,0.014383333333333333,0.00985
2003-11-30,-0.0013833333333333326,-0.0013833333333333326,-0.0013833333333333326,-0.0013833333333333326,0.017083333333333336
2003-12-31,0.02755,0.01555,0.007483333333333332,0.01555,0.006983333333333332
2004-01-31,-0.005066666666666666,0.0020333333333333336,0.0020333333333333336,0.0020333333333333336,0.005933333333333333
2004-02-29,0.003133333333333333,0.003133333333333333,0.003133333333333333,0.003133333333333333,0.003133333333333333
2004-03-31,-0.0197,-0.0197,-0.0197,-0.0197,-0.0019
2004-04-30,0.0015500000000000004,0.0028833333333333337,0.0015500000000000004,0.0015500000000000004,-0.0034166666666666664
2004-05-31,0.014133333333333333,0.014133333333333333,0.014133333333333333,0.014133333333333333,0.014133333333333333
2004-06-30,-0.004083333333333333,-0.004083333333333333,-0.004083333333333333,-0.004083333333333333,-0.004083333333333333
2004-07-31,-0.00285,-0.00285,-0.006883333333333334,0.0010833333333333337,-0.00285
2004-08-31,0.011733333333333332,0.011733333333333332,0.016700000000000003,0.0009999999999999998,0.011733333333333332
2004-09-30,-0.00040000000000000045,0.0013666666666666664,-0.00040000000000000045,-0.0009000000000000003,-0.00040000000000000045
2004-10-31,0.021,0.02273333333333333,0.021,0.007266666666666667,0.021
2004-11-30,-0.0006500000000000007,0.0029166666666666664,-0.0006500000000000007,-0.0005166666666666682,-0.0006500000000000007
2004-12-31,0.0042499999999999994,0.0042499999999999994,-0.005083333333333333,0.0042499999999999994,0.0042499999999999994
2005-01-31,0.01255,0.01255,0.01255,0.01255,0.01255
2005-02-28,0.001566666666666667,0.001566666666666667,0.001566666666666667,0.006266666666666667,0.001566666666666667
2005-03-31,-0.0118,-0.0118,-0.0118,0.001266666666666666,-0.009533333333333333
2005-04-30,0.009099999999999999,-0.00010000000000000026,-0.00010000000000000026,0.009099999999999999,0.009099999999999999
2005-05-31,0.015099999999999997,0.004233333333333333,0.0028666666666666667,0.004233333333333333,0.015099999999999997
2005-06-30,0.006599999999999999,0.006499999999999999,0.006599999999999999,-0.0026000000000000003,0.006599999999999999
2005-07-31,-0.0005166666666666665,-0.0005166666666666665,-0.0005166666666666665,0.0026166666666666664,-0.0005166666666666665
2005-08-31,0.0067666666666666665,0.0067666666666666665,0.0067666666666666665,0.007799999999999999,0.0067666666666666665
2005-09-30,-0.010433333333333334,-0.008100000000000001,-0.010433333333333334,-0.005433333333333334,-0.010433333333333334
2005-10-31,0.002983333333333334,0.006916666666666667,0.002983333333333334,0.002983333333333334,0.002983333333333334
2005-11-30,0.0013666666666666669,0.0013666666666666669,0.0013666666666666669,0.0013666666666666669,0.0013666666666666669
2005-12-31,0.018933333333333333,0.021133333333333334,0.018933333333333333,0.018933333333333333,0.018933333333333333
2006-01-31,-0.00235,-0.0005500000000000001,-0.00235,-0.00235,-0.00235
2006-02-28,0.010450000000000001,0.010450000000000001,0.01035,0.010450000000000001,0.010450000000000001
2006-03-31,0.007349999999999999,0.007349999999999999,-0.00018333333333333323,0.007349999999999999,0.007349999999999999
2006-04-30,0.012633333333333335,-0.008899999999999998,-0.008899999999999998,-0.011799999999999998,-0.008899999999999998
2006-05-31,0.005016666666666667,0.005016666666666667,0.005016666666666667,0.000616666666666667,0.005016666666666667
2006-06-30,-0.002200000000000001,0.009800000000000001,-0.002200000000000001,-0.002200000000000001,-0.002200000000000001
2006-07-31,-0.004166666666666667,-0.004166666666666667,-0.004166666666666667,-0.004166666666666667,-0.004166666666666667
2006-08-31,0.005916666666666667,0.0012833333333333336,0.0012833333333333336,0.0012833333333333336,0.0012833333333333336
2006-09-30,0.00805,0.00805,0.00805,0.00805,0.00915
2006-10-31,-0.0008833333333333332,0.001216666666666667,-0.0008833333333333332,0.001216666666666667,0.001216666666666667
2006-11-30,0.008,0.008,0.008,0.008,0.008
2006-12-31,0.0024,0.002466666666666667,0.002466666666666667,0.002466666666666667,0.002466666666666667
2007-01-31,-0.009733333333333335,-0.0053,-0.0035666666666666663,-0.0053,-0.0053
2007-02-28,0.003583333333333333,0.004050000000000001,0.004050000000000001,0.004050000000000001,0.004050000000000001
2007-03-31,0.010266666666666669,0.0033333333333333335,0.0033333333333333335,0.0033333333333333335,0.0033333333333333335
2007-04-30,0.003666666666666667,0.004766666666666667,0.004766666666666667,0.004766666666666667,0.004766666666666667
2007-05-31,-0.004399999999999999,0.0014333333333333333,-0.004399999999999999,0.0014333333333333333,-0.0020666666666666667
2007-06-30,-0.0040166666666666675,-0.014183333333333334,-0.014183333333333334,-0.001916666666666669,-0.014183333333333334
2007-07-31,0.0021166666666666664,-0.004116666666666667,-0.005216666666666667,-0.005216666666666667,-0.005216666666666667
2007-08-31,0.014716666666666664,-0.000649999999999999,-0.011383333333333334,-0.000649999999999999,-0.000649999999999999
2007-09-30,0.006083333333333334,0.01575,0.006083333333333334,0.006083333333333334,0.006083333333333334
2007-10-31,-0.010483333333333332,-0.010483333333333332,-0.012683333333333336,-0.0007833333333333326,-0.010483333333333332
2007-11-30,0.010349999999999998,0.008649999999999998,0.008649999999999998,0.00805,0.008649999999999998
2007-12-31,-0.0397,-0.0397,-0.0397,-0.0397,-0.0397
2008-01-31,0.005366666666666666,0.0029666666666666674,0.0051,0.0029666666666666674,0.0029666666666666674
2008-02-29,0.009283333333333333,0.009283333333333333,0.009283333333333333,0.007316666666666668,0.009283333333333333
2008-03-31,0.0023500000000000014,0.0023500000000000014,-0.013016666666666664,0.005550000000000002,0.0023500000000000014
2008-04-30,0.0131,0.0131,0.0131,0.0131,0.0131
2008-05-31,0.012033333333333339,0.012033333333333339,0.012033333333333339,0.012033333333333339,0.012033333333333339
2008-06-30,0.004616666666666667,0.004616666666666667,-0.007749999999999999,0.00915,-0.007749999999999999
2008-07-31,0.00723333333333333,-0.0036999999999999997,0.00723333333333333,0.00723333333333333,0.011233333333333336
2008-08-31,0.0027500000000000007,0.0027500000000000007,0.0014833333333333348,-0.01611666666666667,-0.001383333333333332
2008-09-30,-0.01065,-0.01695,-0.01695,-0.01695,-0.01695
2008-10-31,0.014683333333333333,-0.006016666666666666,-0.006016666666666666,-0.02158333333333333,0.019783333333333333
2008-11-30,-0.002549999999999999,-0.0023833333333333324,-0.013483333333333333,-0.0023833333333333324,-0.008283333333333332
2008-12-31,-0.0412,-0.004466666666666668,-0.0412,-0.0412,-0.014233333333333332
2009-01-31,0.0021333333333333326,-0.021933333333333336,-0.021933333333333336,-0.021933333333333336,0.011866666666666666
2009-02-28,-0.010483333333333332,-0.007516666666666669,-0.005550000000000002,-0.005550000000000002,-0.035583333333333335
2009-03-31,-0.03428333333333334,-0.016350000000000007,-0.016350000000000007,-0.016350000000000007,-0.05025000000000001
2009-04-30,0.020466666666666664,-0.012466666666666662,-0.019933333333333334,-0.019933333333333334,-0.03726666666666666
2009-05-31,0.007633333333333332,0.006000000000000001,0.006000000000000001,0.006000000000000001,0.0046
2009-06-30,0.02036666666666666,0.02036666666666666,0.02036666666666666,0.02036666666666666,-0.0054333333333333326
2009-07-31,0.033966666666666666,0.0036333333333333356,0.013133333333333335,0.0036333333333333356,-0.0074666666666666675
2009-08-31,0.02385,-0.00145,0.0076166666666666666,-0.00145,-0.0059833333333333336
2009-09-30,-0.010566666666666669,-0.010566666666666669,-0.02463333333333333,-0.010566666666666669,-0.0020666666666666663
2009-10-31,0.0063,0.0063,0.0166,0.0063,-0.0136
2009-11-30,0.020649999999999998,0.011516666666666666,0.020649999999999998,0.020649999999999998,0.010649999999999998
2009-12-31,-0.014199999999999999,-0.014199999999999999,-0.014199999999999999,-0.014199999999999999,0.007166666666666666
2010-01-31,0.021466666666666672,0.010866666666666665,0.021466666666666672,0.021466666666666672,-0.001433333333333335
2010-02-28,0.025033333333333335,0.01773333333333333,0.025033333333333335,0.025033333333333335,0.013133333333333335
2010-03-31,0.02573333333333333,0.013833333333333331,0.02573333333333333,0.02573333333333333,0.005333333333333331
2010-04-30,-0.015733333333333335,-0.016,-0.015733333333333335,-0.015733333333333335,-0.015066666666666667
2010-05-31,-0.0285,-0.020433333333333335,-0.0285,-0.0285,-0.0285
2010-06-30,0.01738333333333333,0.017249999999999998,0.01738333333333333,0.01738333333333333,0.01738333333333333
2010-07-31,-0.019533333333333333,-0.01753333333333333,-0.01753333333333333,-0.001633333333333335,-0.01753333333333333
2010-08-31,0.01958333333333333,0.01958333333333333,0.02965,-0.012250000000000002,0.01958333333333333
2010-09-30,0.0075,0.0075,0.015700000000000002,-0.0053999999999999986,0.0075
2010-10-31,0.012383333333333335,0.0016499999999999993,0.013450000000000002,0.013450000000000002,0.013450000000000002
2010-11-30,0.024900000000000002,0.013499999999999998,0.013499999999999998,-0.009233333333333333,0.013499999999999998
2010-12-31,-0.0014333333333333299,-0.0014333333333333299,0.016533333333333334,-0.0030666666666666637,-0.0014333333333333299
2011-01-31,0.012000000000000002,0.012000000000000002,0.006499999999999999,0.012000000000000002,0.012000000000000002
2011-02-28,0.016616666666666665,0.010483333333333336,0.010483333333333336,0.010483333333333336,0.010483333333333336
2011-03-31,0.0004000000000000004,0.0004000000000000004,0.0004000000000000004,0.0004000000000000004,0.0004000000000000004
2011-04-30,-0.006583333333333333,-0.006583333333333333,-0.006583333333333333,-0.006583333333333333,-0.006583333333333333
2011-05-31,0.0013166666666666676,0.0013166666666666676,0.001983333333333334,0.0013166666666666676,-0.00475
2011-06-30,-0.005366666666666666,-0.0016666666666666661,-0.011266666666666666,-0.005366666666666666,-0.006033333333333334
2011-07-31,-0.014333333333333332,-0.014333333333333332,-0.014333333333333332,-0.014333333333333332,-0.013433333333333334
2011-08-31,-0.009783333333333333,0.0038166666666666674,-0.021416666666666667,-0.021416666666666667,-0.013416666666666669
2011-09-30,0.01691666666666667,0.017116666666666665,0.017116666666666665,-0.020683333333333335,0.017116666666666665
2011-10-31,0.010283333333333334,0.011283333333333334,0.010283333333333334,0.011183333333333332,-0.00265
2011-11-30,0.012266666666666667,0.012266666666666667,0.012266666666666667,0.012266666666666667,0.012266666666666667
2011-12-31,0.03538333333333333,0.029050000000000003,0.00235,0.03538333333333333,0.03538333333333333
2012-01-31,0.004083333333333335,0.00965,0.004083333333333335,0.00965,0.004083333333333335
2012-02-29,0.0087,0.0103,0.004733333333333333,0.0103,0.0087
2012-03-31,0.00595,0.010183333333333334,0.00595,0.00595,0.00875
2012-04-30,0.00605,-0.015416666666666667,0.009216666666666666,0.00605,0.00605
2012-05-31,0.006049999999999999,0.007883333333333334,0.006049999999999999,0.006049999999999999,0.006049999999999999
2012-06-30,0.003283333333333333,-0.0001833333333333334,0.00345,0.0006499999999999983,0.003283333333333333
2012-07-31,-0.0008333333333333335,0.007899999999999999,-0.004933333333333333,-0.0008333333333333335,-0.0093
2012-08-31,0.0067500000000000025,-0.0005500000000000001,0.0067500000000000025,0.0067500000000000025,0.0067500000000000025
2012-09-30,0.003500000000000001,-0.005466666666666667,0.003500000000000001,0.003500000000000001,0.009200000000000002
2012-10-31,0.0034000000000000002,0.0020666666666666667,0.006266666666666667,0.0034000000000000002,0.0007999999999999999
2012-11-30,0.004549999999999999,-0.0018500000000000003,-0.007050000000000001,0.004549999999999999,0.010383333333333333
2012-12-31,0.00781666666666667,0.00781666666666667,0.00781666666666667,0.00781666666666667,-0.004683333333333334
2013-01-31,0.005,0.0034666666666666665,0.005,0.004166666666666667,6.666666666666655e-05
2013-02-28,0.010883333333333333,0.01455,0.010883333333333333,0.012916666666666667,0.007416666666666669
2013-03-31,0.0088,0.001333333333333333,0.0088,0.001333333333333333,-0.0038666666666666676
2013-04-30,-0.0025333333333333328,0.004266666666666667,-0.0025333333333333328,0.004266666666666667,0.0015999999999999992
2013-05-31,0.0006333333333333333,0.0006333333333333333,0.0006333333333333333,0.0007999999999999999,0.0032
2013-06-30,0.014900000000000002,0.014900000000000002,0.009066666666666666,0.014900000000000002,0.009100000000000002
2013-07-31,-0.011483333333333333,-0.011383333333333334,-0.011483333333333333,-0.013850000000000001,-0.011616666666666666
2013-08-31,0.010666666666666666,0.010666666666666666,0.0018333333333333333,0.012466666666666668,0.010666666666666666
2013-09-30,0.012583333333333335,0.012583333333333335,0.017583333333333336,0.012516666666666667,0.012583333333333335
2013-10-31,0.0091,0.0091,0.0091,0.008233333333333334,0.0078000000000000005
2013-11-30,0.003133333333333332,0.003133333333333332,0.004599999999999999,0.0050666666666666655,0.003066666666666666
2013-12-31,-0.014216666666666667,-0.016216666666666667,-0.014216666666666667,-0.0011833333333333338,-0.019583333333333335
2014-01-31,0.009233333333333331,0.009666666666666665,0.009233333333333331,0.009666666666666665,0.0025666666666666663
2014-02-28,0.008083333333333333,0.008083333333333333,0.008083333333333333,0.0013500000000000005,0.017616666666666666
2014-03-31,0.009350000000000002,-0.004216666666666666,0.009350000000000002,-0.004216666666666666,0.008516666666666667
2014-04-30,-0.0001333333333333334,0.009600000000000001,0.006066666666666668,0.00016666666666666682,-0.0031
2014-05-31,0.0031166666666666656,-0.007083333333333334,0.005483333333333333,0.009216666666666666,0.0009499999999999991
2014-06-30,-0.0084,0.004166666666666667,0.005600000000000001,-0.0084,-0.007833333333333333
2014-07-31,0.004800000000000001,0.008066666666666666,0.004800000000000001,0.0057666666666666665,-0.008366666666666666
2014-08-31,0.0024000000000000002,-0.009800000000000001,-0.009800000000000001,-0.009800000000000001,-0.0032666666666666664
2014-09-30,-0.0052833333333333335,0.006916666666666666,0.006916666666666666,0.006916666666666666,-0.0014499999999999992
2014-10-31,0.017316666666666668,-0.0007833333333333329,-0.0007833333333333329,-0.0007833333333333329,-0.0007833333333333329
2014-11-30,-6.666666666666685e-05,0.009366666666666667,0.009366666666666667,0.009366666666666667,0.006100000000000001
2014-12-31,0.008283333333333335,-0.0063166666666666675,-0.0063166666666666675,-0.018783333333333336,-0.0063166666666666675
2015-01-31,-0.0032666666666666677,0.0016000000000000007,0.0039000000000000007,-0.0020666666666666667,-0.0020666666666666667
2015-02-28,-0.002733333333333333,0.006266666666666667,0.006266666666666667,0.006266666666666667,0.006266666666666667
2015-03-31,-0.010216666666666667,-0.014083333333333331,-0.014083333333333331,0.010150000000000001,-0.014083333333333331
2015-04-30,0.013799999999999998,0.006966666666666665,0.006966666666666665,-0.011966666666666667,0.006966666666666665
2015-05-31,-0.0029999999999999988,0.003933333333333333,0.003933333333333333,0.003933333333333333,0.003933333333333333
2015-06-30,0.030250000000000003,0.0011166666666666686,0.0011166666666666686,0.0011166666666666686,0.0011166666666666686
2015-07-31,-0.006283333333333332,-0.005316666666666667,-0.006283333333333332,-0.005316666666666667,0.014749999999999994
2015-08-31,0.0094,0.011233333333333333,0.0019,0.012100000000000001,0.0019
2015-09-30,0.012849999999999999,0.0059833333333333336,0.0059833333333333336,0.012849999999999999,0.0059833333333333336
2015-10-31,0.003366666666666667,0.0048,0.003366666666666667,0.003366666666666667,0.003366666666666667
2015-11-30,-0.00645,0.0021166666666666656,-0.00645,0.003383333333333334,-0.00645
2015-12-31,0.10143333333333332,0.025399999999999995,0.10143333333333332,0.10143333333333332,0.10143333333333332
2016-01-31,0.0018166666666666667,0.0038499999999999993,-0.001083333333333333,0.0018166666666666667,0.0018166666666666667
2016-02-29,0.008033333333333335,0.002433333333333334,0.008033333333333335,0.0006333333333333352,0.008033333333333335
2016-03-31,-0.0028333333333333335,-0.0028333333333333335,-0.013566666666666666,0.0171,-0.0028333333333333335
2016-04-30,-0.004383333333333334,-0.004383333333333334,0.0010166666666666672,-0.007216666666666666,-0.004383333333333334
2016-05-31,0.010750000000000001,0.010750000000000001,0.015716666666666667,-0.0032500000000000007,0.01085
2016-06-30,0.00335,0.003116666666666667,0.007483333333333334,-0.004883333333333333,0.00335
2016-07-31,-0.0005000000000000004,-0.006033333333333334,-0.011066666666666667,-0.006033333333333334,-0.0005000000000000004
2016-08-31,-0.0016666666666666661,-0.0016666666666666661,0.0023,-0.0016666666666666661,-0.0016666666666666661
2016-09-30,-0.00028333333333333135,-0.013983333333333334,-0.00028333333333333135,0.013116666666666665,-0.00028333333333333135
2016-10-31,0.031333333333333324,0.031333333333333324,0.008133333333333333,0.0045,0.015166666666666667
2016-11-30,0.010616666666666668,0.010616666666666668,0.00011666666666666676,0.006483333333333333,0.011516666666666666
2016-12-31,-0.009483333333333325,-0.009483333333333325,0.035083333333333334,-0.009483333333333325,-0.006383333333333324
2017-01-31,0.002483333333333333,-0.005183333333333334,-0.005183333333333334,-0.005183333333333334,-0.00015000000000000053
2017-02-28,-0.0061666666666666675,-0.0061666666666666675,-0.0061666666666666675,-0.0061666666666666675,-0.0029333333333333342
2017-03-31,0.007016666666666667,-0.001183333333333333,0.00018333333333333353,-0.005783333333333332,-0.0014166666666666661
2017-04-30,-0.013183333333333333,-0.008183333333333334,-0.008183333333333334,-0.008183333333333334,-0.013183333333333333
2017-05-31,-0.004266666666666666,0.0041333333333333335,0.0041333333333333335,-0.004266666666666666,0.004466666666666667
2017-06-30,0.0024999999999999996,0.0067,0.001233333333333333,0.001233333333333333,-0.0042
2017-07-31,0.010616666666666665,0.001683333333333333,-0.004416666666666667,-0.005083333333333335,-0.004416666666666667
2017-08-31,0.009800000000000001,0.015233333333333333,0.015233333333333333,0.015233333333333333,0.019733333333333332
2017-09-30,0.0205,0.004099999999999999,0.004099999999999999,0.004099999999999999,-0.009933333333333334
2017-10-31,0.008633333333333335,0.009266666666666668,0.008333333333333333,0.007999999999999998,0.011133333333333334
2017-11-30,-0.0009166666666666663,0.001716666666666666,0.001716666666666666,-0.000716666666666667,0.00335
2017-12-31,0.024150000000000005,0.005550000000000002,0.005550000000000002,0.005550000000000002,-0.026649999999999997
2018-01-31,-0.0017166666666666673,-0.004250000000000001,-0.005383333333333335,-0.004250000000000001,-0.004250000000000001
2018-02-28,-0.0003666666666666668,-0.012833333333333334,-0.0007999999999999998,-0.0007999999999999998,-0.0007999999999999998
2018-03-31,-0.004266666666666667,-0.001333333333333333,-0.002499999999999999,0.0016333333333333336,0.0016333333333333336
2018-04-30,0.02316666666666667,-0.007966666666666667,0.007733333333333335,0.007733333333333335,0.007733333333333335
2018-05-31,0.0032666666666666673,-0.0064,-0.003833333333333333,-0.003833333333333333,-0.003833333333333333
2018-06-30,0.0009500000000000006,0.010050000000000002,0.0036166666666666673,0.0036166666666666673,0.008383333333333335
2018-07-31,0.0022333333333333337,0.004399999999999999,0.004399999999999999,0.0022333333333333337,0.004399999999999999
2018-08-31,0.004766666666666667,-0.0035333333333333345,-0.0035333333333333345,-0.0035333333333333345,-0.0035333333333333345
2018-09-30,-0.010116666666666666,-0.010116666666666666,-0.010116666666666666,-0.010116666666666666,-0.010116666666666666
2018-10-31,-0.0031166666666666665,-0.000583333333333333,0.0021166666666666664,-0.000583333333333333,-0.000583333333333333
2018-11-30,-0.014116666666666666,-0.017016666666666666,-0.011149999999999998,-0.020516666666666666,-0.020516666666666666
2018-12-31,-0.0002000000000000011,-0.0099,-0.0002000000000000011,-0.0002000000000000011,-0.0002000000000000011
2019-01-31,0.0026666666666666666,0.0004666666666666663,-0.0030666666666666668,0.0026666666666666666,0.0026666666666666666
2019-02-28,-0.007233333333333332,-0.007233333333333332,0.021300000000000003,-0.007233333333333332,-0.010900000000000002
2019-03-31,0.002450000000000001,0.002450000000000001,-0.0046500000000000005,0.006283333333333333,-0.010783333333333332
2019-04-30,-0.003500000000000001,0.004666666666666666,0.004666666666666666,0.0017000000000000001,-0.003500000000000001
2019-05-31,0.008133333333333333,0.009033333333333336,0.017733333333333334,-0.014933333333333333,0.008133333333333333
2019-06-30,0.0050999999999999995,0.0095,0.0050999999999999995,0.0050999999999999995,0.0050999999999999995
2019-07-31,-0.005249999999999998,0.005583333333333336,-0.005249999999999998,-0.005249999999999998,-0.005249999999999998
2019-08-31,0.011549999999999998,0.010583333333333332,-0.010983333333333333,0.011549999999999998,0.011549999999999998
2019-09-30,-0.00011666666666666668,-0.0009499999999999996,-0.00011666666666666668,-0.00011666666666666668,-0.00011666666666666668
2019-10-31,0.0003666666666666656,0.003366666666666667,-0.0050999999999999995,-0.0050999999999999995,-0.0050999999999999995
2019-11-30,0.0075,0.004200000000000001,0.004200000000000001,0.0075,0.0075
2019-12-31,-0.050733333333333346,-0.06319999999999999,-0.050733333333333346,-0.050733333333333346,-0.0708
2020-01-31,-0.014150000000000001,-0.027149999999999997,-0.027149999999999997,-0.026883333333333332,-0.02595
2020-02-29,0.02345,-0.04595,-0.018683333333333333,-0.04595,-0.07331666666666667
2020-03-31,0.02291666666666667,0.018450000000000005,0.036716666666666675,0.009883333333333334,0.009883333333333334
2020-04-30,0.021583333333333333,0.000783333333333332,0.000783333333333332,0.017449999999999997,0.000783333333333332
2020-05-31,0.0107,0.0034666666666666665,0.0034666666666666665,0.0034666666666666665,0.0034666666666666665
2020-06-30,0.018666666666666668,0.0171,0.0171,0.0171,0.0171
2020-07-31,0.021616666666666663,0.011549999999999996,0.011549999999999996,0.011549999999999996,0.010016666666666663
2020-08-31,-0.0017500000000000005,-0.010783333333333334,-0.010816666666666669,-0.010816666666666669,-0.02145
2020-09-30,-0.010233333333333336,0.003933333333333334,0.003933333333333334,0.003933333333333334,0.014400000000000001
2020-10-31,-0.021416666666666667,-0.01445,0.013550000000000001,0.013550000000000001,0.05538333333333334
2020-11-30,-0.005033333333333333,0.0058,0.0058,0.0058,0.013699999999999999
2020-12-31,-0.007450000000000003,0.02598333333333333,0.02598333333333333,0.026216666666666666,0.011616666666666664
2021-01-31,-0.03075,0.00825,0.00825,0.00825,0.034583333333333334
2021-02-28,0.02236666666666667,-0.002133333333333332,0.025166666666666667,0.02236666666666667,0.042766666666666675
2021-03-31,0.0028833333333333315,0.0028833333333333315,0.0028833333333333315,0.006283333333333332,-0.0012166666666666682
2021-04-30,0.02418333333333333,0.02418333333333333,0.01995,0.0007166666666666658,0.022316666666666665
2021-05-31,-0.010716666666666668,-0.010716666666666668,-0.010716666666666668,0.015483333333333333,-0.017616666666666666
2021-06-30,-0.0037833333333333326,-0.0037833333333333326,-0.0037833333333333326,0.0021833333333333336,0.0034833333333333344
2021-07-31,0.004516666666666667,0.005283333333333334,0.004516666666666667,0.005283333333333334,-0.0042499999999999994
2021-08-31,0.005516666666666667,0.001783333333333333,0.005516666666666667,-0.01155,0.0008833333333333337
2021-09-30,0.011483333333333332,0.011483333333333332,0.013249999999999998,0.011483333333333332,0.0004166666666666659
2021-10-31,0.0059,0.010333333333333333,0.016,0.011566666666666668,0.007133333333333334
2021-11-30,0.020833333333333332,0.023433333333333334,-0.004333333333333333,0.004566666666666668,0.028800000000000003
2021-12-31,0.014633333333333333,0.027999999999999997,-0.02823333333333333,0.014633333333333333,0.022699999999999998
2022-01-31,0.0009666666666666666,0.0105,0.0105,0.0105,-0.005233333333333334
2022-02-28,0.0062,0.0062,0.0062,-0.004066666666666668,0.0027333333333333337
2022-03-31,0.019083333333333334,0.017916666666666664,0.017916666666666664,-0.0015166666666666638,0.0012499999999999976
2022-04-30,-0.014433333333333331,0.026966666666666667,0.026866666666666664,0.026866666666666664,-0.009733333333333332
2022-05-31,-0.024666666666666667,-0.024666666666666667,-0.024666666666666667,-0.03273333333333333,-0.004666666666666667
2022-06-30,-0.005399999999999998,-0.005399999999999998,-0.005399999999999998,-0.011333333333333329,0.008433333333333336
2022-07-31,-0.006183333333333332,0.009750000000000002,-0.011149999999999998,0.006383333333333334,-0.006183333333333332
2022-08-31,-0.014583333333333335,-0.010016666666666667,-0.014683333333333333,-0.01135,-0.014583333333333335
2022-09-30,0.05206666666666666,0.041166666666666664,0.025500000000000005,0.046033333333333336,0.05206666666666666
2022-10-31,0.018616666666666667,-0.0023833333333333324,0.0031833333333333345,0.027783333333333337,0.018616666666666667
2022-11-30,0.007133333333333336,0.007133333333333336,0.003300000000000002,0.02903333333333333,0.002666666666666669
2022-12-31,-0.02663333333333334,0.035333333333333335,-0.028133333333333333,-0.02663333333333334,-0.013500000000000003
2023-01-31,-0.004633333333333332,-0.004633333333333332,-0.0019666666666666656,-0.004633333333333332,-0.0019666666666666656
2023-02-28,-0.02605,-0.02605,0.011116666666666669,-0.02605,0.004116666666666668
2023-03-31,0.0024166666666666672,0.01685,0.008283333333333335,0.008283333333333335,0.008283333333333335
2023-04-30,-0.02938333333333333,-0.02938333333333333,-0.0034166666666666672,-0.02938333333333333,-0.02938333333333333
2023-05-31,0.009500000000000003,0.005233333333333334,0.0189,-0.0116,0.009500000000000003
2023-06-30,0.0006833333333333332,0.010216666666666666,0.010216666666666666,0.010216666666666666,0.010216666666666666
2023-07-31,-0.003999999999999999,0.011999999999999999,-0.003999999999999999,-0.003999999999999999,-0.003999999999999999
2023-08-31,-0.006800000000000003,-0.005833333333333334,-0.006800000000000003,-0.01306666666666667,-0.006800000000000003
2023-09-30,-0.00595,-0.006616666666666667,0.007483333333333335,-0.00595,-0.011516666666666666
2023-10-31,0.013483333333333332,0.013483333333333332,0.00861666666666667,0.013483333333333332,0.007916666666666667
2023-11-30,0.016283333333333334,0.016283333333333334,-0.024216666666666664,0.016283333333333334,0.018416666666666668
2023-12-31,0.015366666666666667,-0.0036666666666666675,0.004266666666666666,0.004266666666666666,-0.021733333333333337
2024-01-31,0.002799999999999999,0.005466666666666666,0.014233333333333336,0.002799999999999999,-0.013533333333333335
2024-02-29,0.01746666666666667,0.0135,-0.00036666666666666656,0.0135,0.014566666666666665
2024-03-31,-0.0030000000000000014,-0.011466666666666668,-0.009966666666666667,-0.011466666666666668,-0.010033333333333337
2024-04-30,0.0042833333333333334,0.006283333333333334,0.0042833333333333334,0.01065,0.006816666666666666
2024-05-31,0.005483333333333334,-0.010516666666666665,0.005483333333333334,-0.008950000000000001,-0.011783333333333335
2024-06-30,-0.0055000000000000005,0.0223,0.0223,0.003566666666666668,0.03013333333333333
2024-07-31,0.0174,0.005566666666666667,0.0174,0.009233333333333333,-0.010466666666666666
2024-08-31,0.008783333333333334,-0.004483333333333333,-0.004483333333333333,-0.004483333333333333,-0.0024166666666666664
2024-09-30,0.0055000000000000005,-0.0002999999999999993,0.0025666666666666667,0.0025666666666666667,-0.0074333333333333335
2024-10-31,-0.0026833333333333327,0.013150000000000002,-0.0026833333333333327,0.013150000000000002,0.00981666666666667
2024-11-30,-0.0019500000000000003,-0.0032166666666666663,-0.015983333333333332,-0.015983333333333332,-0.014983333333333333
2024-12-31,0.0017499999999999983,-0.002316666666666668,-0.002316666666666668,-0.002316666666666668,-0.005516666666666667
2025-01-31,-0.008666666666666668,0.0015333333333333336,0.0015333333333333336,0.0015333333333333336,0.004233333333333335
2025-02-28,-0.013433333333333334,-0.010299999999999998,-0.005333333333333333,-0.010299999999999998,-0.0008333333333333335
2025-03-31,0.015349999999999997,-0.011083333333333336,-0.004883333333333334,-0.011083333333333336,0.0002499999999999991
2025-04-30,0.026066666666666665,0.014066666666666665,0.009099999999999999,0.014066666666666665,0.014066666666666665
2025-05-31,-0.001899999999999999,-0.006733333333333332,-0.0018333333333333326,-0.001899999999999999,-0.001899999999999999
2025-06-30,-0.0003833333333333339,-0.004616666666666667,-0.004116666666666667,-0.004616666666666667,-0.004616666666666667
2025-07-31,0.014966666666666668,0.014966666666666668,-0.001299999999999999,0.014966666666666668,0.014966666666666668
2025-08-31,,,,,
