date,regime_0,regime_1,regime_2,regime_code
1973-12-31,0.999999986713192,1.3286670933972165e-08,1.7852359809432513e-176,0
1974-01-31,0.0012755825676226346,0.9987244174322609,9.920792046578715e-15,1
1974-02-28,0.9887160558409616,0.01128394371473338,4.4413513347620083e-10,0
1974-03-31,0.01151698999804726,0.9884830099806631,2.148141937441953e-11,1
1974-04-30,0.9793170444951945,0.020682955370590315,1.3413500712632328e-10,0
1974-05-31,0.020239792080311885,0.9797602078329484,8.686857324385016e-11,1
1974-06-30,0.971206230607189,0.028793763393848287,5.998887373156006e-09,0
1974-07-31,0.02660629352133821,0.9733937064540884,2.4693254238039453e-11,1
1974-08-31,0.9655096767447797,0.03449032322019086,3.4902460570211593e-11,0
1974-09-30,0.03123002938172027,0.9687699706182991,2.7683495119545695e-15,1
1974-10-31,0.9596197043497774,0.04038029563918872,1.1043697335499616e-11,0
1974-11-30,0.03733149656947947,0.9626684245625171,7.886807720879218e-08,1
1974-12-31,0.956818405699416,0.043181545357644895,4.894311403387273e-08,0
1975-01-31,0.03985182650763423,0.9601474308984931,7.425938667542339e-07,1
1975-02-28,0.9531377278020569,0.046861233459847475,1.0387380809151994e-06,0
1975-03-31,0.042789594085509516,0.9572102742832976,1.316311193990024e-07,1
1975-04-30,0.951996123988799,0.04799570036919757,8.175642043991485e-06,0
1975-05-31,0.04159426720228452,0.9557859603298829,0.002619772467744312,1
1975-06-30,0.007357422915269358,0.04684174260196792,0.9458008344827379,2
1975-07-31,3.8282520177997095e-05,0.0073790309676027704,0.9925826865122823,2
1975-08-31,5.5379285868161004e-05,4.2666658779367525e-05,0.9999019540552145,2
1975-09-30,0.00037842229645273254,5.808446501285037e-05,0.9995634932383382,2
1975-10-31,0.00010737762189526762,0.0003876475153639979,0.999504974862771,2
1975-11-30,5.6631571772246656e-06,0.00010851170200805464,0.999885825140706,2
1975-12-31,1.2511542652584592e-06,6.042474145873872e-06,0.9999927063715818,2
1976-01-31,3.8291964363978603e-07,1.3985040484863433e-06,0.9999982185761334,2
1976-02-29,3.931980849088491e-07,4.813613724007099e-07,0.9999991254407364,2
1976-03-31,2.093652353786233e-06,5.451511731910511e-07,0.9999973611964634,2
1976-04-30,1.2147433994073132e-05,2.817398744542396e-06,0.9999850351674622,2
1976-05-31,2.917593032627961e-05,1.3055457986902769e-05,0.9999577686117043,2
1976-06-30,4.0356479892536094e-05,3.069072887611999e-05,0.9999289527910488,2
1976-07-31,2.7446463254433838e-05,4.159736555798349e-05,0.9999309561711327,2
1976-08-31,2.586225638661015e-06,2.8632002023826703e-05,0.9999687817724324,2
1976-09-30,1.2349767793172299e-07,2.695571369107536e-06,0.9999971809310128,2
1976-10-31,1.0108937425482399e-07,1.7986951569153432e-07,0.99999971904121,2
1976-11-30,9.127719192277078e-08,1.7797366581185676e-07,0.999999730749132,2
1976-12-31,1.6297103797023e-06,1.4043703434883103e-07,0.9999982298524834,2
1977-01-31,0.0001622783343140341,3.7757079854517517e-06,0.9998339459576663,2
1977-02-28,0.00033666547228233763,0.00016616780365171735,0.9994971667238955,2
1977-03-31,0.00011638437245513402,0.00034236961417188775,0.9995412460133394,2
1977-04-30,3.7178249208354604e-05,0.00011874110701581646,0.9998440806438503,2
1977-05-31,2.841851194196343e-05,3.872397237686093e-05,0.9999328575158619,2
1977-06-30,4.22387478292812e-05,2.9629130432678432e-05,0.9999281321216771,2
1977-07-31,0.00016438129375194932,4.431020000391364e-05,0.9997913085061315,2
1977-08-31,0.0006802024716074851,0.00016953433573837123,0.9991502631925427,2
1977-09-30,0.003632147887218187,0.0006999249086278678,0.9956679272042216,2
1977-10-31,0.00891024535179862,0.0036877238792903957,0.9874020307690666,2
1977-11-30,0.005898249566912143,0.008975025756920189,0.9851267246759543,2
1977-12-31,0.0012740540751588862,0.006105215875837973,0.9926207300489879,2
1978-01-31,0.00012114949711803153,0.0012959232385001828,0.9985829272645933,2
1978-02-28,2.075324141875751e-05,0.00012655668644201014,0.9998526900721945,2
1978-03-31,1.6409373886577557e-06,2.1334957721717774e-05,0.9999770241049337,2
1978-04-30,5.405661741136407e-07,1.7686190944224294e-06,0.9999976908147178,2
1978-05-31,1.3683353376519802e-06,6.744658751331135e-07,0.9999979571987698,2
1978-06-30,1.8685704332516844e-06,1.6952446321112838e-06,0.9999964361850128,2
1978-07-31,1.6794324198922068e-06,2.0325148298611567e-06,0.9999962880529664,2
1978-08-31,3.538115636133104e-06,1.990826713250236e-06,0.9999944710578399,2
1978-09-30,4.58250070066815e-05,3.948421159050825e-06,0.9999502265718612,2
1978-10-31,0.0007383549846024203,5.1130568961316795e-05,0.9992105144463933,2
1978-11-30,0.009806530909249928,0.0007674301016912926,0.9894260389890381,2
1978-12-31,0.06305001974418253,0.010197665080417029,0.9267523151752933,2
1979-01-31,0.5944660342737959,0.06483949363352935,0.34069447209265163,0
1979-02-28,0.4000544004155132,0.5984258880806705,0.001519711503843446,1
1979-03-31,0.5909214371117005,0.4090778629703985,6.999176980307685e-07,0
1979-04-30,0.39230501102990745,0.6076947305248902,2.58445289694753e-07,1
1979-05-31,0.5997516253193941,0.40024815939592745,2.1528468555940854e-07,0
1979-06-30,0.3822777485569723,0.617721344786995,9.066559586237791e-07,1
1979-07-31,0.6093757355441117,0.3906238677133202,3.9674267515431067e-07,0
1979-08-31,0.3732375678690694,0.626760712360346,1.7197707544031856e-06,1
1979-09-30,0.6192338905704421,0.380765534761563,5.746681465210657e-07,0
1979-10-31,0.3639102810953437,0.6360884017713129,1.3171335283967802e-06,1
1979-11-30,0.6288910747192766,0.3711073757312011,1.5495494034055953e-06,0
1979-12-31,0.3536043532114073,0.6463942771401756,1.369648264782207e-06,1
1980-01-31,0.6388224080943331,0.3611759789613023,1.6129441537519965e-06,0
1980-02-29,0.346407874038929,0.6532398994658634,0.0003522264953066208,1
1980-03-31,0.6374018552253784,0.3536163051864971,0.008981839588042146,0
1980-04-30,0.1536300215382313,0.6489868247346717,0.1973831537271316,1
1980-05-31,0.019528228666061603,0.15712126363045895,0.8233505077036225,2
1980-06-30,0.0010922374563054882,0.019941599476535326,0.978966163067315,2
1980-07-31,0.00012122291028910942,0.0011126112409860186,0.9987661658487982,2
1980-08-31,3.770071184429286e-06,0.0001239332166200635,0.9998722967122853,2
1980-09-30,2.055198627267137e-08,3.826987866060074e-06,0.999996152460097,2
1980-10-31,4.2276854622803e-10,1.9244235646996934e-08,0.9999999803330868,2
1980-11-30,1.3263094103167976e-10,8.569146202462564e-10,0.9999999990104698,2
1980-12-31,1.5448839870413385e-09,1.4952294690254854e-09,0.999999996960014,2
1981-01-31,3.785821463054306e-09,1.1883594176197273e-08,0.9999999843307706,2
1981-02-28,1.7483986393467614e-08,1.2580403568305237e-08,0.9999999699357436,2
1981-03-31,1.702868002025691e-07,7.206353548517562e-08,0.9999997576497047,2
1981-04-30,9.019635516041731e-07,2.713204662961393e-07,0.9999988267161433,2
1981-05-31,5.386494192309691e-07,1.1664339859080188e-06,0.9999982949167118,2
1981-06-30,1.146753063552617e-06,6.253144734521082e-07,0.9999982279325434,2
1981-07-31,2.4258815535499535e-05,1.5437118267922624e-06,0.999974197472527,2
1981-08-31,0.002522502041232566,2.9255335612181313e-05,0.9974482426232686,2
1981-09-30,0.026005245375412392,0.0028238988436795763,0.9711708557808929,2
1981-10-31,0.8300661721204674,0.027370967300640148,0.14256286057878725,0
1981-11-30,0.16725432700604317,0.8327222738400715,2.3399154060451043e-05,1
1981-12-31,0.8247223968230951,0.17527754048715014,6.268998082420053e-08,0
1982-01-31,0.16511159605552098,0.8348863454794996,2.0584650993047396e-06,1
1982-02-28,0.8261369018071915,0.17386125774734643,1.8404455757619676e-06,0
1982-03-31,0.16415748664016036,0.8358251672852699,1.7346074706329847e-05,1
1982-04-30,0.8285604506840859,0.17143537574562914,4.173570378206702e-06,0
1982-05-31,0.15892526640124613,0.8410741850606267,5.485380902864215e-07,1
1982-06-30,0.8348294291821744,0.16516460917054587,5.96164727588063e-06,0
1982-07-31,0.15274104320040527,0.8472586587619065,2.980375895175105e-07,1
1982-08-31,0.8403570674414942,0.15962954628015869,1.3386278489505977e-05,0
1982-09-30,0.03476429653475023,0.8526303206177245,0.11260538284773579,1
1982-10-31,0.0012435366605102448,0.03950369694600714,0.9592527663936404,2
1982-11-30,4.411956576864398e-07,0.0012331758957927837,0.998766382908527,2
1982-12-31,2.16272706706808e-09,4.1665748835027197e-07,0.9999995811795965,2
1983-01-31,5.139669022799585e-10,1.0892093541236974e-08,0.9999999885940271,2
1983-02-28,6.108148307004149e-11,2.6174953797192564e-09,0.9999999973215381,2
1983-03-31,3.004240169783876e-11,1.3906398087218133e-09,0.9999999985793693,2
1983-04-30,1.3065679816231363e-11,4.555862501822228e-10,0.9999999995311555,2
1983-05-31,2.0635262687879052e-11,5.678066480631362e-10,0.9999999994115569,2
1983-06-30,2.7676468757495436e-11,7.205993512966017e-10,0.9999999992519406,2
1983-07-31,4.0185194343457e-09,1.1156548088201002e-09,0.9999999948659024,2
1983-08-31,4.042258820959712e-08,1.460556540816517e-07,0.9999998135217713,2
1983-09-30,3.2119413676737527e-07,6.653799480618805e-08,0.9999996122679319,2
1983-10-31,1.6352565755029923e-05,1.0819636093547876e-06,0.9999825654705158,2
1983-11-30,4.610560758540239e-06,1.741443098910014e-05,0.9999779750084513,2
1983-12-31,2.014894845002902e-06,4.8202770904787065e-06,0.9999931648282513,2
1984-01-31,2.195023438586349e-06,2.3939751607036772e-06,0.9999954110013071,2
1984-02-29,5.210807159085874e-06,2.4560125697694884e-06,0.9999923331800482,2
1984-03-31,2.3764834175676252e-05,5.900922867850498e-06,0.9999703342430858,2
1984-04-30,8.460243989597638e-05,2.5022946075033214e-05,0.9998903746139124,2
1984-05-31,0.00048650385548554753,8.769168030948818e-05,0.9994258044641244,2
1984-06-30,0.0002535134118775696,0.0004945627309173315,0.9992519238573737,2
1984-07-31,6.993870729294781e-06,0.0002570770055783375,0.9997359291238423,2
1984-08-31,9.870135456739614e-07,7.257571391079781e-06,0.9999917554149478,2
1984-09-30,1.437171535102508e-06,1.17652319897781e-06,0.9999973863052725,2
1984-10-31,1.1393209617966139e-05,1.7234851807774519e-06,0.9999868833052324,2
1984-11-30,5.9443598542691396e-05,1.3049657955655132e-05,0.9999275067436939,2
1984-12-31,5.011391407405778e-06,6.081807145668449e-05,0.9999341705370001,2
1985-01-31,1.507640513828021e-07,5.098329163508407e-06,0.999994750906942,2
1985-02-28,3.3248746257624344e-08,1.893030659436232e-07,0.9999997774480355,2
1985-03-31,7.02707995381599e-08,6.648974070130195e-08,0.999999863239291,2
1985-04-30,3.6189596742788954e-09,1.561537106715616e-07,0.9999998402272595,2
1985-05-31,2.962781332262682e-11,2.0168148345088908e-09,0.9999999979536369,2
1985-06-30,4.00384639700318e-10,1.228610336973022e-09,0.999999998371095,2
1985-07-31,4.2401354369286685e-07,2.5457181845619602e-08,0.9999995505291837,2
1985-08-31,1.4593965048324983e-05,1.1682551284719271e-06,0.9999842377797785,2
1985-09-30,7.937963407145822e-06,1.5727618375981385e-05,0.9999763344184439,2
1985-10-31,2.5224375928046803e-07,8.229422753899474e-06,0.9999915183334896,2
1985-11-30,1.2777023532566468e-08,2.86589817548985e-07,0.9999997006330426,2
1985-12-31,1.4587424974181554e-08,2.852418061217836e-08,0.9999999568885878,2
1986-01-31,3.8657690303132864e-08,7.446290770768528e-08,0.9999998868793292,2
1986-02-28,6.271639834189447e-09,6.471108675702357e-08,0.9999999290171243,2
1986-03-31,6.799900149388028e-09,2.5322242459346137e-08,0.9999999678780119,2
1986-04-30,2.332173645984411e-08,4.1217199069779704e-08,0.9999999354608938,2
1986-05-31,1.0609664272001638e-08,5.4906504153296444e-08,0.9999999344836418,2
1986-06-30,6.261252079909002e-09,2.6513474487077084e-08,0.9999999672254495,2
1986-07-31,1.4391613727473993e-09,2.8839721272166707e-08,0.9999999697211028,2
1986-08-31,2.0845894496796098e-09,2.1899609571248806e-09,0.9999999957253749,2
1986-09-30,5.604295556189638e-08,9.138287035699859e-08,0.999999852574103,2
1986-10-31,5.525637407821036e-09,6.368265737040478e-08,0.9999999307915484,2
1986-11-30,4.678639607222942e-08,2.6664373680925865e-08,0.9999999265492105,2
1986-12-31,5.0700178904831125e-09,1.2715704692499551e-07,0.9999998677731216,2
1987-01-31,2.39811806529968e-10,4.3195276650679096e-09,0.9999999954407031,2
1987-02-28,6.13849959235284e-09,6.1339495151122475e-09,0.9999999877277334,2
1987-03-31,1.36437135127614e-07,2.9922442618428585e-08,0.9999998336402453,2
1987-04-30,5.96722354851642e-06,2.4823966396933185e-07,0.9999937845366169,2
1987-05-31,3.838927551307002e-05,6.787881940886662e-06,0.9999548228425483,2
1987-06-30,0.001125054221597934,4.00116617284881e-05,0.9988349341168375,2
1987-07-31,0.004173216481663927,0.001198425684206385,0.9946283578342047,2
1987-08-31,0.022752593284889565,0.004165699038019767,0.9730817076773021,2
1987-09-30,0.0458049584830117,0.02357791470475753,0.9306171268123852,2
1987-10-31,0.9531553373066289,0.04683511581094278,9.546882622535968e-06,0
1987-11-30,0.04764044430428874,0.9523595556877514,7.914298380433354e-12,1
1987-12-31,0.9325185933683745,0.06748140166236677,4.969347461979089e-09,0
1988-01-31,0.06898330830462725,0.931016691651713,4.355860497441239e-11,1
1988-02-29,0.908595080484985,0.09140448827931011,4.3123580557052705e-07,0
1988-03-31,0.09054893725563236,0.9094510402443728,2.2500076226587478e-08,1
1988-04-30,0.8860366843345306,0.1139615676654354,1.7479999176711214e-06,0
1988-05-31,0.11229065766663968,0.8877092660592805,7.627396522209739e-08,1
1988-06-30,0.8653586643764056,0.13464107474255171,2.6088093813149726e-07,0
1988-07-31,0.13262546716463744,0.867374032222821,5.006126325761508e-07,1
1988-08-31,0.8443291291295819,0.1556698562597289,1.0146106972196148e-06,0
1988-09-30,0.15230393882101406,0.8476956029047159,4.5827445247688187e-07,1
1988-10-31,0.8234595504939174,0.17654043151643328,1.798952018132323e-08,0
1988-11-30,0.17573864735222533,0.8242589868735969,2.365774259478195e-06,1
1988-12-31,0.7914189092534186,0.20852283236501473,5.825838160065742e-05,0
1989-01-31,0.20817573491978492,0.7918139881304166,1.0276949886776022e-05,1
1989-02-28,0.7536675150668866,0.2428689895900935,0.0034634953431622864,0
1989-03-31,0.23995186486088704,0.7533586093744614,0.006689525764782558,1
1989-04-30,0.5583882461428162,0.27821152335545046,0.16340023050189567,0
1989-05-31,0.012348759067862545,0.5618447412633286,0.4258064996686278,1
1989-06-30,0.005179864757535814,0.014678143796464248,0.9801419914461947,2
1989-07-31,5.934892830086977e-05,0.0052077163320249234,0.9947329347395673,2
1989-08-31,4.5641926949336786e-05,7.040202578399688e-05,0.9998839560473188,2
1989-09-30,5.516869264195286e-06,4.6945171643430194e-05,0.9999475379592031,2
1989-10-31,2.3661941533257407e-06,5.768962113554185e-06,0.9999918648435445,2
1989-11-30,0.00012988087028230512,2.676168394914344e-06,0.9998674429614909,2
1989-12-31,0.0077146257532031285,0.0002286744317842046,0.9920566998150698,2
1990-01-31,0.9906224996144207,0.009153307193299823,0.00022419319221998494,0
1990-02-28,0.011374360156723192,0.9886221013043192,3.5385391671827867e-06,1
1990-03-31,0.9804209436354402,0.019510457052075943,6.859931248505698e-05,0
1990-04-30,0.02122560202565399,0.9787587404212065,1.5657552976093893e-05,1
1990-05-31,0.9694035495001673,0.03040143606626009,0.00019501443368450416,0
1990-06-30,0.031970478155081104,0.9679553841246163,7.413772011217953e-05,1
1990-07-31,0.9578439572394657,0.042148984951767735,7.05780889558038e-06,0
1990-08-31,0.04213387944514734,0.9578661204639163,9.080054298745602e-11,1
1990-09-30,0.9407839629911288,0.059216037004868285,4.159974237961449e-12,0
1990-10-31,0.0576131667059536,0.9423868332931183,1.1444441947267964e-12,1
1990-11-30,0.9260542524447865,0.07394574714558856,4.0983624745638105e-10,0
1990-12-31,0.07222034788045775,0.9277764346863058,3.217433443791838e-06,1
1991-01-31,0.06250941200737799,0.08684764122400108,0.8506429467687561,2
1991-02-28,0.0013818230462103011,0.06271112198906427,0.9359070549645695,2
1991-03-31,0.0011297711635487222,0.001608729377523987,0.9972614994590282,2
1991-04-30,9.562880064966359e-05,0.0011354048325159598,0.998768966366616,2
1991-05-31,0.000616670389193041,0.00010404451273927101,0.9992792850979866,2
1991-06-30,0.00036934514992989877,0.0006271501499952359,0.9990035046999249,2
1991-07-31,3.0859603291323427e-06,0.0003734900945662148,0.9996234239449119,2
1991-08-31,3.319051550345816e-08,3.1270944569467146e-06,0.9999968397150866,2
1991-09-30,2.9191636286454566e-08,5.755607496973734e-08,0.9999999132523991,2
1991-10-31,1.1269235722761567e-07,1.0097005941122081e-07,0.9999997863374348,2
1991-11-30,4.556770543447008e-08,1.9515496096427278e-07,0.999999759277245,2
1991-12-31,1.8501958541228095e-08,5.6133650067874655e-08,0.9999999253645938,2
1992-01-31,3.686505082953093e-07,6.931097040114921e-08,0.9999995620383793,2
1992-02-29,3.178177324291164e-06,5.945796399582616e-07,0.999996227243014,2
1992-03-31,4.24967864972434e-06,3.6672393865439927e-06,0.9999920830818678,2
1992-04-30,1.1609881504163262e-05,4.536983630918475e-06,0.9999838531346855,2
1992-05-31,6.877631404903154e-05,1.2946170660512334e-05,0.9999182775152619,2
1992-06-30,0.0002366086047552307,7.09043140736072e-05,0.9996924870810076,2
1992-07-31,0.0012173666221641567,0.0002444154324957109,0.998538217945221,2
1992-08-31,0.0033023639941322223,0.001238565672467777,0.9954590703334233,2
1992-09-30,0.0014480530648550418,0.003336834307619753,0.9952151126273419,2
1992-10-31,0.0003300717894754683,0.0014930934894702254,0.9981768347209474,2
1992-11-30,6.824976913471827e-05,0.0003366413874264581,0.9995951088436142,2
1992-12-31,2.1123530484678247e-05,7.098117604851895e-05,0.9999078952933061,2
1993-01-31,3.540432049164613e-06,2.169980611591092e-05,0.9999747597619159,2
1993-02-28,3.5327729542897404e-07,3.846999090139336e-06,0.999995799723546,2
1993-03-31,1.7399778579341574e-07,4.0043061561187304e-07,0.9999994255714968,2
1993-04-30,1.4873923123342244e-07,3.3663570337639127e-07,0.9999995146250781,2
1993-05-31,2.4238645051011278e-08,1.977499567125207e-07,0.9999997780114673,2
1993-06-30,1.749412809105627e-08,4.4313033935431954e-08,0.9999999381930157,2
1993-07-31,1.2561264629881669e-08,6.60455544113252e-08,0.9999999213932855,2
1993-08-31,3.5093764410062e-09,2.3604171034277467e-08,0.999999972886599,2
1993-09-30,3.188545545272593e-09,2.0286675775698083e-08,0.9999999765245777,2
1993-10-31,9.367983940458126e-09,1.3569137566607792e-08,0.9999999770629986,2
1993-11-30,2.2569168336622925e-07,8.762717335203347e-08,0.9999996866809433,2
1993-12-31,1.8554820486021144e-06,3.855499948659706e-07,0.9999977589680029,2
1994-01-31,0.00013448002424205324,2.500240548857213e-06,0.9998630197354363,2
1994-02-28,0.005202140021671319,0.0001786520238541089,0.9946192079543849,2
1994-03-31,0.11119302453677572,0.0054735726553419165,0.8833334028078749,2
1994-04-30,0.05845651259563898,0.11172053239576665,0.8298229550087236,2
1994-05-31,0.47770005799488585,0.060830606700271767,0.46146933530485146,0
1994-06-30,0.24956287982511366,0.4815943137510225,0.2688428064240711,1
1994-07-31,0.6183571308051421,0.25737899599192887,0.12426387320275754,0
1994-08-31,0.28453184854796637,0.6289156332605075,0.08655251819160294,1
1994-09-30,0.6824325381975126,0.2953726064460717,0.022194855356225136,0
1994-10-31,0.29898007849074193,0.6969873709619798,0.004032550547102718,1
1994-11-30,0.6889056886425061,0.3110664070369298,2.790432074896685e-05,0
1994-12-31,0.2981072983742934,0.701888450870614,4.25075501969973e-06,1
1995-01-31,0.6909776186117556,0.309013044685149,9.336703023046403e-06,0
1995-02-28,0.2959693047031267,0.7032230017322909,0.0008076935646199596,1
1995-03-31,0.6618385547463869,0.3072672694127397,0.03089417584093609,0
1995-04-30,0.026490759868656094,0.6792951115536242,0.2942141285778739,1
1995-05-31,0.0002873327451915729,0.027477090541372772,0.9722355767135636,2
1995-06-30,4.9560780298163e-07,0.0002942071367926995,0.9997052972553451,2
1995-07-31,4.0840797077364105e-08,5.164270118081127e-07,0.9999994427322879,2
1995-08-31,6.829965686595014e-09,1.1436355241893307e-07,0.9999998788066551,2
1995-09-30,1.7134712374693177e-10,8.792388043853061e-09,0.999999991036475,2
1995-10-31,4.295248101203644e-11,2.414114672989247e-09,0.9999999975430001,2
1995-11-30,4.157191585638118e-12,3.3999603104050456e-10,0.9999999996557563,2
1995-12-31,4.110623571323198e-12,2.6527336190257727e-10,0.9999999997307896,2
1996-01-31,5.647768055024098e-12,1.58028759923168e-10,0.999999999836291,2
1996-02-29,2.707874391174052e-10,9.958305781679117e-10,0.9999999987335286,2
1996-03-31,2.3242644920780604e-09,6.7456633351348885e-09,0.9999999909300641,2
1996-04-30,4.196671051870576e-09,1.1174176790875605e-08,0.9999999846290849,2
1996-05-31,6.729508408146445e-09,1.4229640676619077e-08,0.9999999790406948,2
1996-06-30,4.5045633693056243e-07,1.609750438765935e-08,0.9999995334461524,2
1996-07-31,1.6639050834656594e-05,1.2570785810412538e-06,0.9999821038705461,2
1996-08-31,2.8831623890136387e-05,1.705711436715592e-05,0.9999541112617392,2
1996-09-30,0.00016916115631508168,3.0210246313770382e-05,0.9998006285974267,2
1996-10-31,0.00011104232790457048,0.00017234140113071283,0.9997166162708878,2
1996-11-30,0.00011160403257233061,0.00011218489752876734,0.9997762110699078,2
1996-12-31,7.976076097390524e-05,0.0001154983227270333,0.999804740916515,2
1997-01-31,1.8914378432182158e-06,8.050820476148329e-05,0.9999176003574418,2
1997-02-28,2.0663198122524952e-07,1.9387472189722466e-06,0.9999978546207152,2
1997-03-31,6.946457311208864e-08,2.9241926160409404e-07,0.9999996381162164,2
1997-04-30,2.7308448366584996e-08,8.966394465432939e-08,0.9999998830276196,2
1997-05-31,8.704762446369066e-08,6.567396153296029e-08,0.9999998472785708,2
1997-06-30,1.3401968629882616e-07,1.7056943078085018e-07,0.9999996954107255,2
1997-07-31,2.9173481082156383e-08,1.8410858094598687e-07,0.9999997867180582,2
1997-08-31,1.2535809464180005e-08,5.753068802092522e-08,0.9999999299334401,2
1997-09-30,9.711307441303818e-09,2.7744876606601436e-08,0.9999999625438256,2
1997-10-31,1.3321546156514845e-08,3.491189288484562e-08,0.9999999517667686,2
1997-11-30,1.2890524744634296e-09,2.328685318086872e-08,0.9999999754240892,2
1997-12-31,3.4002034715332786e-10,2.6835674808482957e-09,0.9999999969763849,2
1998-01-31,3.0586627855963704e-10,7.958828813206824e-09,0.9999999917354216,2
1998-02-28,2.5453750591006576e-11,1.5024677153352548e-09,0.9999999984720489,2
1998-03-31,1.901027030073115e-12,8.716380605552277e-11,0.9999999999108695,2
1998-04-30,3.1578836642576756e-12,1.0019542881873163e-10,0.9999999998967724,2
1998-05-31,8.238491943932476e-12,3.00274245692687e-10,0.9999999996916813,2
1998-06-30,1.4278101029092833e-11,3.216766375641083e-10,0.9999999996639417,2
1998-07-31,7.64166654788274e-09,1.6475027930356467e-09,0.9999999907108759,2
1998-08-31,9.295472337486457e-07,1.6789435257057117e-07,0.9999989025583655,2
1998-09-30,1.0933335820246133e-08,1.0367479893421768e-06,0.9999989523185863,2
1998-10-31,3.483647073400084e-11,6.4523065377379984e-09,0.999999993513029,2
1998-11-30,1.5915704220584302e-11,5.435993942001066e-10,0.9999999994406608,2
1998-12-31,6.1241980186221044e-12,1.7752377638204653e-10,0.9999999998162821,2
1999-01-31,3.798295369630102e-11,7.219216579282847e-11,0.9999999998899511,2
1999-02-28,9.641696448878043e-09,1.1974709691088843e-08,0.9999999783835849,2
1999-03-31,9.903360651726865e-09,2.64983190321083e-08,0.9999999635983847,2
1999-04-30,4.477579433482554e-08,2.8118719892246565e-08,0.9999999271053666,2
1999-05-31,3.92654513400904e-06,1.1102994459147942e-07,0.9999959624251116,2
1999-06-30,0.0009867177578827485,6.298894220532851e-06,0.9990069833479521,2
1999-07-31,0.0746985683056658,0.0014170768797581953,0.9238843548144292,2
1999-08-31,0.921822174460938,0.07696051083296962,0.0012173147060900401,0
1999-09-30,0.07722517975626775,0.9226185444522643,0.00015627579135921047,1
1999-10-31,0.90817663163969,0.09163314911215029,0.00019021924795069087,0
1999-11-30,0.08904597954907813,0.9109387330906258,1.528736035283564e-05,1
1999-12-31,0.8960651726301103,0.10392627935224077,8.5480176428449e-06,0
2000-01-31,0.10006866991830443,0.8999239081086915,7.421972857964512e-06,1
2000-02-29,0.8830285827011856,0.1169678385486074,3.5787504333368134e-06,0
2000-03-31,0.11441227869505127,0.8855804128598872,7.3084449208039415e-06,1
2000-04-30,0.8667775578070624,0.13203257042230707,0.0011898717705498452,0
2000-05-31,0.12958344586881201,0.8701070620271603,0.0003094921040174684,1
2000-06-30,0.8537935719382355,0.1461610195443102,4.5408517430930584e-05,0
2000-07-31,0.14215704688876799,0.857647295027559,0.0001956580836613694,1
2000-08-31,0.8377356966336894,0.16032932156136057,0.0019349818051642785,0
2000-09-30,0.15319827555778803,0.8456593291177317,0.0011423953242595862,1
2000-10-31,0.8328860677540498,0.1669111179444866,0.00020281430168148462,0
2000-11-30,0.16043925829982156,0.8395543020726994,6.439627632676283e-06,1
2000-12-31,0.8287027400619988,0.1712637256356367,3.353430235625735e-05,0
2001-01-31,0.16555924933242358,0.8342041539722758,0.00023659669540307965,1
2001-02-28,0.8159683611977722,0.18401347739974142,1.8161402395646563e-05,0
2001-03-31,0.18119413989447108,0.8188058063691205,5.3736259983621416e-08,1
2001-04-30,0.7953302414123719,0.20466953806785798,2.2051965311386895e-07,0
2001-05-31,0.19960491957949325,0.8003947770717027,3.0334874651113227e-07,1
2001-06-30,0.7779793165314475,0.22202064441893465,3.9049694322220946e-08,0
2001-07-31,0.21540717597000714,0.7845928141466977,9.883309467864975e-09,1
2001-08-31,0.7633361022372297,0.2366638975981256,1.6484420798930685e-10,0
2001-09-30,0.22969459712578139,0.7703054028738503,1.6526291809938614e-13,1
2001-10-31,0.7517924487594753,0.2482075512397151,8.416369013820642e-13,0
2001-11-30,0.24050602677274,0.7594939729685105,2.587271768435587e-10,1
2001-12-31,0.7301092548318631,0.26989074343715974,1.730892112688703e-09,0
2002-01-31,0.2668705473006758,0.7331294476243916,5.074856382076013e-09,1
2002-02-28,0.7005382985045168,0.2994612523156027,4.4917968962471685e-07,0
2002-03-31,0.2969151415072976,0.7030768182785132,8.040214353959092e-06,1
2002-04-30,0.6784669405087387,0.32151315322114504,1.9906269921638137e-05,0
2002-05-31,0.3158612330281054,0.6841286081722815,1.015879952940063e-05,1
2002-06-30,0.6598137750252364,0.340183465629586,2.7593449561740924e-06,0
2002-07-31,0.33499528807436424,0.6650046471706779,6.475475498918232e-08,1
2002-08-31,0.641932880551018,0.3580587995554863,8.319893523326542e-06,0
2002-09-30,0.35276417599938487,0.6472240699629805,1.1754037744226044e-05,1
2002-10-31,0.6260702260551461,0.37382602058246955,0.00010375336257501704,0
2002-11-30,0.36700536930753025,0.6329698722052699,2.4758487253517572e-05,1
2002-12-31,0.6131687834044919,0.3868273350581921,3.881537267130379e-06,0
2003-01-31,0.3802798776249379,0.619720053266713,6.910812737039722e-08,1
2003-02-28,0.6021422340573135,0.39785753294836446,2.3299426841389163e-07,0
2003-03-31,0.3905888372499254,0.6093972289993376,1.3933750767897133e-05,1
2003-04-30,0.5801850497499286,0.405939713887456,0.013875236362481747,0
2003-05-31,0.3857207509663765,0.5933590788804003,0.0209201701533927,1
2003-06-30,0.579371234070383,0.40280799294290603,0.017820772986870993,0
2003-07-31,0.40247837009122983,0.5929623043666256,0.004559325542281987,1
2003-08-31,0.5871485906091181,0.412508477092854,0.00034293229814354707,0
2003-09-30,0.39980525931731475,0.6001718842274935,2.2856455289720285e-05,1
2003-10-31,0.5897761037696558,0.41018895468143896,3.4941548895542065e-05,0
2003-11-30,0.3970972782630059,0.6027397753418646,0.0001629463950223014,1
2003-12-31,0.5914330175448407,0.4084721755196197,9.480693557713558e-05,0
2004-01-31,0.39527983660748833,0.6047067699251579,1.3393467538587486e-05,1
2004-02-29,0.5924243464676232,0.40757512626757997,5.272646495420397e-07,0
2004-03-31,0.39461825659146105,0.605380924434901,8.189736831392473e-07,1
2004-04-30,0.5931739234956821,0.40682306876154495,3.007742906143861e-06,0
2004-05-31,0.3941819370300976,0.6058046317433973,1.3431226724998802e-05,1
2004-06-30,0.5923691199228434,0.407541591889772,8.928818745772227e-05,0
2004-07-31,0.3958495127876241,0.6041130922066676,3.739500564583964e-05,1
2004-08-31,0.5908227713198154,0.40916413567578447,1.3093004453585971e-05,0
2004-09-30,0.39713452144861233,0.6028625445057014,2.9340455743348454e-06,1
2004-10-31,0.5906561009838002,0.4093431349048219,7.641113619256792e-07,0
2004-11-30,0.3975643680250818,0.6024192323848835,1.6399590152257093e-05,1
2004-12-31,0.5892003424652085,0.410693370380257,0.00010628715453252409,0
2005-01-31,0.39791904064205347,0.6019859149082424,9.504444990308827e-05,1
2005-02-28,0.5895649345680045,0.4102922857828113,0.0001427796491953797,0
2005-03-31,0.3977016951236144,0.602254011112567,4.429376386873374e-05,1
2005-04-30,0.5904275803906798,0.4095559674959753,1.6452113286279887e-05,0
2005-05-31,0.3949771917861243,0.6047794204442584,0.00024338776964566398,1
2005-06-30,0.5910904784848505,0.40890782462348685,1.696891714450747e-06,0
2005-07-31,0.3964950708938158,0.6035009160999378,4.013006396065995e-06,1
2005-08-31,0.5899569020507296,0.4100414532511787,1.6446981121943994e-06,0
2005-09-30,0.3981465757382371,0.6018505147608485,2.9095007069829395e-06,1
2005-10-31,0.5891521255495986,0.41079587314945926,5.200130100478266e-05,0
2005-11-30,0.39862735681220235,0.6013489159054279,2.3727282444457564e-05,1
2005-12-31,0.58868658756258,0.41131265275362755,7.596837146594835e-07,0
2006-01-31,0.39944913344376204,0.6005505038925603,3.62663845112365e-07,1
2006-02-28,0.5881888159405991,0.41181029072432235,8.93334936776691e-07,0
2006-03-31,0.39998788878038577,0.6000083248186271,3.7864008984684007e-06,1
2006-04-30,0.5869854377403679,0.41301433505217994,2.2720761735696691e-07,0
2006-05-31,0.40103837091051014,0.5989615531261168,7.596343820013813e-08,1
2006-06-30,0.5851621284701038,0.4148373560762442,5.15453704157733e-07,0
2006-07-31,0.4028357859077895,0.5971638788944252,3.3519760377445644e-07,1
2006-08-31,0.5849745927198489,0.4150244280339344,9.792460212034932e-07,0
2006-09-30,0.40320170836344416,0.5967975252794642,7.663572681650362e-07,1
2006-10-31,0.5858635351118442,0.41411266116431716,2.3803723685135596e-05,0
2006-11-30,0.37515932760876636,0.5997531568676137,0.025087515523801736,1
2006-12-31,0.24014829906923935,0.38640975334381744,0.3734419475870777,2
2007-01-31,0.009498495541594919,0.24627485036715194,0.7442266540911786,2
2007-02-28,0.001672731838191638,0.009781705702357254,0.9885455624595454,2
2007-03-31,0.00014365270961971694,0.001710982849254193,0.99814536444098,2
2007-04-30,1.3564866266744845e-06,0.00014816854650730613,0.9998504749669523,2
2007-05-31,1.5879434899995684e-07,1.362000896270806e-06,0.9999984792045975,2
2007-06-30,6.6049585167555595e-06,3.327204419469412e-07,0.9999930623211736,2
2007-07-31,0.0007376001790177936,8.392891308315594e-06,0.999254006929697,2
2007-08-31,0.01542186214957944,0.0008481131946325764,0.9837300246557602,2
2007-09-30,0.5550750992016336,0.01619966865362474,0.4287252321447482,0
2007-10-31,0.433977386373162,0.5587379441551671,0.007284669471855987,1
2007-11-30,0.5639480955434454,0.4360518970057887,7.45088726363861e-09,0
2007-12-31,0.41563492051279366,0.584365009663349,6.982371842942322e-08,1
2008-01-31,0.581361174211267,0.41863882578779155,9.084956747945315e-13,0
2008-02-29,0.3965642767426842,0.6034357232454437,1.1822278821335295e-11,1
2008-03-31,0.5978229615329897,0.40217703846442465,2.769967982861115e-12,0
2008-04-30,0.3788636154040362,0.6211363841833251,4.1248218438044696e-10,1
2008-05-31,0.615365485911668,0.38463451296924,1.1192084578430925e-09,0
2008-06-30,0.3601501618698063,0.6398498379173865,2.1272094156240577e-10,1
2008-07-31,0.6341333406237348,0.36586665778321886,1.5928302233154283e-09,0
2008-08-31,0.3400637609416963,0.6599359193785105,3.1967991754347553e-07,1
2008-09-30,0.6551033125891834,0.3448966873719634,3.8722305676828797e-11,0
2008-10-31,0.3251901698399224,0.6748098301598493,2.773298287782024e-13,1
2008-11-30,0.6698640079136426,0.3301359920864012,6.408566986700511e-14,0
2008-12-31,0.31394577468602375,0.6860542252932305,2.0798685501389142e-11,1
2009-01-31,0.6788496514942063,0.3211503484555661,5.035407923577797e-11,0
2009-02-28,0.30692414831608106,0.6930758516383597,4.561953436954686e-11,1
2009-03-31,0.6862958595926192,0.313704140014559,3.9268909987213596e-10,0
2009-04-30,0.2988352821621223,0.7011647164223016,1.415765841685037e-09,1
2009-05-31,0.6940189072697143,0.30598108945772656,3.2727304787134337e-09,0
2009-06-30,0.28906837329396873,0.7109313675053014,2.5920088469999234e-07,1
2009-07-31,0.7026115524589924,0.29738782645579726,6.210852468547295e-07,0
2009-08-31,0.2794795351348131,0.7204799261130788,4.0538752014785645e-05,1
2009-09-30,0.7135238601311523,0.2862885880988053,0.00018755177011800772,0
2009-10-31,0.2624755266276197,0.7373695898577936,0.0001548835144936169,1
2009-11-30,0.7304832266330602,0.2695153407387909,1.4326280769021325e-06,0
2009-12-31,0.2538837054076175,0.7461116660656514,4.628526906447794e-06,1
2010-01-31,0.7399577950422516,0.26003941841510547,2.7865425743884493e-06,0
2010-02-28,0.2428598129921238,0.7570528876038936,8.729940414665723e-05,1
2010-03-31,0.7458466715738536,0.24890899256662657,0.005244335859510316,0
2010-04-30,0.046804985527347596,0.7605012104442695,0.1926938040285091,1
2010-05-31,0.0015467123404815455,0.04852779941361046,0.9499254882458257,2
2010-06-30,2.874295518465029e-05,0.0015644383880804948,0.9984068186566204,2
2010-07-31,1.2593258881852663e-06,2.976012452817959e-05,0.9999689805495013,2
2010-08-31,5.970079715938019e-07,1.4127284320267043e-06,0.9999979902633827,2
2010-09-30,1.4164025703849709e-06,7.716403936461292e-07,0.9999978119568659,2
2010-10-31,1.4588131483566785e-06,1.768842228986387e-06,0.9999967723444818,2
2010-11-30,1.793200739346164e-06,1.6634912290944576e-06,0.999996543308106,2
2010-12-31,1.9582245492377534e-06,2.100529691833418e-06,0.9999959412457942,2
2011-01-31,9.670492867062603e-06,2.189429564937368e-06,0.9999881400775193,2
2011-02-28,5.072746819603942e-05,1.1214018315706534e-05,0.999938058513509,2
2011-03-31,2.7476468537072468e-05,5.1830804954779844e-05,0.9999206927263468,2
2011-04-30,6.0103934915607974e-05,2.849603872625833e-05,0.9999114000264067,2
2011-05-31,0.0002892255009292398,6.329428115878131e-05,0.9996474802176847,2
2011-06-30,0.0007208124444937443,0.00029558439079700337,0.9989836031647913,2
2011-07-31,0.00011506948536831855,0.0007302397668325905,0.9991546907479311,2
2011-08-31,0.00021012458238156957,0.00011707767251497111,0.9996727977449362,2
2011-09-30,0.00011395585576607063,0.0002203914170256884,0.9996656527272163,2
2011-10-31,4.111198802037752e-06,0.00011425240730764177,0.99988163639378,2
2011-11-30,4.862653244091984e-06,4.535101634542412e-06,0.9999906022449554,2
2011-12-31,3.52770057350663e-06,5.454277548326787e-06,0.9999910180220943,2
2012-01-31,1.331937114020787e-06,3.831888569512126e-06,0.9999948361743548,2
2012-02-29,4.438441814894284e-07,1.6054363983773598e-06,0.9999979507195428,2
2012-03-31,1.2846781839522614e-07,5.355434396719717e-07,0.9999993359885979,2
2012-04-30,2.215043695436215e-07,2.053411840656443e-07,0.9999995731546735,2
2012-05-31,8.321545271194405e-08,3.8787145974527617e-07,0.999999528913233,2
2012-06-30,1.1291309268123728e-08,1.0283154369951324e-07,0.9999998858770661,2
2012-07-31,2.2420348945728502e-08,4.362370746861722e-08,0.999999933956135,2
2012-08-31,3.793975185531788e-07,7.36556493807327e-08,0.9999995469466856,2
2012-09-30,1.911439096478036e-06,8.022417983914307e-07,0.9999972863193293,2
2012-10-31,9.449003896587301e-07,2.1440212424860884e-06,0.9999969110783654,2
2012-11-30,6.351966465481635e-07,1.129331404291061e-06,0.9999982354717865,2
2012-12-31,4.0542328081481126e-07,7.970675967985121e-07,0.9999987975091198,2
2013-01-31,2.6552208993776894e-07,4.975671844255203e-07,0.9999992369105895,2
2013-02-28,2.1353135491424474e-07,3.590870091454512e-07,0.999999427381845,2
2013-03-31,1.6420621133972973e-07,2.9445080360673107e-07,0.9999995413428365,2
2013-04-30,9.352237893329821e-07,2.458299615156664e-07,0.9999988189463391,2
2013-05-31,3.294415410872571e-05,1.4122304040855965e-06,0.9999656436156559,2
2013-06-30,0.00016366451765353112,3.556801751218768e-05,0.999800767465047,2
2013-07-31,0.0002101389297419481,0.00016609985794496565,0.9996237612122542,2
2013-08-31,0.00029308320406464124,0.00021476135633497474,0.9994921554397461,2
2013-09-30,0.00015801486326319535,0.00029813860319618244,0.9995438465337255,2
2013-10-31,9.420960976879632e-05,0.000161037717257828,0.9997447526728556,2
2013-11-30,8.488553649178666e-05,9.682903605096613e-05,0.9998182854276261,2
2013-12-31,3.7088596647490055e-05,8.674467761075639e-05,0.9998761667257217,2
2014-01-31,1.4299976898837279e-05,3.800621604470191e-05,0.9999476938070531,2
2014-02-28,1.0461300817523918e-05,1.4936524168261967e-05,0.9999746021750304,2
2014-03-31,9.59461219851395e-06,1.1042540659205708e-05,0.9999793628472979,2
2014-04-30,1.7753583285916153e-06,1.0120443091409048e-05,0.9999881041983796,2
2014-05-31,6.435519825356348e-08,1.862440880875795e-06,0.999998073204134,2
2014-06-30,3.529450068174112e-08,8.089640241286044e-08,0.9999998838088754,2
2014-07-31,1.734873919980934e-08,9.527292833232348e-08,0.9999998873781869,2
2014-08-31,3.991379005351351e-09,2.3150599996571685e-08,0.99999997285795,2
2014-09-30,1.1710718686588445e-08,2.4577206397770125e-08,0.9999999637120716,2
2014-10-31,1.179709468172046e-08,3.038271001098663e-08,0.9999999578203651,2
2014-11-30,3.1357925643127825e-08,3.275698789452953e-08,0.9999999358851731,2
2014-12-31,2.3029500883203627e-07,9.644736238407872e-08,0.9999996732577153,2
2015-01-31,1.3990599205013088e-07,3.9690142438246575e-07,0.9999994631927243,2
2015-02-28,9.211471365594784e-08,1.8502113058026934e-07,0.9999997228642699,2
2015-03-31,1.9128546533234333e-07,1.9026668044590104e-07,0.999999618447946,2
2015-04-30,1.9335157802600055e-07,2.896871829106609e-07,0.9999995169611141,2
2015-05-31,1.4291617619863522e-06,2.817917025299344e-07,0.9999982890463883,2
2015-06-30,5.183624594483566e-06,2.0726663825889673e-06,0.9999927437087962,2
2015-07-31,2.529491427027601e-05,5.457136028383568e-06,0.9999692479495101,2
2015-08-31,0.00016489323243519318,3.0165042860418976e-05,0.9998049417246708,2
2015-09-30,4.68673933777038e-06,0.00016582998859223345,0.9998294832721443,2
2015-10-31,7.837419821070578e-07,4.923272535723868e-06,0.9999942929856894,2
2015-11-30,7.880050405004288e-07,9.504872132264043e-07,0.9999982615078457,2
2015-12-31,1.248463219206911e-06,9.518791731422545e-07,0.999997799657796,2
2016-01-31,1.5559476335717833e-05,1.5198765534466382e-06,0.9999829206470785,2
2016-02-29,2.1447351714951556e-05,1.765658556649422e-05,0.9999608960626241,2
2016-03-31,3.626749181038564e-06,2.178241777717736e-05,0.9999745908330101,2
2016-04-30,3.280799229751714e-06,4.024799149275436e-06,0.9999926944018094,2
2016-05-31,1.1091809905939795e-06,3.6216372300574135e-06,0.9999952691817307,2
2016-06-30,2.864135093359297e-07,1.232894753825907e-06,0.9999984806916191,2
2016-07-31,5.034057130332272e-07,4.083957163675689e-07,0.9999990881987806,2
2016-08-31,3.666535609917715e-07,7.069570024933021e-07,0.9999989263893746,2
2016-09-30,1.273059890094357e-06,4.7416179797257817e-07,0.9999982527785308,2
2016-10-31,1.2460776882733885e-05,1.8849508685896205e-06,0.9999856542723508,2
2016-11-30,2.5893069598866615e-05,1.3257778636550249e-05,0.9999608491518135,2
2016-12-31,8.97649174109178e-05,2.7140493901356534e-05,0.9998830945887945,2
2017-01-31,0.00016580007153645435,9.280963511671806e-05,0.9997413902933189,2
2017-02-28,5.480328118545184e-05,0.00016834369962646136,0.9997768530192208,2
2017-03-31,2.2079132926839803e-05,5.608046969965167e-05,0.9999218403973748,2
2017-04-30,1.6845571007911126e-05,2.3025177611530342e-05,0.9999601292515373,2
2017-05-31,3.141996188863889e-05,1.759800899095843e-05,0.9999509820290543,2
2017-06-30,6.521637237261299e-05,3.3131559669607816e-05,0.9999016520680566,2
2017-07-31,0.00010550216958092106,6.67966528530344e-05,0.9998277011776846,2
2017-08-31,0.00018988148569235787,0.00010873009886392614,0.9997013884152425,2
2017-09-30,7.435632121854745e-05,0.0001932227937085427,0.9997324208850479,2
2017-10-31,2.9083522662484116e-05,7.592266220649932e-05,0.9998949938150838,2
2017-11-30,1.667441732283467e-05,3.0171018542473996e-05,0.9999531545640584,2
2017-12-31,2.015530887315534e-06,1.7445981616823853e-05,0.9999805384875099,2
2018-01-31,1.2683813871036666e-06,2.1177131676517377e-06,0.9999966139055717,2
2018-02-28,5.620256051657596e-06,1.578581763665743e-06,0.9999928011620707,2
2018-03-31,1.3821663673569902e-05,6.122273178641369e-06,0.9999800560632812,2
2018-04-30,3.235759834620772e-05,1.4594049528801516e-05,0.9999530483523368,2
2018-05-31,6.140027652278807e-05,3.362092220800192e-05,0.9999049788012373,2
2018-06-30,1.8421560756138066e-05,6.296099355594061e-05,0.9999186174457431,2
2018-07-31,2.9114439089066978e-06,1.8777087852351895e-05,0.9999783114682075,2
2018-08-31,3.6997656657232505e-06,3.122939286017782e-06,0.9999931772950648,2
2018-09-30,0.00010561874455110007,4.183918229888563e-06,0.9998901973373766,2
2018-10-31,0.0006031607571747739,0.00011418134574483308,0.9992826578968909,2
2018-11-30,0.00048126014114612475,0.0006060015052242333,0.9989127383538523,2
2018-12-31,0.005411558876473644,0.0005088620560834055,0.994079579067574,2
2019-01-31,0.00034446278659455563,0.005433158526287529,0.9942223786872453,2
2019-02-28,5.5120600541529084e-05,0.00036512318612060804,0.999579756213504,2
2019-03-31,1.7459512479622372e-06,5.653826309204207e-05,0.9999417157856627,2
2019-04-30,1.3740757767802075e-06,1.8904562666197953e-06,0.9999967354677746,2
2019-05-31,2.3282951606591191e-07,2.111508109887342e-06,0.9999976556623745,2
2019-06-30,7.862342350450241e-09,2.385230279966093e-07,0.9999997536147324,2
2019-07-31,8.43714365422121e-08,5.976597799986784e-08,0.9999998558623806,2
2019-08-31,1.0385648168692954e-07,2.6253021461023953e-07,0.9999996336133098,2
2019-09-30,1.1039393830380693e-09,2.1998578011817652e-07,0.9999997789105026,2
2019-10-31,7.516525812227732e-12,1.2207064457517645e-09,0.9999999987717274,2
2019-11-30,6.64618109181427e-09,5.038178488395961e-09,0.9999999883157217,2
2019-12-31,6.217293353520214e-05,2.713465722711926e-07,0.9999375557197214,2
2020-01-31,0.0011439684267123755,8.288150527843795e-05,0.9987731500680529,2
2020-02-29,0.9972532107535184,0.0027430705278956163,3.718718555328633e-06,0
2020-03-31,0.004701313047825854,0.9952986869521203,8.525497778370355e-16,1
2020-04-30,0.9791529301522692,0.020847069736877593,1.1095164270126739e-10,0
2020-05-31,0.022641140500653214,0.9773582427025723,6.167967897759767e-07,1
2020-06-30,0.957536912474102,0.04246286371293339,2.2381290759417405e-07,0
2020-07-31,0.04394991575930079,0.9560494781620281,6.060786013925817e-07,1
2020-08-31,0.9341627936354356,0.06578403775282937,5.316861162148782e-05,0
2020-09-30,0.0705001029280529,0.9294993328069758,5.642650361167499e-07,1
2020-10-31,0.8988394800619512,0.10116039098969225,1.2894844457522433e-07,0
2020-11-30,0.10592447923307259,0.894065988304391,9.53246266029185e-06,1
2020-12-31,0.8528622398944374,0.14683967450886193,0.0002980855964784506,0
2021-01-31,0.1518585900138684,0.8481412576932879,1.522929723652472e-07,1
2021-02-28,0.8132231356415799,0.18677679276712686,7.15912292017489e-08,0
2021-03-31,0.18965804786249463,0.8103419521250639,1.2291124974819713e-11,1
2021-04-30,0.7728429491150235,0.22715704222853048,8.65660766190236e-09,0
2021-05-31,0.22720023325317737,0.772799762604974,4.1416704786426805e-09,1
2021-06-30,0.7354455364018179,0.26455442005005925,4.3547941863627525e-08,0
2021-07-31,0.2648199861526329,0.7351796095107093,4.043368759234036e-07,1
2021-08-31,0.6985751024382515,0.30141763660249576,7.260959428332843e-06,0
2021-09-30,0.3009978666028293,0.6990012601310377,8.732659199634792e-07,1
2021-10-31,0.6552483545874573,0.3447514367769116,2.0863548961445384e-07,0
2021-11-30,0.34699682458863595,0.6530001773061994,2.998105164172847e-06,1
2021-12-31,0.59966640879693,0.3994904210086678,0.0008431701942844242,0
2022-01-31,0.4028839287105897,0.5970321821252536,8.388916415992434e-05,1
2022-02-28,0.5400546183837912,0.4591638153359747,0.0007815662803618687,0
2022-03-31,0.46214409598555495,0.5378023000025587,5.360401179983561e-05,1
2022-04-30,0.4910444422986578,0.5089117143828779,4.3843318654060854e-05,0
2022-05-31,0.5054551959610943,0.49453270265854277,1.2101380546786418e-05,1
2022-06-30,0.4577917030451292,0.5422035296446736,4.767310159713428e-06,0
2022-07-31,0.5373033417931994,0.4626952477759301,1.4104309461058038e-06,1
2022-08-31,0.43975956201873023,0.5602385914761693,1.8465050518959671e-06,0
2022-09-30,0.555713928036143,0.44428491362924394,1.1583348323071262e-06,1
2022-10-31,0.420942145701696,0.5790536016545986,4.2526438222444695e-06,0
2022-11-30,0.5742539649696289,0.4257382867739062,7.74825657987582e-06,1
2022-12-31,0.4047590581230337,0.5952284270980303,1.2514778801490033e-05,0
2023-01-31,0.5906763808171271,0.40929360187507363,3.0017307910687416e-05,1
2023-02-28,0.38466313608927555,0.6152575539921068,7.930991843910246e-05,0
2023-03-31,0.6104427346833982,0.3895329892148845,2.4276101865767346e-05,1
2023-04-30,0.36319005130847476,0.6365583673112858,0.00025158138012599184,0
2023-05-31,0.6034574169506748,0.3768120684707775,0.019730514578757873,1
2023-06-30,0.13728632592657528,0.6296806831482192,0.23303299092530527,2
2023-07-31,0.01700231916359679,0.14410937325194687,0.8388883075843364,2
2023-08-31,0.0004783283542457694,0.01734298896891228,0.9821786826768901,2
2023-09-30,5.227542598501263e-05,0.0005016891641981384,0.9994460354097264,2
2023-10-31,5.231430433982446e-06,5.385263830548374e-05,0.9999409159311046,2
2023-11-30,4.612192266014986e-07,5.519400914717977e-06,0.9999940193799045,2
2023-12-31,6.348570504792934e-08,5.203116725625035e-07,0.9999994162027973,2
2024-01-31,1.6477004661153037e-08,1.1298741367114925e-07,0.9999998705357113,2
2024-02-29,5.657991632366016e-09,2.567900656773091e-08,0.9999999686629057,2
2024-03-31,1.5776714205376176e-07,2.3064073439336102e-08,0.9999998191688227,2
2024-04-30,1.623993624615213e-05,4.22687006893752e-07,0.9999833373768866,2
2024-05-31,2.6140600379437928e-05,1.7901574093617497e-05,0.9999559578253865,2
2024-06-30,4.532535911324516e-06,2.653529827886553e-05,0.9999689321658852,2
2024-07-31,8.11957275380437e-07,4.854790799668171e-06,0.9999943332519741,2
2024-08-31,1.037486557352026e-07,8.81573165385121e-07,0.9999990146780271,2
2024-09-30,7.644169893082742e-08,1.4421576293251277e-07,0.9999997793425125,2
2024-10-31,8.327777157745818e-08,1.505100598837285e-07,0.9999997662121405,2
2024-11-30,5.537425077620094e-07,1.0998896734936016e-07,0.9999993362687221,2
2024-12-31,1.1917731953151992e-05,1.0308434660274736e-06,0.9999870514245012,2
2025-01-31,2.5634042186907968e-05,1.2388824073865438e-05,0.9999619771336468,2
2025-02-28,0.0007601146163692841,2.7068888668881693e-05,0.9992128164948532,2
2025-03-31,0.00019960333250137376,0.000777130794606216,0.9990232658729501,2
2025-04-30,1.836016168526237e-06,0.00020020673951060502,0.9997979572442606,2
2025-05-31,5.166457412793469e-07,1.978743819060242e-06,0.9999975046102221,2
2025-06-30,5.100128314369128e-07,6.21636125200766e-07,0.9999988683509436,2
2025-07-31,1.01709380428558e-06,6.121330220713739e-07,0.9999983707729909,2
2025-08-31,1.0607739014157466e-06,1.2336063571616317e-06,0.9999977056198932,2
2025-09-30,6.997953813198713e-06,1.1597823358217718e-06,0.9999918422637035,2
2025-10-31,0.0004016395300743451,8.90597760898055e-06,0.9995894544921605,2
