date,market,yield_curve,oil,copper,monetary_policy,volatility,stock_bond_corr
1962-01-31,68.83999633789062,-2.3200000286102296,,,2.7300000190734863,0.0939236517405319,
1962-02-28,69.95999908447266,-2.3100000381469727,,,2.7100000381469727,0.06456967228011055,
1962-03-31,69.55000305175781,-2.3640000104904173,,,2.75,0.05772273181648859,
1962-04-30,65.23999786376953,-2.3540000200271605,,,2.740000009536743,0.09842062438104615,
1962-05-31,59.630001068115234,-2.3100000381469727,,,2.700000047683716,0.34710786071950334,
1962-06-30,54.75,-2.5000000953674317,,,2.9000000953674316,0.26802296367302963,
1962-07-31,58.22999954223633,-2.4559998989105223,,,2.859999895095825,0.14330887879213747,
1962-08-31,59.119998931884766,-2.4139999389648437,,,2.809999942779541,0.09376412248556153,
1962-09-30,56.27000045776367,-2.346000003814697,,,2.740000009536743,0.12108717731544019,
1962-10-31,56.52000045776367,-2.328000020980835,,,2.7200000286102295,0.19811701225321243,
1962-11-30,62.2599983215332,-2.467999887466431,,,2.859999895095825,0.10170773130895605,
1962-12-31,63.099998474121094,-2.5350000858306885,,,2.9200000762939453,0.08822490951218154,
1963-01-31,66.19999694824219,-2.543000078201294,,,2.930000066757202,0.08018972115495726,-0.2415235853802551
1963-02-28,64.29000091552734,-2.5060000896453856,,,2.9000000953674316,0.07219472232857382,-0.25077055946785864
1963-03-31,66.56999969482422,-2.515000081062317,,,2.9100000858306885,0.0615200128163154,-0.3158018600762525
1963-04-30,69.80000305175781,-2.50500009059906,,,2.9000000953674316,0.051860719445054014,-0.3491015499696038
1963-05-31,70.80000305175781,-2.6039999961853026,,,3.0,0.060502364254600434,-0.29572266749093234
1963-06-30,69.37000274658203,-2.5900000095367433,,,2.990000009536743,0.06106326427528381,-0.004798870629686311
1963-07-31,69.12999725341797,-2.8699999809265138,,,3.2699999809265137,0.077303556476123,-0.11037207071005661
1963-08-31,72.5,-2.9880001068115236,,,3.390000104904175,0.051797510491428,-0.09722664082704538
1963-09-30,71.69999694824219,-2.962999868392944,,,3.369999885559082,0.06647338814245297,-0.32266631217653075
1963-10-31,74.01000213623047,-3.0650000095367433,,,3.4800000190734863,0.08031166700636248,-0.2926275529431168
1963-11-30,73.2300033569336,-3.0920000076293945,,,3.5,0.19911583176113448,-0.05382429553841702
1963-12-31,75.0199966430664,-3.096000003814697,,,3.509999990463257,0.055565887546071224,-0.03629816491719726
1964-01-31,77.04000091552734,-3.084999990463257,,,3.5,0.040785682106880806,-0.042309143692947145
1964-02-29,77.80000305175781,-3.181999921798706,,,3.5999999046325684,0.031957604119430605,0.15801170849168492
1964-03-31,78.9800033569336,-3.0869999885559083,,,3.509999990463257,0.03614727240683574,0.18342955970966662
1964-04-30,79.45999908447266,-3.028000068664551,,,3.450000047683716,0.05540029404723627,0.32246108149780556
1964-05-31,80.37000274658203,-3.0510000228881835,,,3.4700000286102295,0.05763691955215117,0.30282276158864
1964-06-30,81.69000244140625,-3.0550000190734865,,,3.4700000286102295,0.0682535330612538,0.3891586381774075
1964-07-31,83.18000030517578,-3.0510000228881835,,,3.4700000286102295,0.04238401698831017,0.3842659616126325
1964-08-31,81.83000183105469,-3.0789999961853027,,,3.5,0.07237196302878968,0.3789532820408921
1964-09-30,84.18000030517578,-3.131999969482422,,,3.549999952316284,0.040748384386845075,0.4133436729850606
1964-10-31,84.86000061035156,-3.133999967575073,,,3.549999952316284,0.04780931742478212,0.28383848588552474
1964-11-30,84.41999816894531,-3.419999933242798,,,3.8399999141693115,0.052109884810691474,-0.10706445651593141
1964-12-31,84.75,-3.3989999294281006,,,3.819999933242798,0.05441442038914131,-0.28776034061406164
1965-01-31,87.55999755859375,-3.450999879837036,,,3.869999885559082,0.039746786897708164,-0.39874138214308386
1965-02-28,87.43000030517578,-3.5680000305175783,,,3.990000009536743,0.07128143675064451,-0.44724255035520155
1965-03-31,86.16000366210938,-3.5100000858306886,,,3.930000066757202,0.04017189744949428,-0.41530408344648007
1965-04-30,89.11000061035156,-3.489000082015991,,,3.9100000858306885,0.036896890268982574,-0.319734346383797
1965-05-31,88.41999816894531,-3.4469998836517335,,,3.869999885559082,0.0651366691788453,-0.36031672058629255
1965-06-30,84.12000274658203,-3.3899999618530274,,,3.809999942779541,0.1557922277518599,0.04341470852519647
1965-07-31,85.25,-3.387999963760376,,,3.809999942779541,0.08044606203642167,-0.013404129037558799
1965-08-31,87.16999816894531,-3.47300009727478,,,3.9000000953674316,0.032474572966325076,0.15027947733370986
1965-09-30,89.95999908447266,-3.584999990463257,,,4.019999980926514,0.05622702365221964,0.4421484291707661
1965-10-31,92.41999816894531,-3.61899995803833,,,4.059999942779541,0.04390834175391137,0.5229067155029573
1965-11-30,91.61000061035156,-3.6820001125335695,,,4.130000114440918,0.04271913513764413,0.4275203745383534
1965-12-31,92.43000030517578,-4.024999761581421,,,4.489999771118164,0.060972572659346344,0.29085649995373297
1966-01-31,92.87999725341797,-4.161000108718872,,,4.630000114440918,0.04356006127050323,0.4412096534944152
1966-02-28,91.22000122070312,-4.137999868392944,,,4.639999866485596,0.06497245769091535,-0.01201715915984328
1966-03-31,89.2300033569336,-4.048999977111817,,,4.519999980926514,0.09187249189103297,0.1887173864440643
1966-04-30,91.05999755859375,-4.1710000991821286,,,4.650000095367432,0.06592494891480855,0.24435937664803184
1966-05-31,86.12999725341797,-4.159999847412109,,,4.639999866485596,0.15057642755738987,0.24158294695636512
1966-06-30,84.73999786376953,-4.08299994468689,,,4.579999923706055,0.07852007576300571,0.1271925575978861
1966-07-31,83.5999984741211,-4.264999961853027,,,4.769999980926514,0.11275646612210385,0.1390955334008794
1966-08-31,77.0999984741211,-4.523999929428101,,,5.059999942779541,0.1860064922190288,-0.17531562298326653
1966-09-30,76.55999755859375,-4.838000154495239,,,5.340000152587891,0.1416003428544257,-0.1830151136763717
1966-10-31,80.19999694824219,-4.722999811172485,,,5.21999979019165,0.17469826506273933,-0.2510940225425463
1966-11-30,80.44999694824219,-4.647999858856201,,,5.159999847412109,0.0988759904450471,-0.2286562857971677
1966-12-31,80.33000183105469,-4.3459999561309814,,,4.809999942779541,0.08882149290285758,-0.2722683203293969
1967-01-31,86.61000061035156,-4.058000230789185,,,4.510000228881836,0.07597915111713963,-0.2999541101709507
1967-02-28,86.77999877929688,-4.067999982833863,,,4.539999961853027,0.07534587471325374,-0.2621099025717015
1967-03-31,90.19999694824219,-3.5600002288818358,,,4.010000228881836,0.06669938262034183,-0.3913483601976798
1967-04-30,94.01000213623047,-3.2519999980926513,,,3.7300000190734863,0.10076151211239985,-0.2757398621742495
1967-05-31,89.08000183105469,-2.9790000438690187,,,3.4600000381469727,0.09811644947476891,-0.28609522352737216
1967-06-30,90.63999938964844,-3.478000020980835,,,4.0,0.10647429307659131,-0.199211574998621
1967-07-31,94.75,-3.603999900817871,,,4.119999885559082,0.053970045843265244,-0.20479980507952286
1967-08-31,93.63999938964844,-3.853000116348267,,,4.380000114440918,0.051633257415785616,-0.015256981607750807
1967-09-30,96.70999908447266,-3.8589998722076415,,,4.389999866485596,0.06393421202497908,-0.11084002599927006
1967-10-31,93.30000305175781,-3.9959999561309814,,,4.559999942779541,0.08281056142489755,-0.21944852247357943
1967-11-30,94.0,-4.375999832153321,,,4.949999809265137,0.11670125433226518,-0.2139640557809167
1967-12-31,96.47000122070312,-4.469999980926514,,,5.039999961853027,0.058735056482497466,-0.4176387395218749
1968-01-31,92.23999786376953,-4.326000118255616,,,4.880000114440918,0.0702405224299406,-0.05959361129408069
1968-02-29,89.36000061035156,-4.46399998664856,,,5.019999980926514,0.10399951336825389,-0.02682263389256653
1968-03-31,90.19999694824219,-4.594000053405762,,,5.170000076293945,0.13244502311554804,0.1607159933199861
1968-04-30,97.45999908447266,-4.93600025177002,,,5.510000228881836,0.13502386910400946,-0.08238016014958176
1968-05-31,98.68000030517578,-5.093999814987183,,,5.679999828338623,0.06812681450437015,-0.1375901065839881
1968-06-30,99.58000183105469,-4.736000204086304,,,5.300000190734863,0.10358316489959046,-0.20158921788583667
1968-07-31,97.73999786376953,-4.631000089645386,,,5.170000076293945,0.09730335046811693,-0.028588029879172815
1968-08-31,98.86000061035156,-4.637999820709228,,,5.179999828338623,0.069032211768337,-0.004153173190407117
1968-09-30,102.66999816894531,-4.610999870300293,,,5.159999847412109,0.05054401352712435,0.013659293245166118
1968-10-31,103.41000366210938,-4.9190000057220455,,,5.480000019073486,0.05972621622833712,0.2894671241404285
1968-11-30,108.37000274658203,-4.9419999599456785,,,5.519999980926514,0.05380807626685874,0.3816151899745332
1968-12-31,103.86000061035156,-5.634000015258789,,,6.25,0.07218751100459135,0.05215151552814819
1969-01-31,103.01000213623047,-5.571000051498413,,,6.190000057220459,0.08674749681061134,-0.10229134503914174
1969-02-28,98.12999725341797,-5.564000034332276,,,6.190000057220459,0.08212825080531648,-0.12956824096868585
1969-03-31,101.51000213623047,-5.359999752044677,,,5.989999771118164,0.07827729330394793,-0.1355362983497449
1969-04-30,103.69000244140625,-5.249999904632569,,,5.869999885559082,0.08159768929453788,-0.11668347720427004
1969-05-31,103.45999908447266,-5.423999929428101,,,6.079999923706055,0.07341023086269953,-0.146540656714394
1969-06-30,97.70999908447266,-5.616999959945678,,,6.289999961853027,0.08745522742382333,-0.19078278882782088
1969-07-31,91.83000183105469,-6.39399995803833,,,7.059999942779541,0.16485022185965417,-0.135007279529582
1969-08-31,95.51000213623047,-6.266999816894531,,,6.949999809265137,0.10284616615266183,-0.07183205617803394
1969-09-30,93.12000274658203,-6.3889998435974125,,,7.139999866485596,0.10506978971976912,-0.13439595620960246
1969-10-31,97.12000274658203,-6.295999765396118,,,6.989999771118164,0.08439994346900524,-0.3398549502470238
1969-11-30,93.80999755859375,-6.781000232696533,,,7.510000228881836,0.07691748482630431,-0.42389179962484813
1969-12-31,92.05999755859375,-7.222000217437744,,,8.010000228881836,0.11635138001709303,-0.3807411597103659
1970-01-31,85.0199966430664,-7.085000133514404,,,7.860000133514404,0.10201352899335844,-0.21815624205198597
1970-02-28,89.5,-6.159999895095825,,,6.849999904632568,0.12448493634658321,-0.43465916853836145
1970-03-31,89.62999725341797,-5.672000122070313,,,6.380000114440918,0.10977320927901285,-0.4418366269140935
1970-04-30,81.5199966430664,-6.147999811172485,,,6.929999828338623,0.11906698778458558,-0.5349318298602505
1970-05-31,76.55000305175781,-6.134999847412109,,,6.929999828338623,0.31518631404331987,-0.5462392651605934
1970-06-30,72.72000122070312,-5.721999788284302,,,6.489999771118164,0.16551388321531987,-0.48942015217963225
1970-07-31,78.05000305175781,-5.6420001029968265,,,6.380000114440918,0.15324835914398935,-0.561157776183971
1970-08-31,81.5199966430664,-5.580999946594238,,,6.329999923706055,0.14777897288853603,-0.5677394445526317
1970-09-30,84.30000305175781,-5.1110001564025875,,,5.840000152587891,0.11197391341204839,-0.5950826243739693
1970-10-31,83.25,-5.107000160217285,,,5.840000152587891,0.11420003415729534,-0.5504735646231256
1970-11-30,87.19999694824219,-4.390999984741211,,,5.039999961853027,0.10137752333030947,-0.5934031992145138
1970-12-31,92.1500015258789,-4.199999904632568,,,4.849999904632568,0.07034521757648042,-0.563561581413571
1971-01-31,95.87999725341797,-3.5410000801086428,,,4.150000095367432,0.07712505293178387,-0.6392975152840513
1971-02-28,96.75,-2.786000108718872,,,3.4000000953674316,0.07925738854562873,-0.6132324282136222
1971-03-31,100.30999755859375,-3.08700008392334,,,3.640000104904175,0.07345251057737341,-0.6252392536901886
1971-04-30,103.94999694824219,-3.3220000743865965,,,3.930000066757202,0.056795557845258964,-0.23096625721424072
1971-05-31,99.62999725341797,-3.702000141143799,,,4.340000152587891,0.07714930574471834,-0.27492736917287736
1971-06-30,98.69999694824219,-4.549999809265136,,,5.21999979019165,0.10050181142265283,-0.4879958130411903
1971-07-31,95.58000183105469,-4.624999952316284,,,5.309999942779541,0.08560652769853679,-0.47968861026675785
1971-08-31,99.02999877929688,-3.812000036239624,,,4.440000057220459,0.1723620661167301,-0.5537177896416977
1971-09-30,98.33999633789062,-3.9999999046325683,,,4.599999904632568,0.08097461550353781,-0.5113146677991423
1971-10-31,94.2300033569336,-3.7229999542236327,,,4.309999942779541,0.08541581696328784,-0.443737096714518
1971-11-30,93.98999786376953,-3.7470001697540285,,,4.340000152587891,0.15301392985888954,-0.34745636798511115
1971-12-31,102.08999633789062,-3.0910000801086426,,,3.680000066757202,0.09357261463107357,-0.3205374734794584
1972-01-31,103.94000244140625,-2.7409998893737795,,,3.3499999046325684,0.07701399431980209,-0.2419245799197875
1972-02-29,106.56999969482422,-2.85600004196167,,,3.4600000381469727,0.05754830466198395,-0.24547741286949956
1972-03-31,107.19999694824219,-3.2179999351501465,,,3.8299999237060547,0.07878121797019971,-0.14743078913125476
1972-04-30,107.66999816894531,-3.0160001277923585,,,3.630000114440918,0.07345066134157976,-0.3462299364044795
1972-05-31,109.52999877929688,-3.2049999237060547,,,3.809999942779541,0.09074269034131138,-0.2395248837258408
1972-06-30,107.13999938964844,-3.444999933242798,,,4.059999942779541,0.06522591780811958,-0.23207711109359302
1972-07-31,107.38999938964844,-3.187999963760376,,,3.799999952316284,0.08705499164936048,-0.1449171495779508
1972-08-31,111.08999633789062,-3.908000183105469,,,4.550000190734863,0.07330349469893108,0.22228329909550895
1972-09-30,110.55000305175781,-3.8960001945495604,,,4.550000190734863,0.07923252926951146,0.11966276203361258
1972-10-31,111.58000183105469,-4.119000244140625,,,4.760000228881836,0.1027207040543169,-0.10222807090868621
1972-11-30,116.66999816894531,-4.252000093460083,,,4.880000114440918,0.07349530962653034,-0.2001169648503921
1972-12-31,118.05000305175781,-4.498999881744385,,,5.139999866485596,0.08021897716494734,-0.11864395280427453
1973-01-31,116.02999877929688,-5.02599983215332,,,5.679999828338623,0.07963296450965847,-0.24454358519602537
1973-02-28,111.68000030517578,-5.185999917984009,,,5.849999904632568,0.12322123849506036,-0.23461248936459556
1973-03-31,111.5199966430664,-5.727000093460083,,,6.400000095367432,0.13862157192236615,-0.2420309918493661
1973-04-30,106.97000122070312,-5.560000038146972,,,6.230000019073486,0.13781370928525793,-0.1175051314983596
1973-05-31,104.94999694824219,-6.227000093460083,,,6.920000076293945,0.19590204422310575,-0.1177337449568905
1973-06-30,104.26000213623047,-6.825999975204468,,,7.519999980926514,0.16501006310567481,-0.09777779892393253
1973-07-31,108.22000122070312,-7.576999711990356,,,8.319999694824219,0.1501093493935533,0.2230065136196477
1973-08-31,104.25,-7.93499984741211,,,8.65999984741211,0.10671003890761634,0.24551490156394545
1973-09-30,108.43000030517578,-6.290000009536743,,,6.980000019073486,0.10397236334999584,-0.04441600035264156
1973-10-31,108.29000091552734,-6.689000129699707,,,7.360000133514404,0.12855330081342775,-0.02176664590822671
1973-11-30,95.95999908447266,-6.631000185012818,,,7.300000190734863,0.21707516728008475,0.12468733542374726
1973-12-31,97.55000305175781,-6.770000028610229,,,7.460000038146973,0.26372924705934947,0.15080776112471667
1974-01-31,96.56999969482422,-6.780000019073486,,,7.480000019073486,0.20747337108872682,0.15635125650152099
1974-02-28,96.22000122070312,-6.759000015258789,,,7.460000038146973,0.15997253843734827,0.17300287646641477
1974-03-31,93.9800033569336,-7.538999748229981,,,8.279999732971191,0.14513884474267671,0.11605379117439665
1974-04-30,90.30999755859375,-8.133999633789063,,,8.899999618530273,0.14470245948085164,0.0480440569289848
1974-05-31,87.27999877929688,-7.327999925613403,,,8.079999923706055,0.13826675979824943,0.08992124147635436
1974-06-30,86.0,-6.576000165939331,,,7.340000152587891,0.16962454723621861,0.0931519967484693
1974-07-31,79.30999755859375,-6.881000089645386,,,7.670000076293945,0.2407149511888208,-0.26571766394783597
1974-08-31,72.1500015258789,-8.119000339508057,,,8.930000305175781,0.23462517071535954,-0.3659121268323389
1974-09-30,63.540000915527344,-5.3259998798370365,,,6.119999885559082,0.32380502751762186,0.14513178318380596
1974-10-31,73.9000015258789,-7.02100019454956,,,7.800000190734863,0.3313821480413267,-0.15588647495092875
1974-11-30,69.97000122070312,-6.705999803543091,,,7.46999979019165,0.20748957248680908,-0.175311746969754
1974-12-31,68.55999755859375,-6.319999933242798,,,7.059999942779541,0.21880019054686856,-0.21376112964991695
1975-01-31,76.9800033569336,-4.926999807357788,,,5.679999828338623,0.19358725454021866,-0.11815781654853308
1975-02-28,81.58999633789062,-4.654000091552734,,,5.400000095367432,0.17115332731907962,-0.15196248352501723
1975-03-31,83.36000061035156,-4.729000186920166,,,5.53000020980835,0.1711861653903575,-0.04342908476199071
1975-04-30,87.30000305175781,-4.66899995803833,,,5.5,0.16161785862203193,0.04273168195315685
1975-05-31,91.1500015258789,-4.395999813079834,,,5.199999809265137,0.14691553802280913,-0.041569087472131075
1975-06-30,95.19000244140625,-5.064000129699707,,,5.860000133514404,0.1257665051018273,-0.04930388833426514
1975-07-31,88.75,-5.4300000190734865,,,6.25,0.11371243738161858,-0.03723835751522599
1975-08-31,86.87999725341797,-5.538000106811523,,,6.360000133514404,0.1710749917292291,0.056566792964611416
1975-09-30,83.87000274658203,-5.7319999694824215,,,6.579999923706055,0.16805217661881017,-0.1484038147768045
1975-10-31,89.04000091552734,-4.719000244140625,,,5.510000228881836,0.14723901205837697,-0.14582743873170712
1975-11-30,91.23999786376953,-4.725999927520752,,,5.539999961853027,0.10039873381204856,-0.22641161540027852
1975-12-31,90.19000244140625,-4.423999786376953,,,5.199999809265137,0.12799454062594365,-0.2048065682871229
1976-01-31,100.86000061035156,-3.95,,,4.730000019073486,0.1308904703059025,-0.2593585831135616
1976-02-29,99.70999908447266,-4.223000001907349,,,5.0,0.13849063871584405,-0.2313595688846782
1976-03-31,102.7699966430664,-4.203999805450439,,,4.96999979019165,0.12307191016626869,-0.28979003184395646
1976-04-30,101.63999938964844,-4.142999839782715,,,4.909999847412109,0.11222680127355533,-0.39912323520133447
1976-05-31,100.18000030517578,-4.693999767303467,,,5.489999771118164,0.10918929705113908,-0.392831498677602
1976-06-30,104.27999877929688,-4.583999872207642,,,5.369999885559082,0.10434604693699086,-0.39640865372660267
1976-07-31,103.44000244140625,-4.384000062942505,,,5.170000076293945,0.07806086886517953,-0.30304141700645626
1976-08-31,102.91000366210938,-4.3240001678466795,,,5.090000152587891,0.09649299898495918,-0.26112196232490104
1976-09-30,105.23999786376953,-4.304999923706054,,,5.059999942779541,0.10408615517119642,-0.14317406766876312
1976-10-31,102.9000015258789,-4.147999858856201,,,4.889999866485596,0.12535140644154474,0.14286737708478137
1976-11-30,102.0999984741211,-3.719000053405762,,,4.420000076293945,0.12699320304560732,0.16913860257346988
1976-12-31,107.45999908447266,-3.6590001583099365,,,4.340000152587891,0.07545633875043127,0.027948467517553643
1977-01-31,102.02999877929688,-3.9799997806549072,,,4.71999979019165,0.08491581915996332,-0.5627432398702745
1977-02-28,99.81999969482422,-3.954999828338623,,,4.699999809265137,0.06353869806888793,-0.5713503958292242
1977-03-31,98.41999816894531,-3.797999954223633,,,4.539999961853027,0.0848119584376739,-0.5657214446057498
1977-04-30,98.44000244140625,-3.9450000762939452,,,4.690000057220459,0.11158376052850724,-0.5621592443100648
1977-05-31,96.12000274658203,-4.292000198364258,,,5.03000020980835,0.08776726630891907,-0.5372828646646399
1977-06-30,100.4800033569336,-4.2600000381469725,,,4.980000019073486,0.07355452640593416,-0.5720757937911277
1977-07-31,98.8499984741211,-4.658000087738037,,,5.400000095367432,0.08726726207484163,-0.5787305185141595
1977-08-31,96.7699966430664,-4.831999921798706,,,5.559999942779541,0.08110164778152264,-0.5576804206528782
1977-09-30,96.52999877929688,-5.148999881744385,,,5.889999866485596,0.07646626271092509,-0.5374036852519848
1977-10-31,92.33999633789062,-5.4179998397827145,,,6.179999828338623,0.08936169319882857,-0.6079041061325917
1977-11-30,94.83000183105469,-5.284999942779541,,,6.039999961853027,0.13036690451417973,-0.7150195913687669
1977-12-31,95.0999984741211,-5.352000093460083,,,6.130000114440918,0.0889819437991985,-0.6138015065393239
1978-01-31,89.25,-5.6260000705719,,,6.420000076293945,0.09541796046179746,-0.49487712410267465
1978-02-28,87.04000091552734,-5.616000080108643,,,6.420000076293945,0.09590245146087957,-0.505151551585016
1978-03-31,89.20999908447266,-5.654999828338623,,,6.46999979019165,0.08650095412283,-0.4494815614113568
1978-04-30,96.83000183105469,-5.525999927520752,,,6.349999904632568,0.1339982109928726,-0.29776077426283176
1978-05-31,97.23999786376953,-5.808000087738037,,,6.650000095367432,0.11272460164909526,-0.36048117632993193
1978-06-30,95.52999877929688,-6.148000240325928,,,7.010000228881836,0.11270684252624383,-0.2259138304347216
1978-07-31,100.68000030517578,-5.904000186920166,,,6.760000228881836,0.094976884802172,-0.3323769497839457
1978-08-31,103.29000091552734,-6.700999927520752,,,7.539999961853027,0.07936523319935213,-0.5234634904601099
1978-09-30,102.54000091552734,-7.123999977111817,,,7.980000019073486,0.10934624314736051,-0.5276452417990558
1978-10-31,93.1500015258789,-7.853999996185303,,,8.75,0.1434410520290349,-0.6653079109776566
1978-11-30,94.69999694824219,-8.12400026321411,,,9.010000228881836,0.19823870508469094,-0.639021943080992
1978-12-31,96.11000061035156,-8.345000267028809,,,9.260000228881836,0.1477665264653775,-0.5904192768788344
1979-01-31,99.93000030517578,-8.394999980926514,,,9.289999961853027,0.10694833618153093,-0.6238372484788356
1979-02-28,96.27999877929688,-8.532999801635743,,,9.449999809265137,0.10255751843927316,-0.6577446033860552
1979-03-31,101.58999633789062,-8.528999614715577,,,9.4399995803833,0.09023684346766078,-0.6854913911195156
1979-04-30,101.76000213623047,-8.625000381469727,,,9.5600004196167,0.09142859963696368,-0.7800277707838306
1979-05-31,99.08000183105469,-8.663999652862548,,,9.569999694824219,0.10616794669934221,-0.5699029130814648
1979-06-30,102.91000366210938,-8.068999767303467,,,8.949999809265137,0.07932770072324832,-0.589252866819175
1979-07-31,103.80999755859375,-8.279000282287598,,,9.180000305175781,0.09409598363348633,-0.5702498558597999
1979-08-31,109.31999969482422,-8.886000442504884,,,9.8100004196167,0.06881830790233966,-0.4282977225821998
1979-09-30,109.31999969482422,-9.175999927520753,,,10.119999885559082,0.12490444502186071,-0.42258148523585837
1979-10-31,101.81999969482422,-11.047999858856201,,,12.119999885559082,0.16746143710528952,-0.6200617321806166
1979-11-30,106.16000366210938,-10.451999759674072,,,11.489999771118164,0.1356261536278235,-0.6510767263434833
1979-12-31,107.94000244140625,-11.006999969482422,,,12.039999961853027,0.07937750721071281,-0.6614872777638277
1980-01-31,114.16000366210938,-10.886999988555909,,,12.0,0.1231113227395972,-0.39670280376986405
1980-02-29,113.66000366210938,-12.738000202178956,,,14.010000228881836,0.1576743391872814,-0.4147513199810013
1980-03-31,102.08999633789062,-12.975999736785889,,,14.239999771118164,0.2280229874874645,-0.14854187498010055
1980-04-30,106.29000091552734,-9.31400032043457,,,10.390000343322754,0.18176694529688148,-0.2660065672185349
1980-05-31,111.23999786376953,-6.725,,,7.75,0.13322145964145937,-0.3375719895638125
1980-06-30,114.23999786376953,-6.871000099182129,,,7.880000114440918,0.1295510989033472,-0.33033571653682403
1980-07-31,121.66999816894531,-7.543999862670899,,,8.619999885559082,0.12080604261120442,-0.25335715408520704
1980-08-31,122.37999725341797,-8.805000019073486,,,9.960000038146973,0.1465881633861642,-0.26811572290262775
1980-09-30,125.45999908447266,-10.253999614715577,,,11.4399995803833,0.18206875453678176,-0.2646977797004655
1980-10-31,127.47000122070312,-11.464000034332276,,,12.710000038146973,0.15699123651892624,-0.10119024432889337
1980-11-30,140.52000427246094,-13.207999515533448,,,14.479999542236328,0.16770897194853795,-0.05291812705645296
1980-12-31,135.75999450683594,-13.057000160217285,,,14.300000190734863,0.17417933051238713,0.0014823721321489246
1981-01-31,129.5500030517578,-13.322000122070312,,,14.59000015258789,0.13810780535939748,-0.06379340535634656
1981-02-28,131.27000427246094,-12.87700023651123,,,14.220000267028809,0.14038935992835022,-0.014140381753107749
1981-03-31,136.0,-11.14700002670288,,,12.460000038146973,0.15791371734440063,-0.08460443957222062
1981-04-30,132.80999755859375,-13.448999691009522,,,14.859999656677246,0.10088715236446617,-0.11697732239704522
1981-05-31,132.58999633789062,-13.750000381469727,,,15.100000381469727,0.10817572829451876,0.05640042011117938
1981-06-30,131.2100067138672,-12.893999767303466,,,14.279999732971191,0.11179445937381849,0.07660301451479963
1981-07-31,130.9199981689453,-13.402999877929688,,,14.869999885559082,0.11116322446193455,-0.03685909170795339
1981-08-31,122.79000091552734,-13.979000473022461,,,15.520000457763672,0.144514295421901,-0.15227809991522323
1981-09-30,116.18000030517578,-12.756000137329101,,,14.34000015258789,0.18172900699388495,-0.1649569773232311
1981-10-31,121.88999938964844,-11.286999988555909,,,12.75,0.15550365749626582,-0.3647374283473583
1981-11-30,126.3499984741211,-9.05699987411499,,,10.369999885559082,0.15388785592743226,-0.6309070401730711
1981-12-31,122.55000305175781,-9.681999969482423,,,11.079999923706055,0.10466374672371699,-0.6939279167328399
1982-01-31,120.4000015258789,-11.106000423431396,,,12.520000457763672,0.17812931599819845,-0.7160266096060038
1982-02-28,113.11000061035156,-11.036999607086182,,,12.4399995803833,0.18791095078505995,-0.6941449957730293
1982-03-31,111.95999908447266,-11.842000198364257,,,13.260000228881836,0.14890938709357984,-0.7023819422684102
1982-04-30,116.44000244140625,-10.953000164031982,,,12.34000015258789,0.12113152320277648,-0.7032838594551896
1982-05-31,111.87999725341797,-10.128999996185303,,,11.5,0.10029117790893317,-0.6756434667092951
1982-06-30,109.61000061035156,-11.316000270843507,,,12.760000228881836,0.13601933121801604,-0.6722281647779159
1982-07-31,107.08999633789062,-8.802000045776367,,,10.170000076293945,0.10846737835922562,-0.6957629829206359
1982-08-31,119.51000213623047,-7.139000034332275,,,8.420000076293945,0.2638123369214027,-0.6349828659867506
1982-09-30,120.41999816894531,-6.44699993133545,,,7.619999885559082,0.1631764449419079,-0.5782621085947178
1982-10-31,133.72000122070312,-6.829000091552734,,,7.900000095367432,0.26519862101612107,-0.5854388468481871
1982-11-30,138.52999877929688,-7.200999736785889,,,8.279999732971191,0.25938602967329877,-0.5629088386001319
1982-12-31,140.63999938964844,-6.8840001106262205,,,7.920000076293945,0.17636420729070684,-0.5376582900076168
1983-01-31,145.3000030517578,-7.020000362396241,,,8.100000381469727,0.20171899563918858,-0.4383245083564979
1983-02-28,148.05999755859375,-6.902999782562256,,,7.929999828338623,0.15502275632200163,-0.4394705624068127
1983-03-31,152.9600067138672,-7.5780003547668455,,,8.640000343322754,0.11874505291582173,-0.36940158249120897
1983-04-30,164.42999267578125,-7.052999877929688,,,8.079999923706055,0.12244068243317975,-0.3621711570480766
1983-05-31,162.38999938964844,-7.549000072479248,,,8.630000114440918,0.11679857273224169,-0.44032938830820906
1983-06-30,167.63999938964844,-7.69399995803833,,,8.789999961853027,0.1286723124055124,-0.327759144484855
1983-07-31,162.55999755859375,-8.044000244140625,,,9.220000267028809,0.17088773514570366,-0.6124734997797773
1983-08-31,164.39999389648438,-8.062000274658203,,,9.260000228881836,0.13046064097036755,-0.5467419894214389
1983-09-30,166.07000732421875,-7.566000080108642,,,8.710000038146973,0.114656995589565,-0.6690772963679774
1983-10-31,163.5500030517578,-7.336000251770019,,,8.510000228881836,0.11807095543502459,-0.4710220736090622
1983-11-30,166.39999389648438,-7.717000102996826,,,8.880000114440918,0.10148674426431645,-0.47935854329726785
1983-12-31,164.92999267578125,-7.788000297546387,,,8.970000267028809,0.08149660524982905,-0.5093616124251943
1984-01-31,163.41000366210938,-7.723000335693359,,,8.890000343322754,0.09948075405951616,-0.5323467235960141
1984-02-29,157.05999755859375,-7.936000347137451,,,9.140000343322754,0.15777974218025426,-0.5670927569255694
1984-03-31,159.17999267578125,-8.46700029373169,,,9.720000267028809,0.1278853978434553,-0.5937969153320444
1984-04-30,160.0500030517578,-8.438000297546386,,,9.720000267028809,0.11434000008315762,-0.4571550176283441
1984-05-31,150.5500030517578,-8.35900001525879,,,9.75,0.08653081369428071,-0.6547983050014178
1984-06-30,153.17999267578125,-8.536000061035157,,,9.920000076293945,0.1442398331542645,-0.715078034747614
1984-07-31,150.66000366210938,-9.108999633789063,,,10.399999618530273,0.10384383405670751,-0.4399057860684353
1984-08-31,166.67999267578125,-9.351000118255616,,,10.630000114440918,0.15037237543371645,-0.3639349422512351
1984-09-30,166.10000610351562,-8.973000240325927,,,10.220000267028809,0.10915162386888176,-0.345723617940212
1984-10-31,166.08999633789062,-7.831000232696534,,,9.010000228881836,0.12017953846051095,-0.29981203064660766
1984-11-30,163.5800018310547,-7.281999588012695,,,8.4399995803833,0.11285213522824493,-0.2768333615705747
1984-12-31,167.24000549316406,-6.694999885559082,,,7.849999904632568,0.1206218184287056,-0.26908390773999724
1985-01-31,179.6300048828125,-6.933000183105468,,,8.050000190734863,0.12087261126706172,-0.3312190879560867
1985-02-28,181.17999267578125,-7.309000015258789,,,8.5,0.0963982957945744,-0.2636893047712386
1985-03-31,180.66000366210938,-7.015000343322754,,,8.180000305175781,0.10040708802558922,-0.2614824204173655
1985-04-30,179.8300018310547,-6.708999919891357,,,7.849999904632568,0.07610827756788195,-0.2482229891877435
1985-05-31,189.5500030517578,-6.111999893188477,,,7.139999866485596,0.08589984576593247,-0.0164153754269872
1985-06-30,191.85000610351562,-5.804999923706054,,,6.829999923706055,0.10090372602323212,-0.023911504456967072
1985-07-31,190.9199981689453,-6.223000240325928,,,7.28000020980835,0.09452582411555306,-0.22817806277451214
1985-08-31,188.6300048828125,-6.111999893188477,,,7.139999866485596,0.08531919717958651,-0.3513649650579001
1985-09-30,182.0800018310547,-6.008999919891357,,,7.039999961853027,0.10087092826903518,-0.39060537890511454
1985-10-31,189.82000732421875,-6.189000034332276,,,7.190000057220459,0.08429441415256253,-0.4560331140282267
1985-11-30,202.1699981689453,-6.20099983215332,,,7.159999847412109,0.09730748257866548,-0.5079383647491428
1985-12-31,211.27999877929688,-6.150000190734863,,,7.050000190734863,0.11926437522367471,-0.5421735874635215
1986-01-31,211.77999877929688,-6.061999797821045,,,6.96999979019165,0.15333930962492062,-0.5700216775542658
1986-02-28,226.9199981689453,-6.206999969482422,,,7.019999980926514,0.11011087677346663,-0.7526327882593079
1986-03-31,238.89999389648438,-5.601000165939331,,,6.340000152587891,0.12456396133467193,-0.777840150311474
1986-04-30,235.52000427246094,-5.361999893188477,,,6.099999904632568,0.16688644962610505,-0.7977171601507383
1986-05-31,247.35000610351562,-5.495000171661377,,,6.300000190734863,0.12515833191259315,-0.49254201098658773
1986-06-30,250.83999633789062,-5.225000047683716,,,5.960000038146973,0.14164974553111292,-0.43851519197376626
1986-07-31,236.1199951171875,-5.0559999465942385,,,5.789999961853027,0.16785202844503774,-0.41372520737103086
1986-08-31,252.92999267578125,-4.475000095367432,,,5.170000076293945,0.11333250892694088,-0.42915488221946957
1986-09-30,231.32000732421875,-4.454999828338623,,,5.199999809265137,0.22342437447059812,-0.5603656533934233
1986-10-31,243.97999572753906,-4.465999794006348,,,5.199999809265137,0.10046434367205684,-0.5343910747690928
1986-11-30,249.22000122070312,-4.674999856948853,,,5.389999866485596,0.15141639523591233,-0.5236827932522881
1986-12-31,242.1699981689453,-4.9470000743865965,,,5.670000076293945,0.12396713701820829,-0.5209518272542154
1987-01-31,274.0799865722656,-4.881999921798706,,,5.599999904632568,0.14690469347468957,-0.3910174141028965
1987-02-28,284.20001220703125,-4.7309998035430905,,,5.449999809265137,0.1314265443970509,-0.31026898611054243
1987-03-31,291.70001220703125,-4.859000110626221,,,5.610000133514404,0.15534336943889038,-0.24312698505984365
1987-04-30,288.3599853515625,-4.709000205993652,,,5.53000020980835,0.2300322700329912,-0.29325411313356653
1987-05-31,290.1000061035156,-4.830999851226807,,,5.679999828338623,0.18273806709863102,-0.4208354254199381
1987-06-30,304.0,-4.892000007629394,,,5.730000019073486,0.10968005778364262,-0.5477003400796097
1987-07-31,318.6600036621094,-5.204000186920166,,,6.070000171661377,0.09259686558086067,-0.6106223736548057
1987-08-31,329.79998779296875,-5.35,,,6.25,0.1468637135549766,-0.5501273615354572
1987-09-30,321.8299865722656,-5.647000122070312,,,6.610000133514404,0.17732091975896117,-0.5371778595532963
1987-10-31,251.7899932861328,-4.381999969482422,,,5.269999980926514,0.9901787234700185,0.41986077971866603
1987-11-30,230.3000030517578,-4.311000061035156,,,5.210000038146973,0.3075326796303752,0.44043819798418266
1987-12-31,247.0800018310547,-4.796999835968018,,,5.679999828338623,0.28843848939850775,0.3554009305303939
1988-01-31,257.07000732421875,-4.813999843597412,,,5.639999866485596,0.34358430137714285,0.33519551933607217
1988-02-29,267.82000732421875,-4.803999900817871,,,5.619999885559082,0.1594973580737865,0.31863550430582127
1988-03-31,258.8900146484375,-4.853000068664551,,,5.710000038146973,0.14244718101697404,0.27255034371309106
1988-04-30,261.3299865722656,-5.093000030517578,,,5.980000019073486,0.210859589549579,0.3159702870628386
1988-05-31,262.1600036621094,-5.509999847412109,,,6.429999828338623,0.17837074924059407,0.31335680631392737
1988-06-30,273.5,-5.677999973297119,,,6.559999942779541,0.1596260596880523,0.2689826570172013
1988-07-31,272.0199890136719,-6.037999820709229,,,6.949999809265137,0.15824412760258266,0.23938853596247464
1988-08-31,261.5199890136719,-6.3750001907348635,,,7.300000190734863,0.12911649895499785,0.19873045686111454
1988-09-30,271.9100036621094,-6.363000011444091,,,7.25,0.1180534385760053,0.17530863092111057
1988-10-31,278.9700012207031,-6.495000171661377,,,7.360000133514404,0.14141378202909033,-0.6230078942622596
1988-11-30,273.70001220703125,-6.923999881744384,,,7.829999923706055,0.13016952334266513,-0.7626628684374513
1988-12-31,277.7200012207031,-7.186000347137451,,,8.100000381469727,0.08791918393699823,-0.8089860929323801
1989-01-31,297.4700012207031,-7.48900032043457,,,8.390000343322754,0.09602829069430575,-0.7642907415319351
1989-02-28,288.8599853515625,-7.778000068664551,,,8.710000038146973,0.12593475477190036,-0.7702601983897279
1989-03-31,294.8699951171875,-7.969999599456787,,,8.899999618530273,0.12415380989351536,-0.7412401961564836
1989-04-30,309.6400146484375,-7.5079998016357425,,,8.40999984741211,0.10388603492965041,-0.7885302089270516
1989-05-31,320.5199890136719,-7.749999618530273,,,8.609999656677246,0.11205076174484314,-0.7947110892822744
1989-06-30,317.9800109863281,-7.179999732971192,,,7.989999771118164,0.1330214146568629,-0.5961384738726742
1989-07-31,346.0799865722656,-7.018000173568725,,,7.800000190734863,0.0964597007112928,-0.5804565759888158
1989-08-31,351.45001220703125,-7.063999843597412,,,7.889999866485596,0.12821943882860617,-0.5095050487434831
1989-09-30,349.1499938964844,-7.078999805450439,,,7.909999847412109,0.0836546465860288,-0.5034034540346461
1989-10-31,340.3599853515625,-6.977999973297119,,,7.769999980926514,0.26960154269026293,-0.33580704226813235
1989-11-30,345.989990234375,-6.806000137329102,,,7.590000152587891,0.10247537648308327,-0.2350406433050587
1989-12-31,353.3999938964844,-6.757000207901001,,,7.550000190734863,0.10900742121921188,-0.22426981292967607
1990-01-31,329.0799865722656,-6.896999740600586,,,7.739999771118164,25.360000610351562,-0.46799391553641795
1990-02-28,331.8900146484375,-6.91899995803833,,,7.769999980926514,21.989999771118164,-0.41040121886269115
1990-03-31,339.94000244140625,-6.935000228881836,,,7.800000190734863,19.729999542236328,-0.3884546087905316
1990-04-30,330.79998779296875,-6.885999965667724,,,7.789999961853027,19.520000457763672,-0.40839471442413355
1990-05-31,361.2300109863281,-6.889999961853027,,,7.75,17.3700008392334,-0.49360690572519966
1990-06-30,358.0199890136719,-6.896999740600586,,,7.739999771118164,15.5,-0.5816027349126714
1990-07-31,356.1499938964844,-6.6539998054504395,,,7.489999771118164,21.110000610351562,-0.5051136011741973
1990-08-31,322.55999755859375,-6.503999900817871,,,7.389999866485596,29.899999618530273,-0.7045577956436705
1990-09-30,306.04998779296875,-6.257999897003174,,,7.139999866485596,29.110000610351562,-0.6544633719089946
1990-10-31,304.0,-6.245000171661377,,,7.110000133514404,30.040000915527344,-0.7582833771213103
1990-11-30,322.2200012207031,-6.19399995803833,,,7.019999980926514,22.15999984741211,-0.7926990023252778
1990-12-31,330.2200012207031,-5.632000064849853,,,6.440000057220459,26.3799991607666,-0.8188540411901263
1991-01-31,343.92999267578125,-5.38700008392334,,,6.190000057220459,20.90999984741211,-0.7654049959709106
1991-02-28,367.07000732421875,-5.23799991607666,,,6.039999961853027,21.229999542236328,-0.715573666011577
1991-03-31,375.2200012207031,-4.934999752044678,,,5.739999771118164,16.8799991607666,-0.7398013242113772
1991-04-30,375.3399963378906,-4.708000183105469,,,5.510000228881836,18.239999771118164,-0.7499959226405294
1991-05-31,389.8299865722656,-4.72400016784668,,,5.53000020980835,15.930000305175781,-0.6264565217126696
1991-06-30,371.1600036621094,-4.715999984741211,,,5.539999961853027,19.549999237060547,-0.6949250749884728
1991-07-31,387.80999755859375,-4.710000228881836,,,5.53000020980835,15.180000305175781,-0.6928373672831838
1991-08-31,395.42999267578125,-4.547999906539917,,,5.329999923706055,14.460000038146973,-0.3495336274647848
1991-09-30,387.8599853515625,-4.363000154495239,,,5.110000133514404,15.850000381469727,-0.15927177304195275
1991-10-31,392.45001220703125,-4.073000192642212,,,4.820000171661377,15.479999542236328,-0.20425597419115074
1991-11-30,375.2200012207031,-3.6119998931884765,,,4.349999904632568,20.260000228881836,-0.008024609411342108
1991-12-31,417.0899963378906,-3.2090001106262207,,,3.880000114440918,19.309999465942383,-0.4625239288685171
1992-01-31,408.7799987792969,-3.1089999198913576,,,3.8399999141693115,17.399999618530273,-0.5094136908124532
1992-02-29,412.70001220703125,-3.203000068664551,,,3.930000066757202,16.68000030517578,-0.5639462082506104
1992-03-31,403.69000244140625,-3.2960001945495607,,,4.050000190734863,16.18000030517578,-0.5996918651077857
1992-04-30,414.95001220703125,-2.9390000343322753,,,3.700000047683716,15.529999732971191,-0.5784645737274627
1992-05-31,415.3500061035156,-2.96700005531311,,,3.700000047683716,13.859999656677246,-0.5867705979523079
1992-06-30,408.1400146484375,-2.8559999465942383,,,3.569999933242798,13.350000381469727,-0.5230142082459337
1992-07-31,424.2099914550781,-2.5080000877380373,,,3.180000066757202,13.170000076293945,-0.58860656508363
1992-08-31,414.0299987792969,-2.4980000972747805,,,3.1600000858306885,13.579999923706055,-0.5724935065660197
1992-09-30,417.79998779296875,-2.053000068664551,,,2.690000057220459,14.279999732971191,-0.6393101412706778
1992-10-31,418.67999267578125,-2.280000019073486,,,2.9600000381469727,16.149999618530273,-0.5967019858565865
1992-11-30,431.3500061035156,-2.575,,,3.2699999809265137,13.010000228881836,-0.6201874187761106
1992-12-31,435.7099914550781,-2.409999942779541,,,3.0799999237060547,12.569999694824219,-0.36114752390036614
1993-01-31,438.7799987792969,-2.2610001087188722,,,2.9000000953674316,12.420000076293945,-0.19748244132064566
1993-02-28,443.3800048828125,-2.3470000267028808,,,2.950000047683716,13.15999984741211,-0.2108587555893943
1993-03-31,451.6700134277344,-2.2870000839233398,,,2.890000104904175,12.529999732971191,-0.0008444852776321828
1993-04-30,440.19000244140625,-2.305000066757202,,,2.9100000858306885,12.420000076293945,-0.1670907808841272
1993-05-31,450.19000244140625,-2.4439999580383303,,,3.059999942779541,13.470000267028809,-0.10810600352255927
1993-06-30,450.5299987792969,-2.449999952316284,,,3.0299999713897705,11.260000228881836,-0.11770921916468828
1993-07-31,448.1300048828125,-2.446999979019165,,,3.0299999713897705,11.729999542236328,0.06324924967606363
1993-08-31,463.55999755859375,-2.4650000095367433,,,3.009999990463257,11.850000381469727,-0.1225185872997702
1993-09-30,458.92999267578125,-2.3800000667572023,,,2.9200000762939453,12.989999771118164,-0.13192413873278847
1993-10-31,467.8299865722656,-2.4911999702453613,,,3.0299999713897705,11.460000038146973,-0.04979231080316366
1993-11-30,461.7900085449219,-2.5605000972747805,,,3.140000104904175,13.760000228881836,-0.40444825694210057
1993-12-31,466.45001220703125,-2.4217000007629395,,,3.0,11.65999984741211,-0.3885290195060824
1994-01-31,481.6099853515625,-2.4062000274658204,,,2.9700000286102295,10.630000114440918,-0.4109865701730341
1994-02-28,467.1400146484375,-2.744999885559082,,,3.359999895095825,14.869999885559082,-0.6031080270240043
1994-03-31,445.7699890136719,-2.7926000118255616,,,3.4700000286102295,20.450000762939453,-0.7345490459533057
1994-04-30,450.9100036621094,-3.156499910354614,,,3.859999895095825,13.770000457763672,-0.7462210116156132
1994-05-31,456.5,-3.454800081253052,,,4.170000076293945,13.029999732971191,-0.7676336753776158
1994-06-30,444.2699890136719,-3.4070998668670653,,,4.139999866485596,14.970000267028809,-0.8283775762636832
1994-07-31,458.260009765625,-3.5605000019073487,,,4.269999980926514,11.130000114440918,-0.8596722070450246
1994-08-31,475.489990234375,-3.843499946594238,,,4.559999942779541,11.970000267028809,-0.7966332626225747
1994-09-30,462.7099914550781,-3.9101000785827638,,,4.670000076293945,14.279999732971191,-0.8740652711688107
1994-10-31,472.3500061035156,-4.24069995880127,,,5.019999980926514,14.5600004196167,-0.8489599273991257
1994-11-30,453.69000244140625,-4.761200189590454,,,5.550000190734863,15.949999809265137,-0.7347511019725468
1994-12-31,459.2699890136719,-4.7473001956939695,,,5.53000020980835,13.199999809265137,-0.7346965527935935
1995-01-31,470.4200134277344,-5.080700159072876,,,5.840000152587891,11.960000038146973,-0.7188691675401344
1995-02-28,487.3900146484375,-5.028999996185303,,,5.75,11.75,-0.7252936041863107
1995-03-31,500.7099914550781,-4.981099796295166,,,5.699999809265137,13.369999885559082,-0.6093026251175953
1995-04-30,514.7100219726562,-4.985400056838989,,,5.690000057220459,11.75,-0.6592997796691971
1995-05-31,533.4000244140625,-5.001400136947632,,,5.630000114440918,12.850000381469727,-0.64471236926621
1995-06-30,544.75,-4.809699821472168,,,5.429999828338623,11.380000114440918,-0.61371100164461
1995-07-31,562.0599975585938,-4.777100086212158,,,5.420000076293945,13.489999771118164,-0.5174897707455784
1995-08-31,561.8800048828125,-4.6427000045776365,,,5.269999980926514,11.520000457763672,-0.5455536121357197
1995-09-30,584.4099731445312,-4.624299764633179,,,5.239999771118164,12.739999771118164,-0.35693129447759164
1995-10-31,581.5,-4.709699964523315,,,5.309999942779541,13.829999923706055,-0.36899226086838544
1995-11-30,605.3699951171875,-4.745500183105468,,,5.320000171661377,11.579999923706055,-0.2325797089828555
1995-12-31,615.9299926757812,-4.402500057220459,,,4.960000038146973,12.520000457763672,-0.20289921461004384
1996-01-31,636.02001953125,-4.351899862289429,,,4.909999847412109,12.529999732971191,-0.16224022732120846
1996-02-29,640.4299926757812,-4.268800115585327,,,4.880000114440918,17.040000915527344,-0.2909951125428114
1996-03-31,645.5,-4.366599988937378,,,5.0,18.8799991607666,-0.3543527725690565
1996-04-30,654.1699829101562,-4.346700239181518,,,5.010000228881836,15.829999923706055,-0.37075728668347413
1996-05-31,669.1199951171875,-4.355599975585937,,,5.039999961853027,16.06999969482422,-0.20082190098457886
1996-06-30,670.6300048828125,-4.3589002132415775,,,5.03000020980835,13.680000305175781,-0.11481019912896416
1996-07-31,639.9500122070312,-4.500999832153321,,,5.179999828338623,19.459999084472656,-0.17413422225346975
1996-08-31,651.989990234375,-4.446399879455567,,,5.139999866485596,17.010000228881836,-0.20825019056675353
1996-09-30,687.3300170898438,-4.240099859237671,,,4.909999847412109,16.950000762939453,-0.2927151471291716
1996-10-31,705.27001953125,-4.375100231170654,,,5.010000228881836,18.110000610351562,-0.38852347978862073
1996-11-30,757.02001953125,-4.385999774932861,,,4.989999771118164,17.139999389648438,-0.4636107349008629
1996-12-31,740.739990234375,-4.409300184249878,,,5.050000190734863,20.920000076293945,-0.5456013105286932
1997-01-31,786.1599731445312,-4.35970025062561,,,5.010000228881836,19.469999313354492,-0.48805133887760804
1997-02-28,790.8200073242188,-4.416500186920166,,,5.070000171661377,21.100000381469727,-0.5036875313152556
1997-03-31,757.1199951171875,-4.47930006980896,,,5.170000076293945,22.139999389648438,-0.5909727437291701
1997-04-30,801.3400268554688,-4.429799890518188,,,5.099999904632568,20.059999465942383,-0.6514606503735758
1997-05-31,848.280029296875,-4.153700160980224,,,4.820000171661377,19.190000534057617,-0.6656560093873383
1997-06-30,885.1400146484375,-4.399800205230713,,,5.050000190734863,21.530000686645508,-0.709603950068321
1997-07-31,954.3099975585938,-4.499599885940552,,,5.099999904632568,21.479999542236328,-0.7973568986958945
1997-08-31,899.469970703125,-4.4570001602172855,,,5.090000152587891,24.760000228881836,-0.8272019470626613
1997-09-30,947.280029296875,-4.359299802780152,,,4.96999979019165,22.90999984741211,-0.8266877378105597
1997-10-31,914.6199951171875,-4.478099966049195,,,5.059999942779541,35.09000015258789,-0.6912933136860641
1997-11-30,955.4000244140625,-4.474899959564209,,,5.059999942779541,27.43000030517578,-0.6423808936344308
1997-12-31,970.4299926757812,-4.6260998249053955,,,5.199999809265137,24.010000228881836,-0.596639816056356
1998-01-31,980.280029296875,-4.488799953460694,,,5.039999961853027,21.469999313354492,-0.6562402853603645
1998-02-28,1049.3399658203125,-4.618399810791016,,,5.179999828338623,18.549999237060547,-0.5349727226036075
1998-03-31,1101.75,-4.423799753189087,,,4.989999771118164,24.219999313354492,-0.3379261851967479
1998-04-30,1111.75,-4.283299922943115,,,4.849999904632568,21.18000030517578,-0.33197483387256604
1998-05-31,1090.8199462890625,-4.335399866104126,,,4.889999866485596,21.31999969482422,-0.3285741190166896
1998-06-30,1133.8399658203125,-4.426599788665771,,,4.96999979019165,19.709999084472656,-0.3197748720880479
1998-07-31,1120.6700439453125,-4.400599813461303,,,4.949999809265137,24.799999237060547,-0.12462402436856546
1998-08-31,957.280029296875,-4.25680022239685,,,4.760000228881836,44.279998779296875,0.7310499128958747
1998-09-30,1017.010009765625,-3.809000015258789,,,4.25,40.95000076293945,0.38568373650150706
1998-10-31,1098.6700439453125,-3.7497000217437746,,,4.210000038146973,28.049999237060547,0.43769336217378824
1998-11-30,1163.6300048828125,-3.9474000930786133,,,4.420000076293945,26.010000228881836,0.4561923359392325
1998-12-31,1229.22998046875,-3.8861999034881594,,,4.349999904632568,24.420000076293945,0.449778758616692
1999-01-31,1279.6400146484375,-3.8947001457214356,,,4.360000133514404,26.25,0.4522192052002196
1999-02-28,1238.3299560546875,-4.0228002071380615,,,4.550000190734863,27.8799991607666,0.1496510752839084
1999-03-31,1286.3699951171875,-3.836600112915039,,,4.360000133514404,23.260000228881836,0.13775101478084778
1999-04-30,1335.1800537109375,-3.8949998378753663,,,4.429999828338623,25.06999969482422,0.1519685752611052
1999-05-31,1301.8399658203125,-3.9489002227783203,,,4.510000228881836,25.389999389648438,0.07767749211388811
1999-06-30,1372.7099609375,-4.089000082015991,,,4.670000076293945,21.09000015258789,0.11889943068673178
1999-07-31,1328.719970703125,-4.029299879074097,,,4.619999885559082,24.639999389648438,0.1062873778625624
1999-08-31,1320.4100341796875,-4.252099895477295,,,4.849999904632568,24.450000762939453,-0.4978832487142619
1999-09-30,1282.7099609375,-4.121500015258789,,,4.710000038146973,25.40999984741211,-0.28351477295147925
1999-10-31,1362.9300537109375,-4.359700059890747,,,4.960000038146973,22.200000762939453,-0.35396541313416646
1999-11-30,1388.9100341796875,-4.533700084686279,,,5.150000095367432,24.18000030517578,-0.37397024768275805
1999-12-31,1469.25,-4.526500082015991,,,5.170000076293945,24.639999389648438,-0.19394498525671938
2000-01-31,1394.4599609375,-4.863300228118897,,,5.53000020980835,24.950000762939453,-0.1859405703492748
2000-02-29,1366.4200439453125,-4.99909987449646,,,5.639999866485596,23.3700008392334,0.22386435539963007
2000-03-31,1498.5799560546875,-5.117699813842774,,,5.71999979019165,24.110000610351562,-0.19275350769546729
2000-04-30,1452.4300537109375,-5.028600072860717,,,5.650000095367432,26.200000762939453,-0.24339741722534222
2000-05-31,1420.5999755859375,-4.861499786376953,,,5.489999771118164,23.649999618530273,-0.19545012374996024
2000-06-30,1454.5999755859375,-5.098199796676636,,,5.699999809265137,19.540000915527344,-0.30650436838003503
2000-07-31,1430.8299560546875,-5.4171000003814695,,,6.019999980926514,20.739999771118164,-0.2845665693894383
2000-08-31,1517.6800537109375,-5.537100124359131,33.099998474121094,0.8849999904632568,6.110000133514404,16.84000015258789,-0.36514169615649494
2000-09-30,1436.510009765625,-5.452200222015381,30.860000610351562,0.9154999852180481,6.03000020980835,20.56999969482422,-0.4057016215822839
2000-10-31,1429.4000244140625,-5.574300098419189,32.689998626708984,0.8464999794960022,6.150000095367432,23.6299991607666,-0.4956936447888717
2000-11-30,1314.949951171875,-5.466100215911865,33.79999923706055,0.8410000205039978,6.010000228881836,29.649999618530273,-0.29161701114736616
2000-12-31,1320.280029296875,-5.219000005722046,26.799999237060547,0.8464999794960022,5.730000019073486,26.850000381469727,-0.5390181262098235
2001-01-31,1366.010009765625,-4.3221001625061035,28.700000762939453,0.8485000133514404,4.840000152587891,22.020000457763672,-0.3798839917371877
2001-02-28,1239.93994140625,-4.22919979095459,27.420000076293945,0.8100000023841858,4.71999979019165,28.350000381469727,-0.24620252526330066
2001-03-31,1160.3299560546875,-3.6884998321533202,26.399999618530273,0.7584999799728394,4.179999828338623,28.639999389648438,-0.06036693302219615
2001-04-30,1249.4599609375,-3.2961999416351317,28.459999084472656,0.7664999961853027,3.8299999237060547,25.479999542236328,0.3296858359663664
2001-05-31,1255.8199462890625,-2.998699951171875,28.3700008392334,0.7519999742507935,3.5399999618530273,22.639999389648438,0.3577569898202983
2001-06-30,1224.3800048828125,-3.0209999561309813,26.25,0.7045000195503235,3.559999942779541,19.059999465942383,0.427433879077015
2001-07-31,1211.22998046875,-2.936300039291382,26.350000381469727,0.6779999732971191,3.440000057220459,21.6200008392334,0.3981931664127312
2001-08-31,1133.5799560546875,-2.7983999729156492,27.200000762939453,0.6784999966621399,3.2799999713897705,24.920000076293945,0.6247788800525006
2001-09-30,1040.93994140625,-1.8424999713897705,23.43000030517578,0.6460000276565552,2.299999952316284,31.93000030517578,0.6933079288379999
2001-10-31,1059.780029296875,-1.5836999893188477,21.18000030517578,0.621999979019165,2.009999990463257,33.560001373291016,0.5866226265782005
2001-11-30,1139.449951171875,-1.2556000232696534,19.440000534057617,0.722000002861023,1.7300000190734863,23.84000015258789,0.669983102389575
2001-12-31,1148.0799560546875,-1.1667999505996705,19.84000015258789,0.652999997138977,1.6699999570846558,23.799999237060547,0.7184485605553568
2002-01-31,1130.199951171875,-1.2175000190734864,19.479999542236328,0.7304999828338623,1.7200000286102295,21.09000015258789,0.7225633429859741
2002-02-28,1106.72998046875,-1.2341000080108642,21.850000381469727,0.7139999866485596,1.7200000286102295,21.59000015258789,0.6946785549911113
2002-03-31,1147.3900146484375,-1.199399995803833,26.229999542236328,0.7605000138282776,1.7400000095367432,17.399999618530273,0.7485478010456676
2002-04-30,1076.9200439453125,-1.220900011062622,27.290000915527344,0.7325000166893005,1.7300000190734863,21.90999984741211,0.7293700105312355
2002-05-31,1067.1400146484375,-1.2007000207901002,25.350000381469727,0.7615000009536743,1.7050000429153442,19.979999542236328,0.7256751397880935
2002-06-30,989.8200073242188,-1.1766000509262085,26.860000610351562,0.7674999833106995,1.659000039100647,25.399999618530273,0.7308668247859796
2002-07-31,911.6199951171875,-1.2184999465942383,27.020000457763672,0.6775000095367432,1.6649999618530273,32.029998779296875,0.8037337068007924
2002-08-31,916.0700073242188,-1.2312999725341798,28.979999542236328,0.6869999766349792,1.6449999809265137,32.63999938964844,0.7260943705772986
2002-09-30,815.280029296875,-1.1662999391555786,30.469999313354492,0.6600000262260437,1.5269999504089355,39.689998626708984,0.7795715204167174
2002-10-31,885.760009765625,-1.0259000539779664,27.219999313354492,0.7139999866485596,1.4170000553131104,31.139999389648438,0.8601632021618759
2002-11-30,936.3099975585938,-0.7807000398635864,26.889999389648438,0.7494999766349792,1.2020000219345093,27.5,0.8440904395703601
2002-12-31,879.8200073242188,-0.8002000331878663,31.200000762939453,0.6970000267028809,1.1820000410079956,28.6200008392334,0.8618586093449395
2003-01-31,855.7000122070312,-0.7505000114440918,33.5099983215332,0.7914999723434448,1.1480000019073486,31.170000076293945,0.8330076534314206
2003-02-28,841.1500244140625,-0.8053999423980713,36.599998474121094,0.7749999761581421,1.1749999523162842,29.6299991607666,0.8200004375665769
2003-03-31,848.1799926757812,-0.7077000379562378,31.040000915527344,0.7124999761581421,1.090000033378601,29.149999618530273,0.8355163873066378
2003-04-30,916.9199829101562,-0.7152999401092529,25.799999237060547,0.7250000238418579,1.1009999513626099,21.209999084472656,0.7965413875716412
2003-05-31,963.5900268554688,-0.7500000476837159,29.559999465942383,0.7799999713897705,1.0850000381469727,19.469999313354492,0.608477260325631
2003-06-30,974.5,-0.4851999878883362,30.190000534057617,0.7480000257492065,0.8379999995231628,19.520000457763672,0.6061534608329713
2003-07-31,990.3099975585938,-0.47959998846054075,30.540000915527344,0.8180000185966492,0.9269999861717224,19.489999771118164,0.441127707733948
2003-08-31,1008.010009765625,-0.5145999789237976,31.56999969482422,0.8029999732971191,0.9599999785423279,18.6299991607666,0.44739302009551185
2003-09-30,995.969970703125,-0.5322999954223633,29.200000762939453,0.8130000233650208,0.9259999990463257,22.719999313354492,0.31058172450627186
2003-10-31,1050.7099609375,-0.5018999695777893,29.110000610351562,0.9369999766349792,0.9319999814033508,16.100000381469727,0.30163051451306644
2003-11-30,1058.199951171875,-0.4759999752044678,30.40999984741211,0.9070000052452087,0.9079999923706055,16.31999969482422,0.25447162701677595
2003-12-31,1111.9200439453125,-0.48130000829696656,32.52000045776367,1.0429999828338623,0.9070000052452087,18.309999465942383,0.06851150611488205
2004-01-31,1131.1300048828125,-0.4832000136375427,33.04999923706055,1.1430000066757202,0.8970000147819519,16.6299991607666,0.13366596544540235
2004-02-29,1144.93994140625,-0.528599989414215,36.15999984741211,1.343000054359436,0.9269999861717224,14.550000190734863,0.058337343773357836
2004-03-31,1126.2099609375,-0.5392999887466431,35.7599983215332,1.3585000038146973,0.9229999780654907,16.739999771118164,0.12276928999833245
2004-04-30,1107.300048828125,-0.501900029182434,37.380001068115234,1.2094999551773071,0.9520000219345093,17.190000534057617,-0.07314200684760142
2004-05-31,1120.6800537109375,-0.5865000247955322,39.880001068115234,1.277999997138977,1.0520000457763672,15.5,0.12680197200874094
2004-06-30,1140.8399658203125,-0.8412999629974365,37.04999923706055,1.2050000429153442,1.3029999732971191,14.34000015258789,0.12086782315635809
2004-07-31,1101.719970703125,-0.9644999504089355,43.79999923706055,1.3079999685287476,1.4119999408721924,15.319999694824219,0.18808315715367652
2004-08-31,1104.239990234375,-1.1547999620437621,42.119998931884766,1.281000018119812,1.5679999589920044,15.289999961853027,0.20243878789293512
2004-09-30,1114.5799560546875,-1.2621000289916993,49.63999938964844,1.399999976158142,1.6740000247955322,13.34000015258789,0.10038900043042617
2004-10-31,1130.199951171875,-1.4641000032424927,51.7599983215332,1.347499966621399,1.8669999837875366,16.270000457763672,-0.1739432757779281
2004-11-30,1173.8199462890625,-1.746199941635132,49.130001068115234,1.4429999589920044,2.181999921798706,13.239999771118164,0.005214136253125927
2004-12-31,1211.9200439453125,-1.7603999137878419,43.45000076293945,1.4869999885559082,2.181999921798706,13.289999961853027,-0.006592253230496811
2005-01-31,1181.27001953125,-2.0086999416351317,48.20000076293945,1.4630000591278076,2.421999931335449,12.819999694824219,0.05177861269227522
2005-02-28,1203.5999755859375,-2.254100036621094,51.75,1.5,2.690000057220459,12.079999923706055,0.11604283662908361
2005-03-31,1180.5899658203125,-2.27239990234375,55.400001525878906,1.5089999437332153,2.7219998836517334,14.020000457763672,0.026688769169311028
2005-04-30,1156.8499755859375,-2.416899871826172,49.720001220703125,1.4980000257492065,2.8369998931884766,15.3100004196167,0.4341758889400655
2005-05-31,1191.5,-2.481399965286255,51.970001220703125,1.5049999952316284,2.881999969482422,13.289999961853027,0.3217765092547654
2005-06-30,1191.3299560546875,-2.665499949455261,56.5,1.5535000562667847,3.059999942779541,12.039999961853027,0.32198346854006044
2005-07-31,1234.1800537109375,-2.9034000396728517,60.56999969482422,1.6875,3.3320000171661377,11.569999694824219,0.41957632304447234
2005-08-31,1220.3299560546875,-3.028000068664551,68.94000244140625,1.6950000524520874,3.430000066757202,12.600000381469727,0.4747904135305483
2005-09-30,1228.81005859375,-3.0372000217437742,66.23999786376953,1.8014999628067017,3.4700000286102295,11.920000076293945,0.430517105572917
2005-10-31,1207.010009765625,-3.3491000652313234,59.7599983215332,1.8960000276565552,3.805000066757202,15.319999694824219,0.3399385280398711
2005-11-30,1249.47998046875,-3.407000112533569,57.31999969482422,2.075000047683716,3.8570001125335693,12.0600004196167,0.16160281776370658
2005-12-31,1248.2900390625,-3.545499897003174,61.040000915527344,2.1614999771118164,3.984999895095825,12.069999694824219,0.2640357074405184
2006-01-31,1280.0799560546875,-3.9172998905181884,67.91999816894531,2.2355000972747803,4.369999885559082,12.949999809265137,0.25756198986955264
2006-02-28,1280.6600341796875,-4.052299976348877,61.40999984741211,2.185499906539917,4.506999969482422,12.34000015258789,0.22067274864238146
2006-03-31,1294.8699951171875,-4.029699850082397,66.62999725341797,2.48799991607666,4.514999866485596,11.390000343322754,0.306138264846964
2006-04-30,1310.6099853515625,-4.143100118637085,71.87999725341797,3.3355000019073486,4.650000095367432,11.59000015258789,0.13772317671414255
2006-05-31,1270.0899658203125,-4.203700160980224,71.29000091552734,3.7165000438690186,4.715000152587891,16.440000534057617,0.3066645823574001
2006-06-30,1270.199951171875,-4.3462001323699955,73.9800033569336,3.4625000953674316,4.860000133514404,13.079999923706055,0.30234488665567893
2006-07-31,1276.6600341796875,-4.436199951171875,74.4000015258789,3.609999895095825,4.934999942779541,14.949999809265137,0.11645629893994534
2006-08-31,1303.8199462890625,-4.43180022239685,70.26000213623047,3.4690001010894775,4.90500020980835,12.3100004196167,-0.1694947557060536
2006-09-30,1335.8499755859375,-4.2967002391815186,62.90999984741211,3.4590001106262207,4.760000228881836,11.979999542236328,-0.25143854977608227
2006-10-31,1377.93994140625,-4.4794000625610355,58.72999954223633,3.3359999656677246,4.940000057220459,11.100000381469727,-0.1250744399915001
2006-11-30,1400.6300048828125,-4.444199848175049,63.130001068115234,3.1714999675750732,4.889999866485596,10.90999984741211,-0.11270442513617969
2006-12-31,1418.300048828125,-4.414000225067139,61.04999923706055,2.8540000915527344,4.885000228881836,11.5600004196167,-0.13039257778227578
2007-01-31,1438.239990234375,-4.492399883270264,58.13999938964844,2.5834999084472656,4.974999904632568,10.420000076293945,-0.1779951147334647
2007-02-28,1406.8199462890625,-4.539999866485596,61.790000915527344,2.7330000400543213,4.994999885559082,15.420000076293945,0.09120906797171514
2007-03-31,1420.8599853515625,-4.430200004577637,65.87000274658203,3.1435000896453857,4.894999980926514,14.640000343322754,0.08043701766362883
2007-04-30,1482.3699951171875,-4.261999893188476,65.70999908447266,3.5415000915527344,4.724999904632568,14.220000267028809,0.06586328983100843
2007-05-31,1530.6199951171875,-4.101000165939331,64.01000213623047,3.3935000896453857,4.590000152587891,13.050000190734863,0.3319250747139331
2007-06-30,1503.3499755859375,-4.166700077056885,70.68000030517578,3.4535000324249268,4.670000076293945,16.229999542236328,0.1679924612740452
2007-07-31,1455.27001953125,-4.332899951934815,78.20999908447266,3.6535000801086426,4.809999942779541,23.520000457763672,0.3327345458989257
2007-08-31,1473.989990234375,-3.536299991607666,74.04000091552734,3.4110000133514404,3.990000009536743,23.3799991607666,0.38180691317067417
2007-09-30,1526.75,-3.2421000480651854,81.66000366210938,3.630500078201294,3.700000047683716,18.0,0.4207278306740806
2007-10-31,1549.3800048828125,-3.372499942779541,94.52999877929688,3.4679999351501465,3.819999933242798,18.530000686645508,0.4305762374759491
2007-11-30,1481.1400146484375,-2.6727999448776245,88.70999908447266,3.1570000648498535,3.069999933242798,22.8700008392334,0.6451475803690512
2007-12-31,1468.3599853515625,-2.736500120162964,95.9800033569336,3.0304999351501465,3.140000104904175,22.5,0.6281132244402307
2008-01-31,1378.550048828125,-1.5061000108718872,91.75,3.2894999980926514,1.8700000047683716,26.200000762939453,0.6953827265185577
2008-02-29,1330.6300048828125,-1.4315999746322632,101.83999633789062,3.8519999980926514,1.784999966621399,26.540000915527344,0.6629488291667083
2008-03-31,1322.699951171875,-0.9317999839782715,101.58000183105469,3.8635001182556152,1.274999976158142,25.610000610351562,0.6567978350097808
2008-04-30,1385.5899658203125,-0.9641000270843506,113.45999908447266,3.934000015258789,1.340000033378601,20.790000915527344,0.7575761663140795
2008-05-31,1400.3800048828125,-1.445400023460388,127.3499984741211,3.628000020980835,1.850000023841858,17.829999923706055,0.7113405051551056
2008-06-30,1280.0,-1.307100033760071,140.0,3.8954999446868896,1.7050000429153442,23.950000762939453,0.6124468483227866
2008-07-31,1267.3800048828125,-1.2370999813079835,124.08000183105469,3.7165000438690186,1.6349999904632568,22.940000534057617,0.5987099533899908
2008-08-31,1282.8299560546875,-1.3087000608444215,115.45999908447266,3.429500102996826,1.690000057220459,20.649999618530273,0.6242961451004029
2008-09-30,1166.3599853515625,-0.5172999858856201,100.63999938964844,2.888000011444092,0.8999999761581421,39.38999938964844,0.4808693001575003
2008-10-31,968.75,-0.03799999952316285,67.80999755859375,1.843999981880188,0.4350000023841858,59.88999938964844,0.18041424462589145
2008-11-30,896.239990234375,0.2757000021636486,54.43000030517578,1.6234999895095825,0.019999999552965164,55.279998779296875,0.2629707639810126
2008-12-31,903.25,0.10939999371767045,44.599998474121094,1.3949999809265137,0.11500000208616257,40.0,0.10622758457710946
2009-01-31,825.8800048828125,0.06440001130104067,41.68000030517578,1.4620000123977661,0.2199999988079071,44.84000015258789,-0.039574134642300335
2009-02-28,735.0900268554688,0.05409998893737794,44.7599983215332,1.5260000228881836,0.25,46.349998474121094,-0.08862430188450635
2009-03-31,797.8699951171875,0.06849999129772188,49.65999984741211,1.8389999866485596,0.20000000298023224,44.13999938964844,-0.175005488847749
2009-04-30,872.8099975585938,0.18740000724792483,51.119998931884766,2.052999973297119,0.125,36.5,-0.07976514340804913
2009-05-31,919.1400146484375,0.21649999618530275,66.30999755859375,2.197499990463257,0.12999999523162842,28.920000076293945,-0.032037342062519826
2009-06-30,919.3200073242188,0.1722999930381775,69.88999938964844,2.257999897003174,0.18000000715255737,26.350000381469727,-0.029169492824479403
2009-07-31,987.47998046875,0.17509999573230745,69.44999694824219,2.616499900817871,0.17499999701976776,25.920000076293945,-0.02492568635302389
2009-08-31,1020.6199951171875,0.21010000705718995,69.95999908447266,2.808000087738037,0.12999999523162842,26.010000228881836,-0.02358386072055105
2009-09-30,1057.0799560546875,0.21569999009370805,70.61000061035156,2.809000015258789,0.11500000208616257,25.610000610351562,-0.020227558728922637
2009-10-31,1036.18994140625,0.2941999942064285,77.0,2.947499990463257,0.04500000178813934,30.690000534057617,0.05896767161260552
2009-11-30,1095.6300048828125,0.2700999967753887,77.27999877929688,3.1484999656677246,0.05000000074505806,24.510000228881836,-0.2969293864129829
2009-12-31,1115.0999755859375,0.3342999927699566,79.36000061035156,3.327500104904175,0.05000000074505806,21.68000030517578,-0.3799124773811006
2010-01-31,1073.8699951171875,0.2908999964594841,72.88999938964844,3.0460000038146973,0.07000000029802322,24.6200008392334,-0.06204681801471207
2010-02-28,1104.489990234375,0.2445000007748604,79.66000366210938,3.2685000896453857,0.11500000208616257,19.5,0.061936914436878016
2010-03-31,1169.4300537109375,0.23329998850822448,83.76000213623047,3.5460000038146973,0.15000000596046448,17.59000015258789,0.30267545648369343
2010-04-30,1186.68994140625,0.21130000948905947,86.1500015258789,3.3375000953674316,0.1550000011920929,22.049999237060547,0.1507191960331075
2010-05-31,1089.4100341796875,0.18010000586509706,73.97000122070312,3.0969998836517334,0.15000000596046448,32.06999969482422,0.3323043741400861
2010-06-30,1030.7099609375,0.12509999573230746,75.62999725341797,2.936000108718872,0.17000000178813934,34.540000915527344,0.4379050453557341
2010-07-31,1101.5999755859375,0.1507000058889389,78.94999694824219,3.306999921798706,0.14000000059604645,23.5,0.43393907991117514
2010-08-31,1049.3299560546875,0.1126999944448471,71.91999816894531,3.3610000610351562,0.13500000536441803,26.049999237060547,0.5139666944112912
2010-09-30,1141.199951171875,0.09669999480247499,79.97000122070312,3.6459999084472656,0.1550000011920929,23.700000762939453,0.5183687217701106
2010-10-31,1183.260009765625,0.15119999945163726,81.43000030517578,3.7320001125335693,0.10999999940395355,21.200000762939453,0.567418335291802
2010-11-30,1180.550048828125,0.11969999670982362,84.11000061035156,3.822999954223633,0.1599999964237213,23.540000915527344,0.5975020006360034
2010-12-31,1257.6400146484375,0.21550000458955765,91.37999725341797,4.439499855041504,0.11500000208616257,17.75,0.7677960486057652
2011-01-31,1286.1199951171875,0.1928000062704086,92.19000244140625,4.451000213623047,0.14499999582767487,19.530000686645508,0.7540868721003633
2011-02-28,1327.219970703125,0.2063999980688095,96.97000122070312,4.478000164031982,0.13500000536441803,18.350000381469727,0.7564838928465184
2011-03-31,1325.8299560546875,0.2553999960422516,106.72000122070312,4.300000190734863,0.09000000357627869,17.739999771118164,0.727075429765614
2011-04-30,1363.6099853515625,0.2896000012755394,113.93000030517578,4.165500164031982,0.03999999910593033,14.75,0.714240951984817
2011-05-31,1345.199951171875,0.2649999961256981,102.69999694824219,4.173500061035156,0.03999999910593033,15.449999809265137,0.6692988656660951
2011-06-30,1320.6400146484375,0.30079999957233666,95.41999816894531,4.271999835968018,0.014999999664723873,16.520000457763672,0.5130583590079716
2011-07-31,1292.280029296875,0.19050000309944154,95.69999694824219,4.473999977111816,0.09000000357627869,25.25,0.6324918748515842
2011-08-31,1218.8900146484375,0.20679999385029077,88.80999755859375,4.186999797821045,0.014999999664723873,31.6200008392334,0.6734781570085454
2011-09-30,1131.4200439453125,0.18240000270307064,79.19999694824219,3.1449999809265137,0.009999999776482582,42.959999084472656,0.7698370741149945
2011-10-31,1253.300048828125,0.21249999534338712,93.19000244140625,3.628999948501587,0.004999999888241291,29.959999084472656,0.7523615725135318
2011-11-30,1246.9599609375,0.19180000815540552,100.36000061035156,3.562999963760376,0.014999999664723873,27.799999237060547,0.7873302720940414
2011-12-31,1257.5999755859375,0.18210000526160003,98.83000183105469,3.43149995803833,0.004999999888241291,23.399999618530273,0.7485615752553124
2012-01-31,1312.4100341796875,0.12490000277757646,98.4800033569336,3.7874999046325684,0.054999999701976776,19.440000534057617,0.7355351430652728
2012-02-29,1365.6800537109375,0.1226999968290329,107.06999969482422,3.870500087738037,0.07500000298023224,18.43000030517578,0.741299311120107
2012-03-31,1408.469970703125,0.15660001039505006,103.0199966430664,3.8239998817443848,0.06499999761581421,15.5,0.753843083187054
2012-04-30,1397.9100341796875,0.10149999260902404,104.87000274658203,3.8334999084472656,0.09000000357627869,17.149999618530273,0.7677693681094679
2012-05-31,1310.3299560546875,0.09809999838471412,86.52999877929688,3.362499952316284,0.05999999865889549,24.059999465942383,0.7795791072310901
2012-06-30,1362.1600341796875,0.08590000569820405,84.95999908447266,3.490000009536743,0.07999999821186066,17.079999923706055,0.8514383763811604
2012-07-31,1379.3199462890625,0.04919999688863755,88.05999755859375,3.4195001125335693,0.10000000149011612,18.93000030517578,0.8463617346859011
2012-08-31,1406.5799560546875,0.07120000272989274,96.47000122070312,3.4539999961853027,0.08500000089406967,17.469999313354492,0.8229151141500087
2012-09-30,1440.6700439453125,0.07369999289512635,92.19000244140625,3.7730000019073486,0.09000000357627869,15.729999542236328,0.7992949046115257
2012-10-31,1412.1600341796875,0.06360000222921372,86.23999786376953,3.5269999504089355,0.10499999672174454,18.600000381469727,0.673068558726201
2012-11-30,1416.1800537109375,0.08559999167919158,88.91000366210938,3.629499912261963,0.07500000298023224,15.869999885559082,0.6697518712264379
2012-12-31,1426.18994140625,0.1406000040471554,91.81999969482422,3.6410000324249268,0.03500000014901161,18.020000457763672,0.650880601139049
2013-01-31,1498.1099853515625,0.13350000381469726,97.48999786376953,3.7235000133514404,0.06499999761581421,14.279999732971191,0.7690257144763517
2013-02-28,1514.6800537109375,0.08879999965429305,92.05000305175781,3.5274999141693115,0.10000000149011612,15.510000228881836,0.7385183377643402
2013-03-31,1569.18994140625,0.12020000219345092,97.2300033569336,3.3949999809265137,0.06499999761581421,12.699999809265137,0.693094688791115
2013-04-30,1597.5699462890625,0.12249999344348908,93.45999908447266,3.1875,0.04500000178813934,13.520000457763672,0.6490946881207261
2013-05-31,1630.739990234375,0.1864000041037798,91.97000122070312,3.2890000343322754,0.029999999329447746,16.299999237060547,0.247981361051705
2013-06-30,1606.280029296875,0.21779999323189259,96.55999755859375,3.05049991607666,0.029999999329447746,16.860000610351562,0.02114239787898332
2013-07-31,1685.72998046875,0.2292999941855669,105.02999877929688,3.118499994277954,0.029999999329447746,13.449999809265137,0.030293245876540534
2013-08-31,1632.969970703125,0.25490000769495963,107.6500015258789,3.2249999046325684,0.019999999552965164,17.010000228881836,-0.02436405163926214
2013-09-30,1681.550048828125,0.256500001065433,102.33000183105469,3.321000099182129,0.004999999888241291,16.600000381469727,-0.08460212521150073
2013-10-31,1756.5400390625,0.221200005710125,96.37999725341797,3.2945001125335693,0.032999999821186066,13.75,-0.17694641884654147
2013-11-30,1805.81005859375,0.21909999400377272,92.72000122070312,3.2304999828338623,0.054999999701976776,13.699999809265137,-0.21419373428349886
2013-12-31,1848.3599853515625,0.23960000127553938,98.41999816894531,3.441499948501587,0.06300000101327896,13.720000267028809,-0.19054441885667922
2014-01-31,1782.5899658203125,0.25679999850690366,97.48999786376953,3.2204999923706055,0.009999999776482582,18.40999984741211,0.1102581381996938
2014-02-28,1859.449951171875,0.22279999777674675,102.58999633789062,3.2385001182556152,0.0430000014603138,14.0,0.07231160482366686
2014-03-31,1872.3399658203125,0.2443000040948391,101.58000183105469,3.0464999675750732,0.02800000086426735,13.880000114440918,0.10185982224941381
2014-04-30,1883.949951171875,0.2448000006377697,99.73999786376953,3.0295000076293945,0.019999999552965164,13.40999984741211,0.13472501757766492
2014-05-31,1923.5699462890625,0.21570000238716602,102.70999908447266,3.135999917984009,0.029999999329447746,11.399999618530273,0.08240301136724099
2014-06-30,1960.22998046875,0.2316000036895275,105.37000274658203,3.187999963760376,0.019999999552965164,11.569999694824219,0.2697321031718577
2014-07-31,1930.6700439453125,0.23760000020265581,98.16999816894531,3.2230000495910645,0.017999999225139618,16.950000762939453,0.1804921271240665
2014-08-31,2003.3699951171875,0.21629999428987504,95.95999908447266,3.134999990463257,0.017999999225139618,12.09000015258789,0.2744615720567831
2014-09-30,1972.2900390625,0.23779998943209646,91.16000366210938,3.005500078201294,0.013000000268220901,16.309999465942383,0.16976497265733423
2014-10-31,2018.050048828125,0.23050000378862023,80.54000091552734,3.061000108718872,0.003000000026077032,14.029999732971191,0.18170820860363868
2014-11-30,2067.56005859375,0.2144000006839633,66.1500015258789,2.859999895095825,0.004999999888241291,13.329999923706055,0.08206227354462178
2014-12-31,2058.89990234375,0.18000000715255737,53.27000045776367,2.8385000228881836,0.03700000047683716,19.200000762939453,-0.031746741013611024
2015-01-31,1994.989990234375,0.16249999534338713,48.2400016784668,2.5280001163482666,0.004999999888241291,20.969999313354492,0.07021298487403319
2015-02-28,2104.5,0.19220000896602868,49.7599983215332,2.7160000801086426,0.00800000037997961,13.34000015258789,0.3321498786754126
2015-03-31,2067.889892578125,0.16840000115334988,47.599998474121094,2.746999979019165,0.02500000037252903,15.289999961853027,0.32968050934729065
2015-04-30,2085.510009765625,0.19960000049322843,59.630001068115234,2.8864998817443848,0.004999999888241291,14.550000190734863,0.31908249125446003
2015-05-31,2107.389892578125,0.2065000028349459,60.29999923706055,2.759500026702881,0.003000000026077032,13.84000015258789,0.3630125610681686
2015-06-30,2063.110107421875,0.22350000403821468,59.470001220703125,2.623500108718872,0.009999999776482582,18.229999542236328,0.2026990377840103
2015-07-31,2103.840087890625,0.16249999403953552,47.119998931884766,2.367500066757202,0.057999998331069946,12.119999885559082,0.20219709310596765
2015-08-31,1972.1800537109375,0.21700000474229456,49.20000076293945,2.3380000591278076,0.003000000026077032,28.43000030517578,0.2502629836922642
2015-09-30,1920.030029296875,0.2009999943897128,45.09000015258789,2.3454999923706055,0.004999999888241291,24.5,0.32617921969163954
2015-10-31,2079.360107421875,0.1470999985933304,46.59000015258789,2.313499927520752,0.06800000369548798,15.069999694824219,0.40301339846733447
2015-11-30,2080.409912109375,0.0517999917268753,41.650001525878906,2.0445001125335693,0.17000000178813934,16.1299991607666,0.4463088389715908
2015-12-31,2043.93994140625,0.07890000343322753,37.040000915527344,2.125499963760376,0.14800000190734863,18.209999084472656,0.4309461864972135
2016-01-31,1940.239990234375,-0.10690001249313355,33.619998931884766,2.063999891281128,0.30000001192092896,20.200000762939453,0.5138511524270372
2016-02-29,1932.22998046875,-0.13399999737739562,33.75,2.128499984741211,0.30799999833106995,20.549999237060547,0.3405496325336444
2016-03-31,2059.739990234375,-0.014400002360343944,38.34000015258789,2.18149995803833,0.19300000369548798,13.949999809265137,0.347065264772422
2016-04-30,2065.300048828125,-0.01110000312328338,45.91999816894531,2.2790000438690186,0.19300000369548798,15.699999809265137,0.3436937419048854
2016-05-31,2096.949951171875,-0.09959999322891236,49.099998474121094,2.0975000858306885,0.28299999237060547,14.1899995803833,0.34247771580021164
2016-06-30,2098.860107421875,-0.0991999924182892,48.33000183105469,2.194499969482422,0.24799999594688416,15.630000114440918,0.43239859491616767
2016-07-31,2173.60009765625,-0.094200000166893,41.599998474121094,2.2204999923706055,0.23999999463558197,11.869999885559082,0.4571401371482355
2016-08-31,2170.949951171875,-0.1631999969482422,44.70000076293945,2.069499969482422,0.3199999928474426,13.420000076293945,0.5338067203719676
2016-09-30,2168.27001953125,-0.09919998645782471,48.2400016784668,2.2019999027252197,0.25999999046325684,13.289999961853027,0.4890770871150701
2016-10-31,2126.14990234375,-0.11159998774528504,46.86000061035156,2.200500011444092,0.29499998688697815,17.059999465942383,0.2738516990132024
2016-11-30,2198.81005859375,-0.23119999170303346,49.439998626708984,2.621500015258789,0.46799999475479126,13.329999923706055,0.40363520100030564
2016-12-31,2238.830078125,-0.23539997935295104,53.720001220703125,2.497499942779541,0.47999998927116394,14.039999961853027,0.43325273875322406
2017-01-31,2278.8701171875,-0.25490000247955324,52.810001373291016,2.7214999198913574,0.5,11.989999771118164,0.20148495756953938
2017-02-28,2363.639892578125,-0.2871999979019165,54.0099983215332,2.7039999961853027,0.5230000019073486,12.920000076293945,0.05930326151303789
2017-03-31,2362.719970703125,-0.4983999848365784,50.599998474121094,2.6465001106262207,0.7379999756813049,12.369999885559082,0.08899476142519548
2017-04-30,2384.199951171875,-0.5517999649047851,49.33000183105469,2.5964999198913574,0.7799999713897705,10.819999694824219,0.09603016064589726
2017-05-31,2411.800048828125,-0.7303999781608581,48.31999969482422,2.5769999027252197,0.949999988079071,10.40999984741211,0.09767477201496887
2017-06-30,2423.409912109375,-0.7627999663352967,46.040000915527344,2.6989998817443848,0.9929999709129333,11.180000305175781,-0.023802934974551392
2017-07-31,2470.300048828125,-0.8237999677658081,50.16999816894531,2.888000011444092,1.0529999732971191,10.260000228881836,0.0311437052112333
2017-08-31,2471.64990234375,-0.7658999800682068,47.22999954223633,3.0789999961853027,0.9779999852180481,10.59000015258789,0.12110105894146621
2017-09-30,2519.360107421875,-0.7953999996185303,51.66999816894531,2.9375,1.027999997138977,9.510000228881836,0.14952579987564915
2017-10-31,2575.260009765625,-0.8854000329971313,54.380001068115234,3.0920000076293945,1.1230000257492065,10.180000305175781,0.44318769197154234
2017-11-30,2647.580078125,-0.9963000297546387,57.400001525878906,3.0369999408721924,1.2380000352859497,11.279999732971191,0.1294549606068992
2017-12-31,2673.610107421875,-1.1145000219345094,60.41999816894531,3.2795000076293945,1.3550000190734863,11.039999961853027,0.11926919553475437
2018-01-31,2823.81005859375,-1.1579999446868896,64.7300033569336,3.184000015258789,1.4299999475479126,13.539999961853027,0.5466478663847584
2018-02-28,2713.830078125,-1.3312000274658202,61.63999938964844,3.1075000762939453,1.6180000305175781,19.850000381469727,0.3048300982225817
2018-03-31,2640.8701171875,-1.3958999633789062,64.94000244140625,3.0190000534057617,1.6699999570846558,19.969999313354492,0.4131482615029271
2018-04-30,2648.050048828125,-1.4694000005722045,68.56999969482422,3.052500009536743,1.7630000114440918,15.930000305175781,0.38587287601235165
2018-05-31,2705.27001953125,-1.5878000020980836,67.04000091552734,3.058000087738037,1.8700000047683716,15.430000305175781,0.332361191488283
2018-06-30,2718.3701171875,-1.5950999975204467,74.1500015258789,2.9509999752044678,1.8799999952316284,16.09000015258789,0.3441984451370831
2018-07-31,2816.2900390625,-1.6886000156402587,68.76000213623047,2.819000005722046,1.9850000143051147,12.829999923706055,0.38171089468048636
2018-08-31,2901.52001953125,-1.7697000741958617,69.80000305175781,2.6489999294281006,2.055000066757202,12.859999656677246,0.2555821381521678
2018-09-30,2913.97998046875,-1.8444000959396363,73.25,2.7869999408721924,2.1500000953674316,12.119999885559082,0.20234755712782662
2018-10-31,2711.739990234375,-1.962100124359131,65.30999755859375,2.6635000705718994,2.2780001163482666,21.229999542236328,0.09700679326766687
2018-11-30,2760.169921875,-2.0067000865936278,50.93000030517578,2.7774999141693115,2.308000087738037,18.06999969482422,0.05011850005483182
2018-12-31,2506.85009765625,-2.031399941444397,45.40999984741211,2.628000020980835,2.299999952316284,25.420000076293945,0.40229075529481834
2019-01-31,2704.10009765625,-2.076499915122986,53.790000915527344,2.7890000343322754,2.3399999141693115,16.56999969482422,0.1580220613695591
2019-02-28,2784.489990234375,-2.111899900436401,57.220001220703125,2.950000047683716,2.382999897003174,14.779999732971191,0.27188867288017154
2019-03-31,2834.39990234375,-2.0866000652313232,60.13999938964844,2.936000108718872,2.328000068664551,13.710000038146973,0.17116856430531546
2019-04-30,2945.830078125,-2.1171000242233275,63.90999984741211,2.9014999866485596,2.368000030517578,13.119999885559082,0.23738156979557634
2019-05-31,2752.06005859375,-2.0787999868392943,53.5,2.6459999084472656,2.2929999828338623,18.709999084472656,0.4104532320683726
2019-06-30,2941.760009765625,-1.8350000858306885,58.470001220703125,2.7054998874664307,2.0350000858306885,15.079999923706055,0.3429052893965378
2019-07-31,2980.3798828125,-1.827899980545044,58.58000183105469,2.6579999923706055,2.0299999713897705,16.1200008392334,0.3147753750595185
2019-08-31,2926.4599609375,-1.7823999643325805,55.099998474121094,2.5329999923706055,1.9329999685287476,18.979999542236328,0.33379511268285217
2019-09-30,2976.739990234375,-1.6024999856948852,54.06999969482422,2.564500093460083,1.7699999809265137,16.239999771118164,0.3662925099155494
2019-10-31,3037.56005859375,-1.3289000272750855,54.18000030517578,2.632999897003174,1.4980000257492065,13.220000267028809,0.5772843564872764
2019-11-30,3140.97998046875,-1.362399959564209,55.16999816894531,2.6419999599456787,1.5399999618530273,12.619999885559082,0.5907050196509809
2019-12-31,3230.780029296875,-1.313099992275238,61.060001373291016,2.7939999103546143,1.5049999952316284,13.779999732971191,0.5262054779470597
2020-01-31,3225.52001953125,-1.3579999923706054,51.560001373291016,2.5199999809265137,1.5099999904632568,18.84000015258789,0.5966619000584169
2020-02-29,2954.219970703125,-1.117300021648407,44.7599983215332,2.5460000038146973,1.2300000190734863,40.11000061035156,0.6353933808220146
2020-03-31,2584.590087890625,0.03980000205338001,20.479999542236328,2.240000009536743,0.029999999329447746,53.540000915527344,0.7033007426880027
2020-04-30,2912.429931640625,-0.02780000567436218,18.84000015258789,2.3540000915527344,0.09000000357627869,34.150001525878906,0.6109523749482478
2020-05-31,3044.31005859375,-0.0632000058889389,35.4900016784668,2.426500082015991,0.12800000607967377,27.510000228881836,0.590324267590604
2020-06-30,3100.2900390625,-0.06970000565052033,39.27000045776367,2.7135000228881836,0.13500000536441803,30.43000030517578,0.6226341307646766
2020-07-31,3271.1201171875,-0.02939999550580978,40.27000045776367,2.8589999675750732,0.08299999684095383,24.459999084472656,0.6127072138016434
2020-08-31,3500.31005859375,-0.025699996948242182,42.61000061035156,3.0409998893737793,0.0949999988079071,26.40999984741211,0.6640123723499166
2020-09-30,3363.0,-0.01730000227689743,40.220001220703125,3.0285000801086426,0.08500000089406967,26.3700008392334,0.6569949518866435
2020-10-31,3269.9599609375,0.0030000045895576533,35.790000915527344,3.0434999465942383,0.08299999684095383,38.02000045776367,0.5490613274326476
2020-11-30,3621.6298828125,0.00939999520778656,45.34000015258789,3.4205000400543213,0.07500000298023224,20.56999969482422,0.5297805132364529
2020-12-31,3756.070068359375,0.026700001955032346,48.52000045776367,3.5139999389648438,0.06499999761581421,22.75,0.5442752393947263
2021-01-31,3714.239990234375,0.06130000501871109,52.20000076293945,3.573499917984009,0.04800000041723251,33.09000015258789,0.5073586070342931
2021-02-28,3811.14990234375,0.11100000366568566,61.5,4.0945000648498535,0.03500000014901161,27.950000762939453,0.3123700546119494
2021-03-31,3972.889892578125,0.1616000048816204,59.15999984741211,4.002999782562256,0.013000000268220901,19.399999618530273,-0.331846011676877
2021-04-30,4181.169921875,0.16010000417008996,63.58000183105469,4.479000091552734,0.003000000026077032,18.610000610351562,-0.22300548062730494
2021-05-31,4204.10986328125,0.15009999666363,66.31999969482422,4.682499885559082,0.00800000037997961,16.760000228881836,-0.15942724629410937
2021-06-30,4297.5,0.10429999679327012,73.47000122070312,4.296500205993652,0.03999999910593033,15.829999923706055,-0.1412776102479747
2021-07-31,4395.259765625,0.08389999717473984,73.94999694824219,4.480500221252441,0.03999999910593033,18.239999771118164,-0.05911607111184477
2021-08-31,4522.68017578125,0.09040000289678574,68.5,4.360000133514404,0.03999999910593033,16.479999542236328,-0.12622450617148606
2021-09-30,4307.5400390625,0.1249000035226345,75.02999877929688,4.090000152587891,0.02800000086426735,23.139999389648438,-0.32148710048416235
2021-10-31,4605.3798828125,0.10770000368356705,83.56999969482422,4.375500202178955,0.04800000041723251,16.260000228881836,-0.2742427480346428
2021-11-30,4567.0,0.09629999548196794,66.18000030517578,4.2779998779296875,0.04800000041723251,27.190000534057617,-0.1487866498812266
2021-12-31,4766.18017578125,0.11819999665021896,75.20999908447266,4.454999923706055,0.032999999821186066,17.219999313354492,-0.1461803938763215
2022-01-31,4515.5498046875,0.005200001597404469,88.1500015258789,4.317999839782715,0.17299999296665192,24.829999923706055,-0.269835913380034
2022-02-28,4373.93994140625,-0.10409998893737793,95.72000122070312,4.444499969482422,0.2879999876022339,30.149999618530273,-0.35460963771709186
2022-03-31,4530.41015625,-0.26030001044273376,100.27999877929688,4.743000030517578,0.49300000071525574,20.559999465942383,-0.2584327620441339
2022-04-30,4131.93017578125,-0.5193000197410583,104.69000244140625,4.394999980926514,0.8080000281333923,33.400001525878906,-0.47968604268683196
2022-05-31,4132.14990234375,-0.7455999612808227,114.66999816894531,4.295000076293945,1.0299999713897705,26.190000534057617,-0.4739098262800656
2022-06-30,3785.3798828125,-1.3028000354766847,105.76000213623047,3.7144999504089355,1.600000023841858,28.709999084472656,-0.4039470271538701
2022-07-31,4130.2900390625,-2.0338001012802125,98.62000274658203,3.5840001106262207,2.2980000972747803,21.329999923706055,-0.5456812025489581
2022-08-31,3955.0,-2.5466999053955077,89.55000305175781,3.5185000896453857,2.859999895095825,25.8700008392334,-0.5611310010172846
2022-09-30,3585.6201171875,-2.799600076675415,79.48999786376953,3.441999912261963,3.180000066757202,31.6200008392334,-0.6424213481086429
2022-10-31,3871.97998046875,-3.5672998905181883,86.52999877929688,3.4135000705718994,3.9749999046325684,25.8799991607666,-0.5385399359522526
2022-11-30,4080.110107421875,-3.8826997756958006,80.55000305175781,3.7295000553131104,4.252999782562256,20.579999923706055,-0.6112541459201575
2022-12-31,3839.5,-3.8721002340316772,80.26000213623047,3.805500030517578,4.260000228881836,21.670000076293945,-0.5887098946721243
2023-01-31,4076.60009765625,-4.2171001672744755,78.87000274658203,4.228499889373779,4.570000171661377,19.399999618530273,-0.6374621284228765
2023-02-28,3970.14990234375,-4.318400049209595,77.05000305175781,4.097499847412109,4.710000038146973,20.700000762939453,-0.6556316268522081
2023-03-31,4109.31005859375,-4.2356000423431395,75.66999816894531,4.104499816894531,4.585000038146973,18.700000762939453,-0.7455143484455387
2023-04-30,4169.47998046875,-4.577799868583679,76.77999877929688,3.869999885559082,4.922999858856201,15.779999732971191,-0.7056513901407352
2023-05-31,4179.830078125,-4.8843001365661625,68.08999633789062,3.63100004196167,5.248000144958496,17.940000534057617,-0.7053005754059392
2023-06-30,4450.3798828125,-4.771099877357483,70.63999938964844,3.740999937057495,5.1529998779296875,13.59000015258789,-0.7023358278976117
2023-07-31,4588.9599609375,-4.852100133895874,81.80000305175781,3.994499921798706,5.248000144958496,13.630000114440918,-0.6484123259908002
2023-08-31,4507.66015625,-4.888699865341186,83.62999725341797,3.7725000381469727,5.297999858856201,13.569999694824219,-0.6069384345965062
2023-09-30,4288.0498046875,-4.8427001953125,90.79000091552734,3.7260000705718994,5.300000190734863,17.520000457763672,-0.5085604769069634
2023-10-31,4193.7998046875,-4.832500171661377,81.0199966430664,3.6414999961853027,5.320000171661377,18.139999389648438,-0.7046982175997308
2023-11-30,4567.7998046875,-4.802799892425537,75.95999908447266,3.8289999961853027,5.23799991607666,12.920000076293945,-0.7573042162011692
2023-12-31,4769.830078125,-4.793399834632874,71.6500015258789,3.880500078201294,5.179999828338623,12.449999809265137,-0.7884725929896893
2024-01-31,4845.64990234375,-4.791300201416016,75.8499984741211,3.9024999141693115,5.188000202178955,14.350000381469727,-0.7638272846637372
2024-02-29,5096.27001953125,-4.797800064086914,78.26000213623047,3.8345000743865967,5.2230000495910645,13.399999618530273,-0.6335344783165475
2024-03-31,5254.35009765625,-4.78240008354187,83.16999816894531,4.003499984741211,5.203000068664551,13.010000228881836,-0.6570091915746485
2024-04-30,5035.68994140625,-4.776399898529053,81.93000030517578,4.564499855041504,5.244999885559082,15.649999618530273,-0.7186473638466144
2024-05-31,5277.509765625,-4.7935998916625975,76.98999786376953,4.610000133514404,5.244999885559082,12.920000076293945,-0.7291172141751535
2024-06-30,5460.47998046875,-4.778699827194214,81.54000091552734,4.390500068664551,5.2129998207092285,12.4399995803833,-0.8107532055575298
2024-07-31,5522.2998046875,-4.72410020828247,77.91000366210938,4.159999847412109,5.135000228881836,16.360000610351562,-0.7963865873094512
2024-08-31,5648.39990234375,-4.576899933815002,73.55000305175781,4.144999980926514,4.9679999351501465,15.0,-0.7919246672761245
2024-09-30,5762.47998046875,-4.11780014038086,68.16999816894531,4.495999813079834,4.498000144958496,16.729999542236328,-0.7259189297513392
2024-10-31,5705.4501953125,-4.003600168228149,69.26000213623047,4.313499927520752,4.432000160217285,23.15999984741211,-0.721570302985616
2024-11-30,6032.3798828125,-3.9552001476287844,68.0,4.08050012588501,4.373000144958496,13.510000228881836,-0.6189663524926916
2024-12-31,5881.6298828125,-3.7507001876831056,71.72000122070312,3.9860000610351562,4.208000183105469,17.350000381469727,-0.6652827383935469
2025-01-31,6040.52978515625,-3.7311002254486083,72.52999877929688,4.26200008392334,4.188000202178955,16.43000030517578,-0.6666993688167252
2025-02-28,5954.5,-3.769899845123291,69.76000213623047,4.514500141143799,4.192999839782715,19.6299991607666,-0.6351816056329119
2025-03-31,5611.85009765625,-3.7683998584747314,71.4800033569336,5.019999980926514,4.192999839782715,22.280000686645508,-0.5356897674023579
2025-04-30,5569.06005859375,-3.772300052642822,58.209999084472656,4.559999942779541,4.190000057220459,24.700000762939453,-0.3981712925421646
2025-05-31,5911.68994140625,-3.7903998851776124,60.790000915527344,4.652500152587891,4.23199987411499,18.56999969482422,-0.16518148209750688
2025-06-30,6204.9501953125,-3.7670000553131104,65.11000061035156,5.03000020980835,4.190000057220459,16.729999542236328,-0.18896417603671728
2025-07-31,6339.39013671875,-3.799000120162964,69.26000213623047,4.33050012588501,4.235000133514404,16.719999313354492,-0.1824364352365618
2025-08-31,6460.259765625,-3.6203001976013183,64.01000213623047,4.518499851226807,4.043000221252441,15.359999656677246,-0.17277443384399427
2025-09-30,6688.4599609375,-3.4302000522613527,62.369998931884766,4.804999828338623,3.8450000286102295,16.280000686645508,-0.18525228223167062
2025-10-31,6664.009765625,-3.405499815940857,56.709999084472656,5.026000022888184,3.804999828338623,18.809999465942383,-0.0520765867178337
